text,category,category_id,urgency
new friend request lisa rodriguez see post platform com content video comments inspiring disable notifications social com settings,social_media,2,low
amazon subscription suspended invoice inv ready view bit fakeprize dispute within hrshrs,spam,3,medium
service interruption resolved restaurant new features security updates install banking com statements changelog included,updates,4,low
moderator comment processed revised rules effective immediately key changes citation requirements news posts review wiki site page,forum,0,low
user spotlight member spotlight thread discussion started pixelartist settings forum com thread,forum,0,low
new message secret admirer samsung galaxy logged hrs minutes ago verify phishing site com secure account,spam,3,low
free shipping hotel stay celebrate entire purchase valid example com code flash,promotions,1,low
safety recall model restaurant new hours effective immediately oct midnight assignment confirmed manage booking service com status,updates,4,medium
reservation confirmed abc airlines new features new bug fixes install service com status changelog included,updates,4,medium
flight change new departure boarding gate changed details airline com manage,updates,4,low
clearance madness electronics loyal customer get exclusive example com offer code birthday,promotions,1,low
nearby tech conference today view profile platform com users sarah accept reject social com friends pending,social_media,2,low
new follower sarah johnson thanks sharing view social com events event reply disable social com settings,social_media,2,low
paypal used new device immediate action required subscription payment failed update payment phishing site com call support scam,spam,3,medium
paypal used new device dear winner email annual lottery click phishing site com claim hrs expire unsubscribe,spam,3,low
gaming reply python error thread discussion started codemaster settings wiki site page,forum,0,low
news groups follow college reunion photos view album platform com memories beach,social_media,2,low
selected luxury vacation immediate action required subscription payment failed update payment phishing site com call support fake,spam,3,medium
fitness studio founder membership access classes hardware lease vrfitnesslab founding members beta starting nov,promotions,1,low
crypto opportunity roi guaranteed immediate action required subscription payment failed update payment scam delivery com call support,spam,3,medium
data usage alert monthly quota new features new bug fixes install banking com statements changelog included,updates,4,high
suspicious activity facebook account immediate action required subscription payment failed update payment bit fakeprize call support fake,spam,3,medium
answered query technical support database upgrade completed successfully new features new search notifications faq support site ticket,forum,0,low
selected cruise see messaged amazon view bit fakeprize special offer membership,spam,3,low
google refund notification dear winner email annual lottery click phishing site com claim hrs expire unsubscribe,spam,3,low
policy update cookie policy changes confirm cancel company com updates payment due date building,updates,4,medium
security notice suspicious login blocked items shipped via fedex tracking estimated delivery nov track banking com statements,updates,4,high
temporary security pass use verification code device samsung galaxy location seattle,verify_code,5,low
user spotlight member spotlight thread discussion started datawiz settings forum com thread,forum,0,low
selected spa weekend apple requires immediate password update click scam delivery com failure within hrshrs causes lockout,spam,3,high
new badge awarded forum historian contributing archived thread preservations showcase forum com badges historian exclusive access historical data sets special role color activated,forum,0,low
birthday reminder friends week group tech enthusiasts live streaming join social com live conference,social_media,2,low
community announcement pool closure biometric login activated per request learn company com updates,updates,4,low
wiki edit approved gaming user techguru report forum com thread,forum,0,low
david kim liked photo sarah check emily amazing post reply social com chats hiking,social_media,2,low
reservation confirmed hotel booking confirm cancel banking com statements email building,updates,4,medium
achievement unlocked community star user datawiz posted helpful solution view wiki site page,forum,0,low
ama session science professor post per report details wiki site page,forum,0,low
airbnb host damage deposit claim property damage assessed dispute airbnb host protection resolve case,spam,3,low
new event tech conference photo tokyo received likes comments see insights platform com analytics content,social_media,2,low
popular near webinar group update book club posted video trending remote workers weekend plans,social_media,2,low
cooking reply css alignment database upgrade completed successfully new features new search notifications faq forum com thread,forum,0,low
microsoft inquiry invoice inv ready view scam delivery com dispute within hrshrs,spam,3,medium
delivery problem see messaged paypal view phishing site com special offer membership,spam,3,low
safety recall model biometric login activated per request learn company com updates,updates,4,medium
new event tech conference alex anyone free weekend lisa count reply social com chats hiking,social_media,2,low
verification pin transaction authorization enter share number,verify_code,5,low
event reminder meetup thread discussion started datawiz settings support site ticket,forum,0,low
member appreciation free upgrade free shipping upgrade day delivery apply automatically checkout valid week members store com,promotions,1,low
temporary pin pin required password reset facebook,verify_code,5,high
linkedin verification enter verify account recovery session auto cancel invalid attempts,verify_code,5,low
new follower lisa rodriguez view profile platform com users sarah accept reject social com friends pending,social_media,2,low
free airpods survey ipad pro logged hrs minutes ago verify phishing site com secure account,spam,3,low
reservation confirmed car rental updated terms service review changes banking com statements effective sep,updates,4,medium
facebook used new device invoice inv ready view scam delivery com dispute within hrshrs,spam,3,medium
crypto opportunity roi guaranteed see messaged microsoft view scam delivery com special offer membership,spam,3,low
identity confirmation code password reset share requested pst,verify_code,5,medium
delivery problem netflix requires immediate password update click phishing site com failure within hrshrs causes lockout,spam,3,high
post moved technical support revised rules effective immediately key changes citation requirements news posts review wiki site page,forum,0,low
early access holiday deals start preview holiday collection public shop early holiday preview com code earlyaccess,promotions,1,low
free airpods survey samsung galaxy logged hrs minutes ago verify scam delivery com secure account,spam,3,low
netflix security alert account frozen refund processed claim bit fakeprize complete within hrshrs,spam,3,high
moderation notice community guidelines update database upgrade completed successfully new features new search notifications faq forum com thread,forum,0,low
special offer deal ends time items lowest prices shop example com use code welcome,promotions,1,low
important phone number changed confirm cancel company com updates phone number building,updates,4,medium
service outage resolved new features dark mode performance boost install service com status changelog included,updates,4,low
ssa tax refund approval refund processed claim bit fakeprize complete within hrshrs,spam,3,low
delivery problem unusual login detected russia secure account phishing site com account suspended,spam,3,high
watch later recommended story see video social com posts photo comments love disable notifications social com settings,social_media,2,low
moderator report processed user techguru comment forum com thread,forum,0,low
back school discount discover items shop new styles example com code flash extra,promotions,1,low
support session code provide agent identity verification,verify_code,5,low
mike chen liked post sarah great event today lisa count reply platform com messages group,social_media,2,low
sarah johnson liked article friends checked tech hub see photos menu platform com locations venue,social_media,2,low
service interruption resolved abc airlines biometric login activated per request learn service com status,updates,4,medium
news groups follow friends checked central perk see photos menu platform com locations venue,social_media,2,low
answered query technical support thread discussion moved general support continue support site ticket,forum,0,low
temporary pin pin required account verification microsoft,verify_code,5,low
live meetup keynote grand canyon alex view album platform com memories beach,social_media,2,low
policy update cookie policy changes updated user agreement review changes service com status effective aug,updates,4,low
special offer discover items shop new styles example com code birthday extra,promotions,1,low
sarah johnson mentioned comment story sydney received likes comments see insights social com insights post,social_media,2,low
wiki edit approved gaming database upgrade completed successfully new features new search notifications faq forum com thread,forum,0,low
new device approval access code password reset valid,verify_code,5,high
last chance warehouse clearance hello valued member enjoy extra clearance shop example com expires date,promotions,1,low
software license compliance audit initiated vendor oracle corporation respond within days portal license audit management com case orc,updates,4,low
anniversary linkedin college reunion photos view album platform com memories beach,social_media,2,low
hour sale free shipping week celebrate entire purchase valid example com code vip,promotions,1,low
service interruption resolved hotel booking biometric login activated per request learn banking com statements,updates,4,medium
netflix payment declined account suspension imminent update payment method netflix billing fix paynow,spam,3,medium
birthday reminder friends week group update photography group posted video trending digital artists favorite tech tools,social_media,2,low
delivery rescheduled order service unavailable window updates include security patches performance improvements,updates,4,medium
vip preview summer sale deal ends time items lowest prices shop example com use code birthday,promotions,1,low
lunar regolith processing techniques isru oxygen extraction methods wiki space resources wiki volatile content analysis,forum,0,low
watch later recommended article inspiring view social com notifications reply disable platform com notifications,social_media,2,low
limited stock back stock favorite items back wait example com use code birthday,promotions,1,low
irs tax refund approval immediate action required subscription payment failed update payment phishing site com call support,spam,3,medium
urgent claim prize refund processed claim phishing site com complete within hrshrs,spam,3,high
reactions comment tech news agreed regulation crucial likes hearts thread social com comments,social_media,2,low
weekend hotel getaway select resorts travel com weekend escapes code escape,promotions,1,low
memories week photo paris received likes comments see insights social com insights post,social_media,2,low
identity check prove ownership session expires min,verify_code,5,low
appointment reminder smith dec gmt confirm cancel service com status payment due date building,updates,4,medium
inheritance claim late relative microsoft requires immediate password update click bit fakeprize failure within hrshrs causes lockout,spam,3,high
community announcement new policy thank payment applied account receipt company com updates,updates,4,low
member exclusive extra clearance discover items shop new styles example com code save extra,promotions,1,low
forum maintenance complete thread discussion moved general support continue support site ticket,forum,0,low
auto payment failed subscription monthly statement available view download service com status action needed payment scheduled,updates,4,medium
scheduled maintenance dec est new features security updates install company com updates changelog included,updates,4,medium
programming reply database query thread discussion moved general support continue wiki site page,forum,0,low
temporary pin access code account verification valid,verify_code,5,low
forum maintenance complete thread discussion started datawiz settings forum com thread,forum,0,low
verification pin enter confirm account recovery request ignore,verify_code,5,medium
multi factor code mfa code vpn access generated gmt,verify_code,5,low
achievement unlocked trusted contributor database upgrade completed successfully new features new search notifications faq wiki site page,forum,0,low
post moved programming help report per report details wiki site page,forum,0,low
birthday reminder friends next week love view social com notifications reply disable platform com notifications,social_media,2,low
refer friends get credit celebrate entire purchase valid example com code vip,promotions,1,low
birthday reminder friends week group hiking buddies live streaming join social com live conference,social_media,2,low
birthday reminder friends week friends checked tech hub see photos menu social com places cafe,social_media,2,low
watch later recommended article story sydney received likes comments see insights social com insights post,social_media,2,low
new reply database optimization user pixelartist posted helpful solution view support site ticket,forum,0,low
wiki edit approved gaming trending books comments view wiki site page,forum,0,low
safety recall model july statement available view download company com updates action needed payment scheduled,updates,4,medium
double rewards points today loyal customer get exclusive example com offer code welcome,promotions,1,low
scheduled maintenance oct pst thank payment applied account receipt banking com statements,updates,4,medium
microsoft transfer confirmation enter verify account recovery session auto cancel invalid attempts,verify_code,5,medium
anniversary discount discover items shop new styles example com code welcome extra,promotions,1,low
mod application open book club thread discussion moved general support continue forum com thread,forum,0,low
forum digest techsupport discussions report per report details support site ticket,forum,0,low
new friend request sarah johnson view profile platform com users sarah accept reject platform com requests,social_media,2,medium
inheritance claim late relative dear winner email annual lottery click scam delivery com claim hrs expire unsubscribe,spam,3,low
new friend request mike chen group tech enthusiasts live streaming join platform com streaming event,social_media,2,medium
secure access number use verification code device samsung galaxy location seattle,verify_code,5,low
suspicious activity microsoft account macbook air logged hrs minutes ago verify bit fakeprize secure account,spam,3,low
appointment reminder eye exam nov pst confirm cancel company com updates phone number building,updates,4,medium
poll vote favorite tech tools see article social com posts photo comments love disable notifications platform com notifications,social_media,2,low
scheduled maintenance aug gmt hotel booking main pool closed aug maintenance nov pst assignment confirmed manage booking company com updates,updates,4,medium
email change token confirm new email address valid min,verify_code,5,medium
renew paypal subscription dear winner email annual lottery click phishing site com claim hrs expire unsubscribe,spam,3,low
refer friends get credit loyal customer get exclusive example com offer code flash,promotions,1,low
new featured guide cooking event starts time prepare wiki site page,forum,0,low
anniversary social platform see photo social com posts photo comments great insight disable notifications platform com notifications,social_media,2,low
secure key rotation master encryption key regeneration confirmation system wide encryption scheduled upon confirmation estimated downtime minutes peak hours,verify_code,5,medium
authentication token access code account verification valid,verify_code,5,low
membership upgrade delivered achieved confirm cancel company com updates phone number building,updates,4,medium
answered query general discussion report per report details wiki site page,forum,0,low
early access holiday deals start favorite items back wait example com use code birthday,promotions,1,low
new featured guide photography thread discussion started codemaster settings forum com thread,forum,0,low
post got new reactions group photography group invited rsvp platform com events workshop,social_media,2,low
memories week post london received likes comments see insights platform com analytics content,social_media,2,low
news john smith started new position group photography group live streaming join platform com streaming event,social_media,2,low
ticket resolved password reset issue fixed survey support site com tickets,updates,4,high
refer friends earn share unique link brand com refer user friend receive credit first purchase limit referrals month platinum members get double bonus,promotions,1,low
free shipping hotel stay celebrate entire purchase valid example com code welcome,promotions,1,low
usps address validation required undeliverable packages accumulating confirm address usps address confirm mail ref addr future shipments suspended address database updated current residency proof,spam,3,medium
featured project iot home automation raspberry project featured homepage view makerforum com showcase project,forum,0,low
birthday reminder friends tomorrow article new york received likes comments see insights social com insights post,social_media,2,low
new messages photography group chat great insight view social com events event reply disable platform com notifications,social_media,2,low
forum contest photo contest thread per report details wiki site page,forum,0,low
github verification enter confirm new device registration request ignore,verify_code,5,medium
email binding code pin required login confirmation microsoft,verify_code,5,medium
community governance moderator elections open participate forum governance nominating candidates moderator positions requirements quality posts months activity exemplary conduct record submit nominations community governance com nominations election process includes candidate statements town hall debates ranked choice voting elected moderators receive lifetime premium status early feature access governance voting rights election calendar nominations close oct voting oct results nov review candidate evaluation criteria,forum,0,low
linkedin workspace verification use verification code device iphone pro location los angeles,verify_code,5,low
ama session researcher earned achievement badge view profile support site ticket,forum,0,low
user spotlight member spotlight user webdev comment forum com thread,forum,0,low
news john smith started new position group photography group live streaming join social com live conference,social_media,2,low
double rewards points weekend celebrate entire purchase valid example com code welcome,promotions,1,low
smart apartment package tech bundle nest hue ring bundle val new residents smartliving apttech com package financing available,promotions,1,low
event invitation webinar aug group book club live streaming join platform com streaming event,social_media,2,low
data usage alert monthly quota restaurant new hours effective immediately nov pst assignment confirmed manage booking service com status,updates,4,high
post featured traveldiaries friends checked downtown cafe see photos menu social com places cafe,social_media,2,low
early access new arrivals start hello valued member enjoy free shipping week shop example com expires date,promotions,1,low
credit limit increased new limit effective immediately banking com credit cards,updates,4,high
coinbase withdrawal auth crypto withdrawal requested confirmation code timeout seconds,verify_code,5,medium
post featured foodchallenge thanks sharing view social com notifications reply disable platform com notifications,social_media,2,low
order cancelled service unavailable window updates include security patches performance improvements,updates,4,low
crypto opportunity roi guaranteed see messaged paypal view scam delivery com special offer membership,spam,3,low
news groups follow view profile social com profile john accept reject platform com requests,social_media,2,low
double rewards bonanza week long event activate rewards purchases monday sunday category restrictions earn accelerated points every transaction gold tier members receive additional redemption bonus gift cards travel activate offer rewardsportal com bonanza event user special bonus complete purchases unlock spree reward choice premium bluetooth speaker gift card refer friends event triple referral bonuses points expiration paused participants promotion period,promotions,1,low
end summer blowout pool gear outdoors com summer end,promotions,1,low
memory highlight travel adventure revisit iceland trip week last year newly compiled highlights include photos videos location map share curated memory book travel companions remix new footage view compilation social com memories iceland trip enable auto memory creation settings weekly highlights,social_media,2,low
live alert workshop behind scenes video london received likes comments see insights platform com analytics content,social_media,2,high
new device approval code login confirmation share requested est,verify_code,5,medium
new arrivals fall fashion live loyal customer get exclusive example com offer code birthday,promotions,1,low
service interruption resolved abc airlines yesterday server maintenance fixed systems operational apologies inconvenience,updates,4,low
agricultural control token gmo crop containment bypass code valid controlled testing plot environmental monitoring activated usage department agriculture notification required,verify_code,5,low
new reply react performance database upgrade completed successfully new features new search notifications faq wiki site page,forum,0,low
linkedin transfer confirmation use code complete sign expires minutes,verify_code,5,medium
identity confirmation account verification enter share number,verify_code,5,medium
safety recall model restaurant new hours effective immediately sep pst assignment confirmed manage booking service com status,updates,4,medium
linkedin profile restriction automated activity detected verify human usage linkedin restriction verify profile url com yourprofile connection requests messaging features disabled pending verification,spam,3,medium
post featured traveldiaries see photo platform com content video comments great insight disable notifications platform com notifications,social_media,2,low
thread locked reason user pixelartist comment forum com thread,forum,0,low
delivery problem apple requires immediate password update click bit fakeprize failure within hrshrs causes lockout,spam,3,high
member exclusive buy one get one free celebrate entire purchase valid example com code welcome,promotions,1,low
last chance warehouse clearance hello valued member enjoy buy one get one free shop example com expires date,promotions,1,low
forum digest linux discussions user webdev post support site ticket,forum,0,low
international whaling commission observation log annual whaling activity report iwc int reports vessel log confidential publication,updates,4,low
verification pin use code complete sign expires minutes,verify_code,5,low
new device approval code password reset share requested est,verify_code,5,high
email binding code use verification code device samsung galaxy location chicago,verify_code,5,low
vip preview clearance event discover items shop new styles example com code flash extra,promotions,1,low
final notice netflix end unusual login detected russia secure account scam delivery com account suspended,spam,3,high
inquiry following mortgage application rates dropped apply fakeloan site stop opt,spam,3,low
google egift card loyal customers dear winner email annual lottery click bit fakeprize claim hrs expire unsubscribe,spam,3,low
moderation notice community guidelines update thread discussion moved general support continue wiki site page,forum,0,low
thread locked reason post per report details support site ticket,forum,0,low
snapchat data breach private snaps exposed secure snapchat privacy lock social case,spam,3,low
post moved general discussion thread discussion started pixelartist settings wiki site page,forum,0,low
clearance madness home decor hello valued member enjoy free shipping week shop example com expires date,promotions,1,low
holiday discount loyal customer get exclusive example com offer code save,promotions,1,low
vip preview new arrivals favorite items back wait example com use code save,promotions,1,low
triple rewards electronics points laptops phones tvs activate techstore com triple rewards valid thru friday,promotions,1,low
answered query career advice user codemaster posted helpful solution view wiki site page,forum,0,low
github transfer confirmation enter confirm password reset request ignore,verify_code,5,medium
anniversary special extra clearance loyal customer get exclusive example com offer code welcome,promotions,1,low
new friend request sarah johnson thanks sharing view social com notifications reply disable social com settings,social_media,2,low
flash sale tools celebrate entire purchase valid example com code save,promotions,1,low
membership upgrade processing achieved restaurant new hours effective immediately sep gmt assignment confirmed manage booking company com updates,updates,4,medium
temporary pin use verification code device iphone pro location new york,verify_code,5,low
scheduled maintenance sep pst service unavailable window updates include bug fixes new features,updates,4,medium
anniversary discount favorite items back wait example com use code flash,promotions,1,low
anniversary discount loyal customer get exclusive example com offer code flash,promotions,1,low
news groups follow group hiking buddies live streaming join social com live conference,social_media,2,low
live meetup keynote see photo social com posts photo comments great insight disable notifications social com settings,social_media,2,low
new reply python coding challenge earned achievement badge view profile forum com thread,forum,0,low
creator fund bonus opportunity content qualifies september engagement bonus program post times week earn based view duration shares eligibility requires using new interactive stickers closed captions check dashboard personalized goals creatorportal com bonus program top performers featured spotlight series,social_media,2,low
new friend request lisa rodriguez alex great event today lisa amazing post reply social com chats hiking,social_media,2,medium
nearby product launch today story paris received likes comments see insights social com insights post,social_media,2,low
payment received invoice inv items delivered via fedex tracking estimated delivery oct track service com status,updates,4,medium
data usage alert monthly quota new features security updates install company com updates changelog included,updates,4,high
paypal password expiration dear winner email annual lottery click phishing site com claim hrs expire unsubscribe,spam,3,high
google subscription suspended immediate action required subscription payment failed update payment scam delivery com call support,spam,3,high
new friend request lisa rodriguez view profile platform com users sarah accept reject platform com requests,social_media,2,medium
software update available service unavailable window updates include security patches performance improvements,updates,4,low
renew amazon subscription ipad pro logged hrs minutes ago verify phishing site com secure account,spam,3,low
story reaction views morning workout story see viewers social com stories views,social_media,2,low
user spotlight member spotlight thread per report details support site ticket,forum,0,low
event reminder workshop report per report details forum com thread,forum,0,low
memories week group update book club posted story trending startup founders best summer destination,social_media,2,low
new device approval access code login confirmation valid,verify_code,5,medium
wiki edit approved books database upgrade completed successfully new features new search notifications faq support site ticket,forum,0,low
policy update terms service changes new features dark mode performance boost install service com status changelog included,updates,4,low
backup code regeneration new emergency codes generated old codes invalid,verify_code,5,high
software update available august statement available view download banking com statements action needed payment scheduled,updates,4,medium
thread locked reason thread discussion moved general support continue support site ticket,forum,0,low
live interview startup founder streaming min set reminder social com live founder interview,social_media,2,low
wire transfer code initiated transfer bank america verification code valid min,verify_code,5,low
new thread technical support matches alert earned achievement badge view profile support site ticket,forum,0,high
event invitation webinar aug group update tech enthusiasts posted article trending digital artists weekend plans,social_media,2,low
nearby product launch today great insight view social com notifications reply disable platform com notifications,social_media,2,low
gaming reply graphics driver thread discussion moved general support continue forum com thread,forum,0,low
live alert meetup behind scenes video new york received likes comments see insights platform com analytics content,social_media,2,high
generative poetry engine beta test nlp algorithm verse creation access metricalmuse api key required,social_media,2,low
anniversary special free shipping week celebrate entire purchase valid example com code flash,promotions,1,low
limited stock back stock celebrate entire purchase valid example com code birthday,promotions,1,low
last chance black friday july favorite items back wait example com use code welcome,promotions,1,low
service credit applied service credit added recent inconvenience expires dec account com credits,updates,4,low
new messages tech enthusiasts chat group update hiking buddies posted story trending remote workers favorite tech tools,social_media,2,low
new device approval enter confirm payment confirmation request ignore,verify_code,5,medium
twitter transfer confirmation enter verify password reset session auto cancel invalid attempts,verify_code,5,high
popular near tech conference group update tech enthusiasts posted post trending digital artists weekend plans,social_media,2,low
invoice available refund processed claim bit fakeprize complete within hrshrs,spam,3,medium
policy update terms service changes confirm cancel service com status address building,updates,4,medium
delivery rescheduled order biometric login activated per request learn company com updates,updates,4,medium
new featured guide gaming report per report details support site ticket,forum,0,low
audio documentary contribute city sounds urban echoes project needs field recordings upload openears soundscape city sound submit audio standards pdf,social_media,2,low
verification code token expires pst support contact,verify_code,5,low
community announcement pool closure hotel booking new hours effective immediately aug midnight assignment confirmed manage booking company com updates,updates,4,low
new featured guide programming revised rules effective immediately key changes citation requirements news posts review support site ticket,forum,0,low
microsoft authenticator enter confirm payment confirmation request ignore,verify_code,5,medium
irs tax refund approval invoice inv ready view phishing site com dispute within hrshrs,spam,3,medium
irs tax refund approval eligible tax refund claim irs refund claims gov confirm identity immediately,spam,3,medium
new reply home server setup database upgrade completed successfully new features new search notifications faq forum com thread,forum,0,low
user spotlight member spotlight trending techsupport comments view support site ticket,forum,0,low
new follower sarah johnson mike anyone free weekend lisa amazing post reply platform com messages group,social_media,2,low
mike chen liked post view profile social com profile john accept reject social com friends pending,social_media,2,low
authentication token pin required transaction authorization facebook,verify_code,5,low
new messages book club chat thanks sharing view social com profile user reply disable platform com notifications,social_media,2,low
scheduled maintenance nov gmt items shipped via ups tracking estimated delivery oct track service com status,updates,4,medium
appointment reminder haircut dec midnight service unavailable window updates include bug fixes new features,updates,4,medium
order processing car rental main pool closed aug maintenance sep midnight assignment confirmed manage booking banking com statements,updates,4,medium
expired license renewal required software license expired renew soft renew pro face legal action,spam,3,low
identity confirmation code login confirmation share requested pst,verify_code,5,medium
mod application open technical support user pixelartist report support site ticket,forum,0,low
appointment confirmed nov pst august statement available view download service com status action needed payment scheduled,updates,4,medium
authentication token use code complete sign expires minutes,verify_code,5,low
new thread career advice matches alert user techguru posted helpful solution view support site ticket,forum,0,high
reservation confirmed abc airlines service unavailable window updates include bug fixes new features,updates,4,medium
new event workshop beach vacation family view album social com albums vacation,social_media,2,low
john smith liked story thanks sharing view social com events event reply disable social com settings,social_media,2,low
section moderator needed apply web development forum com mods apply dev section,forum,0,low
urgent claim prize dear winner email annual lottery click scam delivery com claim hrs expire unsubscribe,spam,3,high
live product launch keynote college reunion photos view album social com albums vacation,social_media,2,low
forum maintenance complete revised rules effective immediately key changes citation requirements news posts review wiki site page,forum,0,low
vip preview clearance event favorite items back wait example com use code save,promotions,1,low
free airpods survey package delivered tracking update bit fakeprize ignore,spam,3,low
new messages hiking buddies chat group book club invited rsvp platform com events workshop,social_media,2,low
free macbook pro survey unusual login detected russia secure account phishing site com account suspended,spam,3,high
important address changed yesterday network connectivity problem fixed systems operational apologies inconvenience,updates,4,low
forum contest photo contest trending cooking comments view forum com thread,forum,0,low
appointment reminder smith oct est biometric login activated per request learn service com status,updates,4,medium
new thread career advice matches alert user webdev posted helpful solution view forum com thread,forum,0,high
david kim mentioned comment group update book club posted photo trending remote workers favorite tech tools,social_media,2,low
new messages book club chat group book club live streaming join platform com streaming event,social_media,2,low
irs tax refund approval following paypal application rates dropped apply scam delivery com stop opt,spam,3,low
identity verification required access code password reset valid,verify_code,5,high
appointment reminder dentist sep gmt august statement available view download banking com statements action needed payment scheduled,updates,4,medium
free dessert hotel stay favorite items back wait example com use code vip,promotions,1,low
post featured foodchallenge group update book club posted story trending startup founders best summer destination,social_media,2,low
security notice suspicious login blocked new features security updates install service com status changelog included,updates,4,high
hour sale buy one get one free deal ends time items lowest prices shop example com use code vip,promotions,1,low
last chance black friday july celebrate entire purchase valid example com code welcome,promotions,1,low
apple used new device following google application rates dropped apply scam delivery com stop opt,spam,3,low
paypal security alert account frozen google requires immediate password update click scam delivery com failure within hrshrs causes lockout,spam,3,high
membership upgrade processing achieved confirm cancel banking com statements payment due date building,updates,4,medium
forum digest gaming discussions thread discussion moved general support continue wiki site page,forum,0,low
thread locked reason user datawiz posted helpful solution view forum com thread,forum,0,low
ama session researcher thread discussion started codemaster settings wiki site page,forum,0,low
john smith liked video great insight view social com notifications reply disable social com settings,social_media,2,low
suspicious activity google account see messaged microsoft view phishing site com special offer membership,spam,3,low
historic sword smithing course forge century longsword days ancientarms org metallurgy lessons included,promotions,1,low
service outage resolved activated per request learn banking com statements,updates,4,medium
new message secret admirer invoice inv ready view bit fakeprize dispute within hrshrs,spam,3,medium
poll vote best summer destination group travel lovers new poll santorini bali costa rica vote social com polls,social_media,2,low
microsoft authenticator pin required login confirmation facebook,verify_code,5,medium
new follower john smith alex anyone free weekend emily count reply platform com messages group,social_media,2,low
linkedin verification pin required account verification linkedin,verify_code,5,low
appointment confirmed aug midnight thank payment applied account receipt service com status,updates,4,medium
climate modeling workflow documentation project improve cmip pipeline docs github issues climate modeling doc repo assign tickets fix,forum,0,low
new reply database optimization earned achievement badge view profile forum com thread,forum,0,low
appointment reminder smith sep gmt restaurant new hours effective immediately aug pst assignment confirmed manage booking banking com statements,updates,4,medium
github transfer confirmation security code enter sign page expires minutes contact support,verify_code,5,medium
post featured techtips article tokyo received likes comments see insights social com insights post,social_media,2,low
security alert failed login attempts macbook air logged hrs minutes ago verify scam delivery com secure account,spam,3,high
post got new reactions college reunion photos view album social com albums vacation,social_media,2,low
watch later recommended post group tech enthusiasts live streaming join platform com streaming event,social_media,2,low
memories week group hiking buddies invited rsvp platform com events workshop,social_media,2,low
mental health chatbot training corpus improve therapeutic responses contribute empathetic help anonymization standard,social_media,2,low
hour sale free shipping week discover items shop new styles example com code flash extra,promotions,1,low
refer friends get credit deal ends time items lowest prices shop example com use code vip,promotions,1,low
reservation confirmed hotel booking august statement available view download company com updates action needed payment scheduled,updates,4,medium
vip preview new arrivals celebrate entire purchase valid example com code welcome,promotions,1,low
special offer favorite items back wait example com use code flash,promotions,1,low
early access summer sale start celebrate entire purchase valid example com code vip,promotions,1,low
scheduled maintenance dec pst car rental new hours effective immediately sep pst assignment confirmed manage booking company com updates,updates,4,medium
appointment reminder haircut aug gmt activated per request learn company com updates,updates,4,medium
authentication token use verification code device samsung galaxy location los angeles,verify_code,5,low
refund confirmation dear winner email annual lottery click phishing site com claim hrs expire unsubscribe,spam,3,medium
forum contest photo contest user datawiz post forum com thread,forum,0,low
paypal egift card loyal customers immediate action required subscription payment failed update payment phishing site com call support,spam,3,medium
new follower john smith view profile platform com users sarah accept reject social com friends pending,social_media,2,low
netflix inquiry dear winner email annual lottery click phishing site com claim hrs expire unsubscribe,spam,3,low
forum digest webdev discussions event starts time prepare wiki site page,forum,0,low
live product launch keynote group photography group live streaming join social com live conference,social_media,2,low
paypal egift card loyal customers invoice inv ready view phishing site com dispute within hrshrs,spam,3,medium
important email changed password encryption activated per request learn company com updates,updates,4,medium
forum contest photo contest user pixelartist post support site ticket,forum,0,low
news david kim started new position group update book club posted article trending remote workers best summer destination,social_media,2,low
moderator post processed thread discussion moved general support continue wiki site page,forum,0,low
popular near workshop see story platform com content video comments thanks sharing disable notifications platform com notifications,social_media,2,low
news mike chen started new position view profile social com profile john accept reject platform com requests,social_media,2,low
poll vote favorite tech tools see article platform com content video comments thanks sharing disable notifications platform com notifications,social_media,2,low
flash sale books favorite items back wait example com use code birthday,promotions,1,low
microsoft subscription suspended paypal requires immediate password update click phishing site com failure within hrshrs causes lockout,spam,3,high
security notice suspicious login blocked confirm cancel service com status address building,updates,4,medium
david kim mentioned comment group book club invited rsvp platform com events workshop,social_media,2,low
new friend request sarah johnson friends checked downtown cafe see photos menu platform com locations venue,social_media,2,medium
membership upgrade delivered achieved yesterday network connectivity problem fixed systems operational apologies inconvenience,updates,4,low
reservation confirmed car rental confirm cancel company com updates phone number building,updates,4,medium
flash sale clothing discover items shop new styles example com code flash extra,promotions,1,low
service interruption resolved abc airlines confirm cancel company com updates phone number building,updates,4,medium
nearby webinar today sarah anyone free weekend david weather looks great reply social com chats hiking,social_media,2,low
flash sale electronics discover items shop new styles example com code welcome extra,promotions,1,low
news groups follow group update photography group posted post trending digital artists favorite tech tools,social_media,2,low
new event meetup see video social com posts photo comments inspiring disable notifications social com settings,social_media,2,low
policy update privacy policy changes service unavailable window updates include bug fixes new features,updates,4,low
forum digest techsupport discussions trending gaming comments view forum com thread,forum,0,low
anniversary special extra clearance favorite items back wait example com use code vip,promotions,1,low
david kim mentioned comment alex great event today lisa weather looks great reply social com chats hiking,social_media,2,low
popular near workshop college reunion photos view album platform com memories beach,social_media,2,low
post moved technical support event starts time prepare support site ticket,forum,0,low
appointment reminder smith sep gmt yesterday server maintenance fixed systems operational apologies inconvenience,updates,4,medium
forum maintenance progress earned achievement badge view profile wiki site page,forum,0,low
verification pin token expires gmt support contact,verify_code,5,low
mike chen mentioned comment group tech enthusiasts invited rsvp platform com events workshop,social_media,2,low
auto payment failed subscription car rental main pool closed aug maintenance dec pst assignment confirmed manage booking service com status,updates,4,medium
mike chen mentioned comment post london received likes comments see insights platform com analytics content,social_media,2,low
darpa project portal login vrf multi factor credential vrf grant submission portal darpa mil funding grantportal deadline imminent,verify_code,5,low
important phone number changed password encryption activated per request learn banking com statements,updates,4,medium
anniversary instagram group update photography group posted story trending digital artists weekend plans,social_media,2,low
wiki edit approved linux revised rules effective immediately key changes citation requirements news posts review support site ticket,forum,0,low
live tech conference keynote group tech enthusiasts live streaming join social com live conf,social_media,2,low
anniversary special buy one get one free discover items shop new styles example com code vip extra,promotions,1,low
anniversary linkedin see video social com posts photo comments thanks sharing disable notifications platform com notifications,social_media,2,low
sarah johnson liked post love view social com events event reply disable platform com notifications,social_media,2,low
anniversary special extra clearance discover items shop new styles example com code welcome extra,promotions,1,low
moderator comment processed user pixelartist posted helpful solution view wiki site page,forum,0,low
microsoft workspace verification enter verify password reset session auto cancel invalid attempts,verify_code,5,high
double rewards points today discover items shop new styles example com code save extra,promotions,1,low
bonus points grocery orders points week activate grocerystore com bonus points,promotions,1,low
apple withdrawal auth pin required account verification github,verify_code,5,low
special offer discover items shop new styles example com code save extra,promotions,1,low
hmrc tax refund approval refund processed claim scam delivery com complete within hrshrs,spam,3,low
forum contest photo contest comment per report details forum com thread,forum,0,low
community announcement pool closure car rental main pool closed aug maintenance dec midnight assignment confirmed manage booking banking com statements,updates,4,low
software update available updated terms service review changes banking com statements effective sep,updates,4,low
event reminder conference revised rules effective immediately key changes citation requirements news posts review support site ticket,forum,0,low
amazon inquiry immediate action required subscription payment failed update payment scam delivery com call support,spam,3,medium
tropical getaway flash sale inclusive resorts night traveldeals com tropical sale code paradise limited october availability free room upgrade airport transfer included,promotions,1,low
facebook transfer confirmation enter confirm password reset request ignore,verify_code,5,medium
hmrc tax refund approval immediate action required subscription payment failed update payment scam delivery com call support fake,spam,3,medium
anniversary instagram alex great event today lisa count reply platform com messages group,social_media,2,low
back school discount favorite items back wait example com use code welcome,promotions,1,low
hour sale extra clearance loyal customer get exclusive example com offer code vip,promotions,1,low
instagram copyright claim post removed due dmca appeal instagram dmca appeal help case dmca,spam,3,medium
account summary monthly statement ready hotel booking main pool closed aug maintenance dec pst assignment confirmed manage booking company com updates,updates,4,medium
order shipped hotel booking main pool closed aug maintenance sep est assignment confirmed manage booking service com status,updates,4,medium
back school discount final hours biggest sale example com ends time,promotions,1,low
birthday month perks extra month verify dob store com birthday code bdaymonth,promotions,1,low
auto payment failed subscription yesterday server maintenance fixed systems operational apologies inconvenience,updates,4,medium
google used new device immediate action required subscription payment failed update payment bit fakeprize call support fake,spam,3,medium
ama session researcher event starts time prepare support site ticket,forum,0,low
new message lonely heart amazon requires immediate password update click phishing site com failure within hrshrs causes lockout,spam,3,high
delivery problem unusual login detected romania secure account scam delivery com account suspended,spam,3,high
event reminder conference database upgrade completed successfully new features new search notifications faq support site ticket,forum,0,low
delivery problem macbook air logged hrs minutes ago verify bit fakeprize secure account,spam,3,low
software update available car rental main pool closed aug maintenance aug pst assignment confirmed manage booking company com updates,updates,4,medium
poll vote favorite tech tools mike check lisa weather looks great reply social com chats hiking,social_media,2,low
data usage alert monthly quota updated user agreement review changes banking com statements effective aug,updates,4,high
answered query technical support event starts time prepare forum com thread,forum,0,low
identity verification required use code complete sign expires minutes,verify_code,5,low
birthday reminder friends week view profile social com profile john accept reject social com friends pending,social_media,2,low
vip preview summer sale favorite items back wait example com use code flash,promotions,1,low
live webinar keynote group tech enthusiasts live streaming join social com live conference,social_media,2,low
friendiversary celebration years connected michael chen september memory collage generated social com friends anniversary michael chen share favorite moments together,social_media,2,low
free gift membership deal ends time items lowest prices shop example com use code birthday,promotions,1,low
new event webinar beach vacation family view album platform com memories beach,social_media,2,low
verification pin pin required transaction authorization microsoft,verify_code,5,low
verification required access code account verification valid,verify_code,5,low
post moved general discussion event starts time prepare support site ticket,forum,0,low
identity verification required code transaction authorization share requested est,verify_code,5,medium
selected cruise dear winner email annual lottery click phishing site com claim hrs expire unsubscribe,spam,3,low
google refund notification immediate action required subscription payment failed update payment scam delivery com call support scam,spam,3,low
free airpods survey unusual login detected china secure account phishing site com account suspended,spam,3,high
security alert failed login attempts see messaged apple view bit fakeprize special offer membership,spam,3,low
birthday reminder friends today sarah anyone free weekend lisa count reply social com chats hiking,social_media,2,low
microsoft workspace verification access code transaction authorization valid,verify_code,5,low
new arrivals summer collection live celebrate entire purchase valid example com code save,promotions,1,low
temporary security pass account verification enter share number,verify_code,5,low
new follower john smith friends checked downtown cafe see photos menu social com places cafe,social_media,2,low
anniversary instagram love view social com notifications reply disable social com settings,social_media,2,low
platform evolution major feature enhancements based feedback launched revolutionary updates collaborative whiteboard spaces hdr video streaming smart content curation explore new features platformupdates com october release version temporary legacy interface available december notable improvements faster loading enhanced accessibility compliance cross platform synchronization premium members receive early access experimental features opt settings report bugs via app feedback system priority routing,social_media,2,low
identity verification required account recovery enter verification code valid min,verify_code,5,low
data usage alert monthly quota confirm cancel banking com statements payment due date building,updates,4,medium
event reminder meetup earned achievement badge view profile forum com thread,forum,0,low
selected cruise immediate action required subscription payment failed update payment bit fakeprize call support fake,spam,3,medium
event invitation product launch oct college reunion photos view album social com albums vacation,social_media,2,low
github authenticator use code complete sign expires minutes,verify_code,5,low
free shipping purchase hello valued member enjoy extra clearance shop example com expires date,promotions,1,low
google investment opportunity roi microsoft requires immediate password update click phishing site com failure within hrshrs causes lockout,spam,3,high
safety recall model confirm cancel banking com statements phone number building,updates,4,medium
payment overdue notice invoice inv ready view scam delivery com dispute within hrshrs,spam,3,medium
temporary pin pin required login confirmation microsoft,verify_code,5,medium
service outage resolved service unavailable window updates include security patches performance improvements,updates,4,low
facebook used new device dear winner email annual lottery click bit fakeprize claim hrs expire unsubscribe,spam,3,low
new featured guide webdev thread discussion started codemaster settings support site ticket,forum,0,low
refund confirmation following microsoft application rates dropped apply bit fakeprize stop opt,spam,3,medium
apple authenticator code transaction authorization share requested pst,verify_code,5,medium
memories week see article social com posts photo comments inspiring disable notifications platform com notifications,social_media,2,low
access code pin required password reset twitter,verify_code,5,high
microsoft inquiry refund processed claim phishing site com complete within hrshrs,spam,3,low
email binding code pin required password reset github,verify_code,5,high
mod application open career advice trending techsupport comments view forum com thread,forum,0,low
achievement unlocked reputation thread discussion started webdev settings support site ticket,forum,0,low
safety recall model confirm cancel company com updates phone number building,updates,4,medium
forum digest programming discussions thread per report details forum com thread,forum,0,low
google transfer confirmation use verification code device samsung galaxy location chicago,verify_code,5,medium
scheduled maintenance sep gmt thank payment applied account receipt service com status,updates,4,medium
member exclusive extra clearance celebrate entire purchase valid example com code welcome,promotions,1,low
moderation notice community guidelines update revised rules effective immediately key changes citation requirements news posts review support site ticket,forum,0,low
new reply home server setup trending gaming comments view wiki site page,forum,0,low
friend suggestions college alumni connections available view social com people may know,social_media,2,low
two step verification code token expires pst support contact,verify_code,5,low
post moved general discussion user datawiz posted helpful solution view forum com thread,forum,0,low
achievement unlocked trusted contributor comment per report details wiki site page,forum,0,low
live alert tech conference behind scenes group photography group invited rsvp platform com events workshop,social_media,2,high
event reminder meetup thread discussion started datawiz settings wiki site page,forum,0,low
safety recall model car rental main pool closed aug maintenance nov gmt assignment confirmed manage booking service com status,updates,4,medium
thread locked reason database upgrade completed successfully new features new search notifications faq wiki site page,forum,0,low
industrial control system security guidelines review draft nist standards comment ics security forum com feedback nist xxxxx industry questionnaire,forum,0,low
user spotlight member spotlight user codemaster posted helpful solution view forum com thread,forum,0,low
biometric override code facial recognition failure detected secure facility access attempt use temporary bypass code security terminal single use code triggers secondary security screening access log review report biometric system malfunctions immediately facilities security desk code valid minutes,verify_code,5,high
post featured techtips sarah anyone free weekend david count reply platform com messages group,social_media,2,low
moon base life support override atmospheric scrubber bypass lunar authorization lunaroperations nasa gov location restricted,verify_code,5,low
new event workshop see article social com posts photo comments great insight disable notifications social com settings,social_media,2,low
live tech conference keynote view profile social com profile john accept reject social com friends pending,social_media,2,low
login alert verification step needed enter confirm password reset request ignore,verify_code,5,high
decommissioning authorization nuclear facility shutdown sequence dual key system activation required federal oversight committee automatically notified upon submission,verify_code,5,low
apple withdrawal auth enter confirm payment confirmation request ignore,verify_code,5,medium
temporary pin code login confirmation share requested est,verify_code,5,medium
urgent claim prize ipad pro logged hrs minutes ago verify scam delivery com secure account,spam,3,high
email binding code code password reset share requested est,verify_code,5,high
appointment reminder haircut dec est september statement available view download banking com statements action needed payment scheduled,updates,4,medium
login alert verification step needed transaction authorization enter share number,verify_code,5,high
antarctic ice core data access paleoclimate research dataset special year reg polarscience data includes visualization tools,promotions,1,low
flash sale books deal ends time items lowest prices shop example com use code flash,promotions,1,low
ama session science professor event starts time prepare support site ticket,forum,0,low
scheduled maintenance aug est restaurant main pool closed aug maintenance nov pst assignment confirmed manage booking banking com statements,updates,4,medium
security upgrade biometric login enabled new features new bug fixes install banking com statements changelog included,updates,4,low
mod application open book club earned achievement badge view profile wiki site page,forum,0,low
moderator comment processed trending programming comments view forum com thread,forum,0,low
new thread book club matches alert database upgrade completed successfully new features new search notifications faq forum com thread,forum,0,low
biohacking community genetic data analysis tool beta test diy gene analysis kit request access biohackerslabs com genetics beta biosafety certification,forum,0,medium
netflix egift card loyal customers package delivered tracking update phishing site com ignore,spam,3,low
apple inquiry package delivered tracking update phishing site com ignore,spam,3,low
live webinar keynote friends checked downtown cafe see photos menu social com places cafe,social_media,2,low
service outage resolved items delivered via fedex tracking estimated delivery dec track banking com statements,updates,4,low
temporary security pass pin required login confirmation microsoft,verify_code,5,medium
live alert meetup behind scenes group update tech enthusiasts posted post trending digital artists best summer destination,social_media,2,high
post moved general discussion user techguru posted helpful solution view support site ticket,forum,0,low
two step verification code use verification code device safari macos location chicago,verify_code,5,low
twitter authenticator security code enter sign page expires minutes contact support,verify_code,5,low
watch later recommended photo college reunion photos view album social com albums vacation,social_media,2,low
policy update privacy policy changes hotel booking new hours effective immediately sep est assignment confirmed manage booking company com updates,updates,4,medium
renew apple subscription invoice inv ready view scam delivery com dispute within hrshrs,spam,3,medium
event invitation tech conference oct group update hiking buddies posted post trending digital artists weekend plans,social_media,2,low
new thread technical support matches alert event starts time prepare support site ticket,forum,0,high
apple used new device unusual login detected nigeria secure account scam delivery com account suspended,spam,3,high
selected luxury vacation unusual login detected russia secure account bit fakeprize account suspended,spam,3,high
authentication token enter confirm payment confirmation request ignore,verify_code,5,medium
security upgrade enabled new features dark mode performance boost install company com updates changelog included,updates,4,low
auth code required banking changes requested gmt,verify_code,5,medium
answered query career advice database upgrade completed successfully new features new search notifications faq forum com thread,forum,0,low
data usage alert monthly quota updated user agreement review changes service com status effective oct,updates,4,high
new arrivals back school live favorite items back wait example com use code flash,promotions,1,low
google suspension notice account termination appeal google account appeal tech ref,spam,3,low
techsupport reply slow boot issue event starts time prepare wiki site page,forum,0,low
two step verification code enter verify new device registration session auto cancel invalid attempts,verify_code,5,low
live webinar keynote group tech enthusiasts live streaming join platform com streaming event,social_media,2,low
invoice available facebook requires immediate password update click bit fakeprize failure within hrshrs causes lockout,spam,3,medium
achievement unlocked reputation user codemaster posted helpful solution view support site ticket,forum,0,low
tax refund notification hmrc approved tax refund claim refund gov org action required within hours,spam,3,low
security notice suspicious login blocked items delivered via ups tracking estimated delivery aug track company com updates,updates,4,high
scheduled maintenance dec est password encryption activated per request learn banking com statements,updates,4,medium
forum maintenance complete user webdev posted helpful solution view wiki site page,forum,0,low
microsoft workspace verification password reset enter share number,verify_code,5,high
anniversary linkedin group update photography group posted post trending startup founders weekend plans,social_media,2,low
authentication token code login confirmation share requested est,verify_code,5,medium
member exclusive extra clearance discover items shop new styles example com code flash extra,promotions,1,low
facebook refund notification see messaged netflix view phishing site com special offer membership,spam,3,low
hour sale extra clearance discover items shop new styles example com code birthday extra,promotions,1,low
apple security alert account frozen refund processed claim phishing site com complete within hrshrs,spam,3,high
mod application open technical support revised rules effective immediately key changes citation requirements news posts review wiki site page,forum,0,low
community announcement schedule change service unavailable window updates include security patches performance improvements,updates,4,low
authentication token login confirmation enter share number,verify_code,5,medium
appointment reminder haircut sep pst new features security updates install banking com statements changelog included,updates,4,medium
account summary september statement ready service unavailable window updates include security patches performance improvements,updates,4,low
server migration completed successfully infrastructure upgrade finished ahead schedule performance metrics show speed improvement report itstatus com migration report mig submit feedback new interface,updates,4,medium
new arrivals fall fashion live loyal customer get exclusive example com offer code save,promotions,1,low
netflix refund notification unusual login detected nigeria secure account phishing site com account suspended,spam,3,low
watch later recommended video group tech enthusiasts invited rsvp platform com events workshop,social_media,2,low
ama session nasa engineer thread discussion started datawiz settings forum com thread,forum,0,low
new event meetup friends checked tech hub see photos menu social com places cafe,social_media,2,low
walmart egift card loyal customers claim egift card walmart gift rewards card valid hours,spam,3,low
free macbook pro survey immediate action required subscription payment failed update payment scam delivery com call support,spam,3,medium
netflix inquiry see messaged paypal view scam delivery com special offer membership,spam,3,low
scheduled maintenance aug midnight monthly statement available view download banking com statements action needed payment scheduled,updates,4,medium
credit card payment due minimum due sep banking com statements,updates,4,medium
google password expiration paypal requires immediate password update click phishing site com failure within hrshrs causes lockout,spam,3,high
temporary pin enter confirm account recovery request ignore,verify_code,5,medium
temporary security pass enter confirm password reset request ignore,verify_code,5,medium
post moved technical support thread network issues moved general correct section continue forum com threads net issues,forum,0,low
verification pin access code login confirmation valid,verify_code,5,medium
final notice netflix end invoice inv ready view phishing site com dispute within hrshrs,spam,3,medium
live alert webinar behind scenes see video social com posts photo comments thanks sharing disable notifications platform com notifications,social_media,2,low
scheduled maintenance oct pst activated per request learn service com status,updates,4,medium
forum digest techsupport discussions user codemaster posted helpful solution view wiki site page,forum,0,low
post moved general discussion thread discussion moved general support continue wiki site page,forum,0,low
clearance madness tools celebrate entire purchase valid example com code welcome,promotions,1,low
answered query general discussion trending programming comments view wiki site page,forum,0,low
safety recall model updated privacy policy review changes banking com statements effective nov,updates,4,low
poll vote best summer destination view profile social com profile john accept reject platform com requests,social_media,2,medium
security upgrade biometric login enabled password encryption activated per request learn banking com statements,updates,4,medium
forum contest photo contest thread discussion moved general support continue support site ticket,forum,0,low
amazon subscription suspended package delivered tracking update phishing site com ignore,spam,3,high
flash sale clothing discover items shop new styles example com code save extra,promotions,1,low
new follower mike chen group book club invited rsvp social com events meetup,social_media,2,low
john smith mentioned comment friends checked tech hub see photos menu social com places cafe,social_media,2,low
important payment due date changed items shipped via fedex tracking estimated delivery oct track banking com statements,updates,4,medium
new friend request lisa rodriguez see post platform com content video comments inspiring disable notifications platform com notifications,social_media,2,low
microsoft workspace verification login confirmation enter share number,verify_code,5,medium
suspicious activity microsoft account refund processed claim scam delivery com complete within hrshrs,spam,3,low
community announcement pool closure new features new bug fixes install banking com statements changelog included,updates,4,low
fitness challenge launch day transformation join group challenge starting sep social com groups fitness challenge daily live workouts nutrition tracking achievement badges unlockable,social_media,2,low
crypto opportunity roi guaranteed following amazon application rates dropped apply bit fakeprize stop opt,spam,3,low
amazon investment opportunity roi unusual login detected russia secure account bit fakeprize account suspended,spam,3,high
selected luxury vacation immediate action required subscription payment failed update payment bit fakeprize call support fake,spam,3,medium
order processing items cancelled via dhl tracking estimated delivery nov track banking com statements,updates,4,low
post gone viral tech innovators group article future quantum computing received engagements shared across multiple industry groups discussion thread features commentary leading experts field track real time analytics social network com insights post earned thought leader badge visible profile consider expanding content live session event team assist scheduling continue conversation responding top comments verified professionals,social_media,2,low
vip preview summer sale celebrate entire purchase valid example com code birthday,promotions,1,low
john smith mentioned comment group book club live streaming join platform com streaming event,social_media,2,low
scheduled maintenance oct pst updated privacy policy review changes banking com statements effective oct,updates,4,medium
tutorial series announcement blender masterclass part video series starting oct creativeforum com series blender masterclass weekly assignments expert feedback early access supporters companion assets downloadable,forum,0,low
live alert workshop behind scenes see story social com posts photo comments thanks sharing disable notifications social com settings,social_media,2,low
paypal inquiry unusual login detected china secure account scam delivery com account suspended,spam,3,high
anniversary twitter see photo social com posts photo comments love disable notifications platform com notifications,social_media,2,low
identity verification required pin required account verification twitter,verify_code,5,low
spa day special min massage book spa com august special,promotions,1,low
new event webinar mike anyone free weekend david amazing post reply platform com messages group,social_media,2,low
event invitation meetup sep story sydney received likes comments see insights social com insights post,social_media,2,low
appointment confirmed oct gmt restaurant main pool closed aug maintenance oct est assignment confirmed manage booking banking com statements,updates,4,medium
post featured traveldiaries grand canyon alex view album platform com memories beach,social_media,2,low
hour sale free shipping week loyal customer get exclusive example com offer code birthday,promotions,1,low
new follower sarah johnson beach vacation family view album social com albums vacation,social_media,2,low
irs tax refund approval macbook air logged hrs minutes ago verify phishing site com secure account,spam,3,low
nearby workshop today love view social com events event reply disable social com settings,social_media,2,low
scheduled maintenance nov pst updated privacy policy review changes company com updates effective oct,updates,4,medium
missed delivery confirmation see messaged facebook view phishing site com special offer membership,spam,3,low
facebook verification code login confirmation share requested pst,verify_code,5,medium
security alert failed login attempts amazon requires immediate password update click bit fakeprize failure within hrshrs causes lockout,spam,3,high
final notice amazon end immediate action required subscription payment failed update payment phishing site com call support scam,spam,3,medium
suspicious activity apple account see messaged paypal view bit fakeprize special offer membership,spam,3,low
moderation notice community guidelines update revised rules effective immediately key changes citation requirements news posts review wiki site page,forum,0,low
apple workspace verification login confirmation enter share number,verify_code,5,medium
refer friends get credit favorite items back wait example com use code welcome,promotions,1,low
service outage resolved hotel booking new hours effective immediately dec pst assignment confirmed manage booking company com updates,updates,4,medium
news john smith started new position view profile social com profile john accept reject platform com requests,social_media,2,low
sarah johnson mentioned comment group book club invited rsvp social com events meetup,social_media,2,low
netflix refund notification unusual login detected china secure account bit fakeprize account suspended,spam,3,low
microsoft subscription suspended immediate action required subscription payment failed update payment scam delivery com call support fake,spam,3,high
new arrivals fall fashion live celebrate entire purchase valid example com code save,promotions,1,low
localization team recruitment help translate forum interface spanish contribute forum com localization spanish translation memory tools provided credit system offers premium membership perks,forum,0,low
suspicious activity facebook account see messaged facebook view bit fakeprize special offer membership,spam,3,low
news lisa rodriguez started new position friends checked central perk see photos menu social com places cafe,social_media,2,low
hour sale extra clearance favorite items back wait example com use code flash,promotions,1,low
security notice suspicious login blocked july statement available view download company com updates action needed payment scheduled,updates,4,medium
account summary august statement ready biometric login activated per request learn company com updates,updates,4,medium
vaccine record available covid doses documented access healthportal com vaccines,updates,4,low
microsoft password expiration macbook air logged hrs minutes ago verify bit fakeprize secure account,spam,3,high
media embargo release press release authorization code confirms scheduled publication breaking embargo incurs maximum contractual penalty multimedia assets distributed upon entry,verify_code,5,medium
forum digest programming discussions trending techsupport comments view wiki site page,forum,0,low
news groups follow thanks sharing view social com profile user reply disable social com settings,social_media,2,low
news mike chen started new position photo tokyo received likes comments see insights social com insights post,social_media,2,low
achievement unlocked trusted contributor thread discussion started pixelartist settings wiki site page,forum,0,low
final notice facebook end refund processed claim phishing site com complete within hrshrs,spam,3,low
poll vote best summer destination alex great event today lisa weather looks great reply social com chats hiking,social_media,2,low
community announcement maintenance thank payment applied account receipt service com status,updates,4,low
forum contest photo competition best workspace setup prize enter forum com contests workspace aug,forum,0,low
order delivered new features dark mode performance boost install banking com statements changelog included,updates,4,low
early access summer sale start favorite items back wait example com use code save,promotions,1,low
new thread technical support matches alert user datawiz posted helpful solution view wiki site page,forum,0,high
access code account verification enter share number,verify_code,5,low
popular near product launch great insight view social com notifications reply disable social com settings,social_media,2,low
facebook egift card loyal customers samsung galaxy logged hrs minutes ago verify scam delivery com secure account,spam,3,low
watch later recommended article friends checked tech hub see photos menu platform com locations venue,social_media,2,low
new messages photography group chat mike check emily count reply social com chats hiking,social_media,2,low
answered query general discussion earned achievement badge view profile wiki site page,forum,0,low
limited stock limited edition deal ends time items lowest prices shop example com use code save,promotions,1,low
google refund notification refund processed claim phishing site com complete within hrshrs,spam,3,low
new device approval code transaction authorization share requested gmt,verify_code,5,medium
apple workspace verification access code transaction authorization valid,verify_code,5,low
gaming reply python error user webdev posted helpful solution view wiki site page,forum,0,low
free dessert purchase deal ends time items lowest prices shop example com use code vip,promotions,1,low
comment thread update design critique new replies design concept post conversation social com threads design critique notable feedback industry leaders highlighted,social_media,2,low
group invitation developers join members accept social com groups developers invite,social_media,2,low
final notice facebook end unusual login detected romania secure account bit fakeprize account suspended,spam,3,high
double rewards points today discover items shop new styles example com code birthday extra,promotions,1,low
mod application open technical support earned achievement badge view profile forum com thread,forum,0,low
news mike chen started new position sarah check david count reply platform com messages group,social_media,2,low
news lisa rodriguez started new position college reunion photos view album social com albums vacation,social_media,2,low
anniversary social platform group photography group live streaming join platform com streaming event,social_media,2,low
appointment reminder smith oct est new features new bug fixes install banking com statements changelog included,updates,4,medium
wiki edit approved webdev thread discussion moved general support continue wiki site page,forum,0,low
event reminder workshop trending programming comments view wiki site page,forum,0,low
david kim liked article mike great event today emily weather looks great reply platform com messages group,social_media,2,low
security bulletin openssl vulnerability patch critical cve xxx patched upgrade immediately securityportal com openssl bulletin details poc attached,updates,4,high
member exclusive free shipping week hello valued member enjoy free shipping order shop brand com member special expires sunday,promotions,1,low
early access new arrivals start deal ends time items lowest prices shop example com use code birthday,promotions,1,low
event reminder conference user codemaster posted helpful solution view forum com thread,forum,0,low
payment received invoice inv abc airlines main pool closed aug maintenance dec est assignment confirmed manage booking company com updates,updates,4,medium
anniversary special extra clearance celebrate entire purchase valid example com code welcome,promotions,1,low
anniversary twitter view profile platform com users sarah accept reject platform com requests,social_media,2,medium
live workshop keynote inspiring view social com events event reply disable platform com notifications,social_media,2,low
important address changed items cancelled via ups tracking estimated delivery nov track service com status,updates,4,low
new message secret admirer unusual login detected nigeria secure account bit fakeprize account suspended,spam,3,high
live alert meetup behind scenes group update tech enthusiasts posted post trending remote workers favorite tech tools,social_media,2,high
scheduled maintenance nov est yesterday server maintenance fixed systems operational apologies inconvenience,updates,4,medium
community announcement pool closure activated per request learn company com updates,updates,4,low
appointment reminder haircut aug est thank payment applied account receipt banking com statements,updates,4,medium
books reply slow boot issue user pixelartist posted helpful solution view forum com thread,forum,0,low
video connections new videos conference highlights pet tricks watch social com videos network,social_media,2,low
selected spa weekend paypal requires immediate password update click scam delivery com failure within hrshrs causes lockout,spam,3,high
scheduled maintenance dec pst service unavailable window updates include security patches performance improvements,updates,4,medium
appointment reminder haircut oct gmt service unavailable window updates include security patches performance improvements,updates,4,medium
viral post alert environmental campaign climate change infographic shared times engagement analytics social com insights post top shares industry influencers identified sponsored boost options available,social_media,2,high
delivery rescheduled order september statement available view download company com updates action needed payment scheduled,updates,4,medium
ant colony optimization challenge swarm intelligence algorithms submit naturalcomputation com challenge performance baseline,forum,0,low
member exclusive free shipping week celebrate entire purchase valid example com code welcome,promotions,1,low
forum contest photo contest trending webdev comments view forum com thread,forum,0,low
inheritance claim late relative apple requires immediate password update click phishing site com failure within hrshrs causes lockout,spam,3,high
post featured traveldiaries alex check emily weather looks great reply social com chats hiking,social_media,2,low
temporary security pass pin required transaction authorization google,verify_code,5,low
github transfer confirmation code login confirmation share requested gmt,verify_code,5,medium
suspicious activity paypal account unusual login detected nigeria secure account phishing site com account suspended,spam,3,high
facebook password expiration immediate action required subscription payment failed update payment phishing site com call support,spam,3,high
live meetup keynote friends checked tech hub see photos menu social com places cafe,social_media,2,low
login alert verification step needed unrecognized browser detected enter prompt secure account security com alerts,verify_code,5,high
birthday reminder friends today article new york received likes comments see insights platform com analytics content,social_media,2,low
webdev reply css alignment thread discussion moved general support continue wiki site page,forum,0,low
payment received invoice inv updated privacy policy review changes banking com statements effective aug,updates,4,medium
quantum error correction code jam surface code improvements contest submit computing challenge judging criteria update,forum,0,low
new friend request sarah johnson grand canyon alex view album platform com memories beach,social_media,2,medium
renew amazon subscription netflix requires immediate password update click bit fakeprize failure within hrshrs causes lockout,spam,3,high
fbi tax refund approval facebook requires immediate password update click scam delivery com failure within hrshrs causes lockout,spam,3,high
order processing restaurant new hours effective immediately nov est assignment confirmed manage booking service com status,updates,4,medium
john smith mentioned comment friends checked tech hub see photos menu platform com locations venue,social_media,2,low
flash sale clothing deal ends time items lowest prices shop example com use code birthday,promotions,1,low
reservation confirmed abc airlines updated cookie policy review changes company com updates effective oct,updates,4,medium
new thread book club matches alert revised rules effective immediately key changes citation requirements news posts review forum com thread,forum,0,high
fbi tax refund approval refund processed claim phishing site com complete within hrshrs,spam,3,low
post moved career advice user pixelartist posted helpful solution view support site ticket,forum,0,low
news groups follow article london received likes comments see insights social com insights post,social_media,2,low
poll vote best summer destination beach vacation family view album social com albums vacation,social_media,2,low
refer friends get credit final hours biggest sale example com ends time,promotions,1,low
new message lonely heart microsoft requires immediate password update click phishing site com failure within hrshrs causes lockout,spam,3,high
facebook inquiry invoice inv ready view bit fakeprize dispute within hrshrs,spam,3,medium
verification code use verification code device chrome windows location chicago,verify_code,5,low
netflix investment opportunity roi see messaged microsoft view phishing site com special offer membership,spam,3,low
linkedin verification token expires est support contact,verify_code,5,low
linkedin withdrawal auth transaction authorization enter share number,verify_code,5,low
anniversary social platform alex check david weather looks great reply social com chats hiking,social_media,2,low
event reminder workshop thread discussion moved general support continue wiki site page,forum,0,low
poll vote best summer destination beach vacation family view album platform com memories beach,social_media,2,low
scheduled maintenance dec pst thank payment applied account receipt service com status,updates,4,medium
apple workspace verification enter confirm password reset request ignore,verify_code,5,medium
anniversary twitter group book club invited rsvp social com events meetup,social_media,2,low
amazon investment opportunity roi refund processed claim scam delivery com complete within hrshrs,spam,3,low
subscription holiday skip month pause subscription code pauseaug resume anytime service com pause,promotions,1,low
facebook subscription suspended refund processed claim phishing site com complete within hrshrs,spam,3,high
auto payment failed subscription updated privacy policy review changes banking com statements effective oct,updates,4,medium
irs tax refund approval samsung galaxy logged hrs minutes ago verify scam delivery com secure account,spam,3,low
appointment confirmed nov midnight august statement available view download service com status action needed payment scheduled,updates,4,medium
crypto opportunity roi guaranteed facebook requires immediate password update click bit fakeprize failure within hrshrs causes lockout,spam,3,high
wiki edit approved books thread discussion started webdev settings forum com thread,forum,0,low
group event online workshop python beginners sep rsvp social com events python workshop,social_media,2,low
free gift hotel stay hello valued member enjoy free shipping week shop example com expires date,promotions,1,low
penetration testing lab scenario creation design ctf challenges submit securitylabs createforum com scenario design network topology templates,forum,0,low
anniversary discount favorite items back wait example com use code vip,promotions,1,low
login alert verification step needed code transaction authorization share requested pst,verify_code,5,medium
google transfer confirmation enter confirm payment confirmation request ignore,verify_code,5,medium
popular near product launch group update book club posted story trending startup founders weekend plans,social_media,2,low
new messages tech enthusiasts chat group update hiking buddies posted photo trending remote workers weekend plans,social_media,2,low
safety recall model thank payment applied account receipt service com status,updates,4,medium
exascale computation portal upgrade petascale dataset handling issues tickets hpc portal issues gpu memory optimization,forum,0,low
pet lovers sale food toys petshop com pet sale ends sunday,promotions,1,low
data usage alert monthly quota monthly statement available view download service com status action needed payment scheduled,updates,4,medium
double rewards points week celebrate entire purchase valid example com code flash,promotions,1,low
twitter transfer confirmation transaction authorization enter share number,verify_code,5,medium
algorithmic rap battle engine testing neural network rap generator join aihiphop lab lyric complexity metrics,social_media,2,low
last chance black friday july discover items shop new styles example com code flash extra,promotions,1,low
user spotlight member spotlight event starts time prepare support site ticket,forum,0,low
policy update terms service changes updated cookie policy review changes service com status effective nov,updates,4,low
post featured workoutmotivation group update book club posted video trending remote workers weekend plans,social_media,2,low
limited stock limited edition loyal customer get exclusive example com offer code vip,promotions,1,low
reservation confirmed hotel booking confirm cancel service com status email building,updates,4,medium
new reply python coding challenge event starts time prepare forum com thread,forum,0,low
microsoft egift card loyal customers dear winner email annual lottery click scam delivery com claim hrs expire unsubscribe,spam,3,low
amazon inquiry refund processed claim bit fakeprize complete within hrshrs,spam,3,low
member exclusive free shipping week discover items shop new styles example com code flash extra,promotions,1,low
missed delivery confirmation macbook air logged hrs minutes ago verify scam delivery com secure account,spam,3,medium
urgent interpol cybercrime division case iccd identity dear citizen international criminal police organization initiated formal proceedings case number iccd regarding multiple criminal activities traced digital identity forensic analysis indicates address utilized darknet marketplace transactions involving illicit substances copyright infringement operation distributing pirated media financial identity theft network targeting banking systems constitutes violation interpol cybercrime convention article transnational digital offenses failure respond within hours result permanent revocation internet access privileges seizure financial assets echelon monitoring system issuance red notice international arrest immediate clearance procedure pay investigation security deposit via secured payment portal interpolfines payments gov case iccd copy paste browser install identity validation certificate download interpoldocs secure verification crt complete cybercrime awareness training cybercrimeawareness interpol int certification hour course time sensitive validation required prevent escalation interpol general secretariat final notice global law enforcement coordination activates legal reference interpol resolution res section penalties minimum years imprisonment fine per offense avoid judicial disaster resolve immediately interpolfines payments gov case iccd,spam,3,high
crypto opportunity roi guaranteed unusual login detected nigeria secure account bit fakeprize account suspended,spam,3,high
david kim liked photo group tech enthusiasts live streaming join platform com streaming event,social_media,2,low
github workspace verification security code enter sign page expires minutes contact support,verify_code,5,low
flash sale home decor deal ends time items lowest prices shop example com use code save,promotions,1,low
appointment reminder dentist oct est monthly statement available view download banking com statements action needed payment scheduled,updates,4,medium
moderation notice community guidelines update thread discussion started pixelartist settings support site ticket,forum,0,low
birthday reminder friends tomorrow view profile social com profile john accept reject social com friends pending,social_media,2,low
google authenticator pin required login confirmation apple,verify_code,5,medium
last chance warehouse clearance loyal customer get exclusive example com offer code vip,promotions,1,low
achievement unlocked trusted contributor trending programming comments view forum com thread,forum,0,low
safety recall model new features new bug fixes install company com updates changelog included,updates,4,low
mike chen liked video group update photography group posted post trending remote workers weekend plans,social_media,2,low
verification required account verification enter share number,verify_code,5,low
facebook password expiration refund processed claim phishing site com complete within hrshrs,spam,3,high
selected maldives trip see messaged netflix view scam delivery com special offer membership,spam,3,low
crypto opportunity roi guaranteed amazon requires immediate password update click scam delivery com failure within hrshrs causes lockout,spam,3,high
microsoft password expiration unusual login detected china secure account scam delivery com account suspended,spam,3,high
google authenticator enter verify password reset session auto cancel invalid attempts,verify_code,5,high
service interruption resolved abc airlines updated terms service review changes banking com statements effective aug,updates,4,low
safety recall model confirm cancel banking com statements address building,updates,4,medium
forum digest techsupport discussions database upgrade completed successfully new features new search notifications faq wiki site page,forum,0,low
email binding code pin required password reset microsoft,verify_code,5,high
apple workspace verification access code password reset valid,verify_code,5,high
live tech conference keynote group book club invited rsvp platform com events workshop,social_media,2,low
moderator report processed thread discussion moved general support continue support site ticket,forum,0,low
warning violation python coding challenge user webdev post forum com thread,forum,0,high
reservation confirmed car rental items cancelled via fedex tracking estimated delivery sep track company com updates,updates,4,medium
early access holiday deals start deal ends time items lowest prices shop example com use code save,promotions,1,low
final notice account suspension warning immediate action required cloud storage locked hrs verify secure cloud fix xyz ref,spam,3,high
new event workshop view profile social com profile john accept reject platform com requests,social_media,2,medium
account summary august statement ready biometric login activated per request learn service com status,updates,4,medium
security alert failed login attempts invoice inv ready view phishing site com dispute within hrshrs,spam,3,medium
poll vote favorite tech tools great insight view social com notifications reply disable platform com notifications,social_media,2,low
holiday discount celebrate entire purchase valid example com code save,promotions,1,low
google verification use verification code device chrome windows location new york,verify_code,5,low
google inquiry refund processed claim scam delivery com complete within hrshrs,spam,3,low
scheduled maintenance aug midnight confirm cancel service com status email building,updates,4,medium
news mike chen started new position group update hiking buddies posted article trending startup founders best summer destination,social_media,2,low
new message lonely heart unusual login detected nigeria secure account scam delivery com account suspended,spam,3,high
forum maintenance progress revised rules effective immediately key changes citation requirements news posts review support site ticket,forum,0,low
scheduled maintenance aug pst monthly statement available view download banking com statements action needed payment scheduled,updates,4,medium
poll vote weekend plans group update hiking buddies posted article trending startup founders best summer destination,social_media,2,low
appointment confirmed sep est confirm cancel banking com statements email building,updates,4,medium
suspicious activity apple account package delivered tracking update bit fakeprize ignore,spam,3,low
selected maldives trip invoice inv ready view scam delivery com dispute within hrshrs,spam,3,medium
inheritance claim late relative package delivered tracking update scam delivery com ignore,spam,3,low
achievement unlocked community star thread discussion moved general support continue support site ticket,forum,0,low
forum migration schedule downtime notice planned maintenance sep est forum com maintenance notice new features include dark mode enhanced search test environment available preview posting restricted migration,forum,0,medium
answered query programming help revised rules effective immediately key changes citation requirements news posts review wiki site page,forum,0,low
reservation confirmed restaurant abc airlines main pool closed aug maintenance sep pst assignment confirmed manage booking banking com statements,updates,4,medium
account summary july statement ready items delivered via ups tracking estimated delivery aug track service com status,updates,4,low
forum maintenance complete thread discussion started pixelartist settings forum com thread,forum,0,low
new message secret admirer iphone pro logged hrs minutes ago verify bit fakeprize secure account,spam,3,low
news lisa rodriguez started new position group tech enthusiasts invited rsvp social com events meetup,social_media,2,low
event invitation webinar oct see video social com posts photo comments love disable notifications platform com notifications,social_media,2,low
answered query general discussion revised rules effective immediately key changes citation requirements news posts review support site ticket,forum,0,low
thread locked reason report per report details forum com thread,forum,0,low
clearance madness beauty products favorite items back wait example com use code welcome,promotions,1,low
free ipad survey unusual login detected romania secure account scam delivery com account suspended,spam,3,high
access code use code complete sign expires minutes,verify_code,5,low
vip preview summer sale favorite items back wait example com use code birthday,promotions,1,low
new featured guide programming user codemaster posted helpful solution view wiki site page,forum,0,low
news groups follow story london received likes comments see insights social com insights post,social_media,2,low
delivery problem immediate action required subscription payment failed update payment phishing site com call support,spam,3,medium
new event webinar love view social com notifications reply disable social com settings,social_media,2,low
policy update user agreement changes july statement available view download company com updates action needed payment scheduled,updates,4,medium
nearby workshop today beach vacation family view album platform com memories beach,social_media,2,low
moderator comment processed user webdev report forum com thread,forum,0,low
microsoft workspace verification token expires gmt support contact,verify_code,5,low
last chance warehouse clearance deal ends time items lowest prices shop example com use code welcome,promotions,1,low
urgent claim prize immediate action required subscription payment failed update payment scam delivery com call support fake,spam,3,high
post featured techtips group book club invited rsvp platform com events workshop,social_media,2,low
user spotlight member spotlight event starts time prepare wiki site page,forum,0,low
member exclusive buy one get one free loyal customer get exclusive example com offer code welcome,promotions,1,low
reservation confirmed abc airlines updated privacy policy review changes company com updates effective oct,updates,4,medium
apple used new device immediate action required subscription payment failed update payment phishing site com call support,spam,3,medium
suspicious activity paypal account see messaged microsoft view scam delivery com special offer membership,spam,3,low
flash sale tools discover items shop new styles example com code vip extra,promotions,1,low
netflix inquiry refund processed claim phishing site com complete within hrshrs,spam,3,low
microsoft password expiration package delivered tracking update bit fakeprize ignore,spam,3,high
anniversary special buy one get one free loyal customer get exclusive example com offer code birthday,promotions,1,low
live webinar keynote group tech enthusiasts invited rsvp social com events meetup,social_media,2,low
gaming reply python error trending programming comments view forum com thread,forum,0,low
payment overdue notice following amazon application rates dropped apply phishing site com stop opt,spam,3,medium
event reminder ama industry expert user techguru posted helpful solution view support site ticket,forum,0,low
linux reply graphics driver post per report details support site ticket,forum,0,low
anniversary special extra clearance deal ends time items lowest prices shop example com use code vip,promotions,1,low
payment received invoice inv abc airlines main pool closed aug maintenance oct est assignment confirmed manage booking banking com statements,updates,4,medium
scheduled maintenance nov est september statement available view download banking com statements action needed payment scheduled,updates,4,medium
mod application open home gardening database upgrade completed successfully new features new search notifications faq wiki site page,forum,0,low
facebook verification pin required password reset microsoft,verify_code,5,high
urgent claim prize paypal requires immediate password update click scam delivery com failure within hrshrs causes lockout,spam,3,high
constitutional convention access governance model ratification token gov constitutional convention secure,verify_code,5,low
event invitation workshop aug article paris received likes comments see insights platform com analytics content,social_media,2,low
new thread career advice matches alert event starts time prepare support site ticket,forum,0,high
double rewards points today deal ends time items lowest prices shop example com use code flash,promotions,1,low
forum digest programming discussions thread discussion moved general support continue wiki site page,forum,0,low
two step verification secondary authentication required administrative access time based code request origin corporate vpn connection session encrypted aes,verify_code,5,medium
data usage alert monthly quota new features security updates install banking com statements changelog included,updates,4,high
account summary monthly statement ready biometric login activated per request learn company com updates,updates,4,medium
new feature voice assistant available mobile app guide help app com voice assistant,updates,4,low
amazon used new device unusual login detected romania secure account bit fakeprize account suspended,spam,3,high
google security alert account frozen following amazon application rates dropped apply bit fakeprize stop opt,spam,3,high
apple password expiration refund processed claim phishing site com complete within hrshrs,spam,3,high
post got new reactions friends checked central perk see photos menu platform com locations venue,social_media,2,low
scheduled maintenance dec midnight yesterday payment processing issue fixed systems operational apologies inconvenience,updates,4,medium
safety recall model updated user agreement review changes banking com statements effective sep,updates,4,low
new featured guide gaming post per report details wiki site page,forum,0,low
wiki edit approved cooking report per report details support site ticket,forum,0,low
new friend request john smith college reunion photos view album platform com memories beach,social_media,2,medium
apple investment opportunity roi iphone pro logged hrs minutes ago verify bit fakeprize secure account,spam,3,low
programming reply graphics driver revised rules effective immediately key changes citation requirements news posts review forum com thread,forum,0,low
identity confirmation use code complete sign expires minutes,verify_code,5,medium
member exclusive buy one get one free celebrate entire purchase valid example com code save,promotions,1,low
anniversary twitter inspiring view social com events event reply disable platform com notifications,social_media,2,low
microsoft egift card loyal customers refund processed claim scam delivery com complete within hrshrs,spam,3,low
user spotlight member spotlight thread discussion started techguru settings support site ticket,forum,0,low
anniversary discount hello valued member enjoy extra clearance shop example com expires date,promotions,1,low
two factor enforcement required mods setup forum com security,forum,0,low
flash sale tools favorite items back wait example com use code flash,promotions,1,low
memory highlight vacation album shared sarah tagged beach vacation photos maui trip view album social com memories hawaii collaborative editing enabled add shots collection,social_media,2,low
apple transfer confirmation account verification enter share number,verify_code,5,medium
amazon used new device package delivered tracking update phishing site com ignore,spam,3,low
github authenticator pin required login confirmation github,verify_code,5,medium
clearance madness books celebrate entire purchase valid example com code birthday,promotions,1,low
new message lonely heart unusual login detected russia secure account bit fakeprize account suspended,spam,3,high
forum mobile app update released offline reading push notifications download forum com mobile changelog includes battery optimization material design refresh bug report channel pinned,forum,0,low
free shipping membership favorite items back wait example com use code save,promotions,1,low
selected maldives trip microsoft requires immediate password update click scam delivery com failure within hrshrs causes lockout,spam,3,high
ama session tech ceo comment per report details forum com thread,forum,0,low
popular near webinar inspiring view social com events event reply disable platform com notifications,social_media,2,low
post got new reactions inspiring view social com notifications reply disable platform com notifications,social_media,2,low
event reminder workshop trending gaming comments view wiki site page,forum,0,low
safety recall model restaurant new hours effective immediately sep gmt assignment confirmed manage booking service com status,updates,4,medium
identity verification required enter verify payment confirmation session auto cancel invalid attempts,verify_code,5,medium
anniversary discount loyal customer get exclusive example com offer code birthday,promotions,1,low
access code code transaction authorization share requested gmt,verify_code,5,medium
refund confirmation dear winner email annual lottery click scam delivery com claim hrs expire unsubscribe,spam,3,medium
hour sale free shipping week celebrate entire purchase valid example com code birthday,promotions,1,low
crypto investment opportunity roi limited private sale access revolutionary coin invest cryptoventures ref spam guaranteed returns,spam,3,low
google storage limit pay prevent data deletion google storage pay tech account,spam,3,low
historical photo colorization contest colorize images using tools submit heritagephotocolor org contest deadline technical specs,social_media,2,low
early access new arrivals start discover items shop new styles example com code birthday extra,promotions,1,low
limited stock limited edition celebrate entire purchase valid example com code save,promotions,1,low
security upgrade biometric login enabled new features new bug fixes install service com status changelog included,updates,4,low
satellite control system emergency override orbit boost maneuver authorization sat orbit mod enter spaceoperations override validity min,verify_code,5,high
auto payment failed subscription items processing via fedex tracking estimated delivery nov track service com status,updates,4,medium
fbi tax refund approval apple requires immediate password update click scam delivery com failure within hrshrs causes lockout,spam,3,high
account summary september statement ready updated cookie policy review changes banking com statements effective nov,updates,4,low
amazon used new device package delivered tracking update bit fakeprize ignore,spam,3,low
double rewards points week hello valued member enjoy free shipping week shop example com expires date,promotions,1,low
bill overdue service disconnection hrs pay att bill pay fast account att,spam,3,medium
early access clearance event start final hours biggest sale example com ends time,promotions,1,low
news groups follow mike check david weather looks great reply social com chats hiking,social_media,2,low
identity confirmation code password reset share requested est,verify_code,5,medium
free gift purchase discover items shop new styles example com code welcome extra,promotions,1,low
verification required enter confirm new device registration request ignore,verify_code,5,medium
reservation confirmed restaurant restaurant main pool closed aug maintenance nov midnight assignment confirmed manage booking company com updates,updates,4,medium
achievement unlocked community star thread discussion moved general support continue forum com thread,forum,0,low
community announcement schedule change car rental main pool closed aug maintenance aug pst assignment confirmed manage booking service com status,updates,4,medium
post featured digest remote work tips weekly top view social com digest weekly,social_media,2,low
new messages photography group chat article paris received likes comments see insights social com insights post,social_media,2,low
new thread book club matches alert user codemaster posted helpful solution view forum com thread,forum,0,high
event reminder ama industry expert ask anything starts today est career advice forum prepare questions forum com threads ama prep,forum,0,low
security notice suspicious login blocked new features dark mode performance boost install service com status changelog included,updates,4,high
free airpods survey facebook requires immediate password update click bit fakeprize failure within hrshrs causes lockout,spam,3,high
david kim liked story grand canyon alex view album social com albums vacation,social_media,2,low
nearby workshop today inspiring view social com notifications reply disable platform com notifications,social_media,2,low
watch later recommended article great insight view social com events event reply disable platform com notifications,social_media,2,low
invoice available unusual login detected romania secure account phishing site com account suspended,spam,3,medium
anniversary discount favorite items back wait example com use code birthday,promotions,1,low
appointment confirmed nov pst yesterday payment processing issue fixed systems operational apologies inconvenience,updates,4,medium
limited stock back stock hello valued member enjoy buy one get one free shop example com expires date,promotions,1,low
answered query technical support thread discussion started pixelartist settings support site ticket,forum,0,low
security notice suspicious login blocked updated user agreement review changes company com updates effective dec,updates,4,high
missed delivery confirmation parcel returned warehouse reschedule dhl reschedule delivery pay redelivery fee,spam,3,medium
programming reply css alignment user codemaster report wiki site page,forum,0,low
scheduled maintenance nov pst thank payment applied account receipt service com status,updates,4,medium
event reminder ama industry expert event starts time prepare support site ticket,forum,0,low
ama session tech ceo thread discussion moved general support continue wiki site page,forum,0,low
security upgrade enabled new features dark mode performance boost install banking com statements changelog included,updates,4,low
community announcement schedule change confirm cancel company com updates payment due date building,updates,4,medium
last chance warehouse clearance celebrate entire purchase valid example com code flash,promotions,1,low
service interruption resolved abc airlines items delivered via usps tracking estimated delivery nov track banking com statements,updates,4,low
paypal egift card loyal customers package delivered tracking update bit fakeprize ignore,spam,3,low
policy update user agreement changes confirm cancel service com status phone number building,updates,4,medium
new messages book club chat sarah great event today lisa amazing post reply social com chats hiking,social_media,2,low
apple password expiration invoice inv ready view bit fakeprize dispute within hrshrs,spam,3,medium
ssa tax refund approval following apple application rates dropped apply bit fakeprize stop opt,spam,3,low
community announcement new policy items shipped via fedex tracking estimated delivery aug track service com status,updates,4,low
limited stock limited edition deal ends time items lowest prices shop example com use code flash,promotions,1,low
sarah johnson mentioned comment beach vacation family view album platform com memories beach,social_media,2,low
disaster recovery test code annual drill authorization enter recoveryportal com test scenario production systems affected completion certificate issued participants,verify_code,5,low
crypto opportunity roi guaranteed invoice inv ready view scam delivery com dispute within hrshrs,spam,3,medium
new featured guide programming thread discussion moved general support continue support site ticket,forum,0,low
moderator post processed user techguru posted helpful solution view support site ticket,forum,0,low
nearby tech conference today group update book club posted photo trending digital artists weekend plans,social_media,2,low
wiki edit approved books database upgrade completed successfully new features new search notifications faq forum com thread,forum,0,low
google verification security code enter sign page expires minutes contact support,verify_code,5,low
new reply python coding challenge post per report details wiki site page,forum,0,low
phone verification code phone number change valid minutes,verify_code,5,low
new message match microsoft requires immediate password update click scam delivery com failure within hrshrs causes lockout,spam,3,high
memories week group photography group invited rsvp social com events meetup,social_media,2,low
facebook used new device paypal requires immediate password update click bit fakeprize failure within hrshrs causes lockout,spam,3,high
reservation confirmed car rental new features dark mode performance boost install company com updates changelog included,updates,4,medium
account summary august statement ready september statement available view download banking com statements action needed payment scheduled,updates,4,medium
renew apple subscription see messaged paypal view bit fakeprize special offer membership,spam,3,low
appointment reminder smith aug pst new features security updates install company com updates changelog included,updates,4,medium
special offer celebrate entire purchase valid example com code vip,promotions,1,low
ethics disclosure framework model training transparency standard contribute ethical standards draft version,forum,0,low
membership upgrade processing achieved monthly statement available view download service com status action needed payment scheduled,updates,4,medium
service interruption resolved abc airlines abc airlines main pool closed aug maintenance dec gmt assignment confirmed manage booking company com updates,updates,4,medium
special offer favorite items back wait example com use code vip,promotions,1,low
early access holiday deals start discover items shop new styles example com code birthday extra,promotions,1,low
new thread technical support matches alert user pixelartist thread forum com thread,forum,0,high
anniversary twitter group tech enthusiasts invited rsvp platform com events workshop,social_media,2,low
webdev reply graphics driver trending techsupport comments view support site ticket,forum,0,low
login alert verification step needed pin required login confirmation microsoft,verify_code,5,medium
popular near product launch friends checked central perk see photos menu platform com locations venue,social_media,2,low
mod application open book club revised rules effective immediately key changes citation requirements news posts review support site ticket,forum,0,low
new event webinar alex check david amazing post reply platform com messages group,social_media,2,low
important address changed thank payment applied account receipt service com status,updates,4,medium
moderator report processed user datawiz posted helpful solution view wiki site page,forum,0,low
software update available items shipped via dhl tracking estimated delivery aug track banking com statements,updates,4,low
birthday discount deal ends time items lowest prices shop example com use code birthday,promotions,1,low
memories week group update tech enthusiasts posted story trending remote workers best summer destination,social_media,2,low
meetup scheduled sep nyc devops practitioners rsvp forum com events nyc meetup,forum,0,medium
news sarah johnson started new position see video social com posts photo comments great insight disable notifications platform com notifications,social_media,2,low
identity verification required code account verification share requested pst,verify_code,5,medium
remote wipe confirmation enter wipe device data,verify_code,5,medium
ama session researcher event starts time prepare wiki site page,forum,0,low
safety recall model restaurant new hours effective immediately nov gmt assignment confirmed manage booking banking com statements,updates,4,medium
membership upgrade delivered achieved updated user agreement review changes company com updates effective oct,updates,4,low
google transfer confirmation access code transaction authorization valid,verify_code,5,medium
privacy focused search engine ranking algorithm improve result quality join discussion searchengineprivacy forum algorithm revamp technical deep dive doc,forum,0,low
answered query general discussion user webdev posted helpful solution view support site ticket,forum,0,low
final notice amazon end following paypal application rates dropped apply bit fakeprize stop opt,spam,3,low
refund confirmation facebook requires immediate password update click phishing site com failure within hrshrs causes lockout,spam,3,medium
microsoft transfer confirmation code login confirmation share requested pst,verify_code,5,medium
digital currency monetary authority charter dcma establishment documents review digitalcurrency authority org charter governance section iii,updates,4,low
event invitation webinar oct group tech enthusiasts invited rsvp social com events meetup,social_media,2,low
urgent claim prize following apple application rates dropped apply scam delivery com stop opt,spam,3,high
news groups follow see photo platform com content video comments thanks sharing disable notifications social com settings,social_media,2,low
last chance warehouse clearance deal ends time items lowest prices shop example com use code birthday,promotions,1,low
vip early access fall collection hour presale starts fashion com fall vip password vipfall,promotions,1,high
weekly digest top content missed articles videos discussions view social com digest weekly,social_media,2,low
software update available new features security updates install company com updates changelog included,updates,4,low
wiki edit approved gaming event starts time prepare forum com thread,forum,0,low
david kim mentioned comment group tech enthusiasts invited rsvp platform com events workshop,social_media,2,low
live tech conference keynote view profile platform com users sarah accept reject social com friends pending,social_media,2,low
verification required pin required transaction authorization apple,verify_code,5,low
nearby meetup today alex check david count reply social com chats hiking,social_media,2,low
facebook investment opportunity roi following facebook application rates dropped apply bit fakeprize stop opt,spam,3,low
paypal egift card loyal customers refund processed claim bit fakeprize complete within hrshrs,spam,3,low
verification code pin required transaction authorization facebook,verify_code,5,low
selected maldives trip macbook air logged hrs minutes ago verify scam delivery com secure account,spam,3,low
new friend request john smith grand canyon alex view album platform com memories beach,social_media,2,medium
facebook workspace verification security code enter sign page expires minutes contact support,verify_code,5,low
data usage alert monthly quota august statement available view download company com updates action needed payment scheduled,updates,4,medium
free ipad survey invoice inv ready view scam delivery com dispute within hrshrs,spam,3,medium
account summary monthly statement ready car rental main pool closed aug maintenance aug est assignment confirmed manage booking banking com statements,updates,4,medium
netflix security alert account frozen invoice inv ready view scam delivery com dispute within hrshrs,spam,3,medium
nearby meetup today view profile social com profile john accept reject social com friends pending,social_media,2,low
identity confirmation transaction authorization enter share number,verify_code,5,medium
reservation confirmed hotel booking items shipped via usps tracking estimated delivery sep track service com status,updates,4,medium
microsoft withdrawal auth pin required account verification github,verify_code,5,low
service outage resolved new features security updates install banking com statements changelog included,updates,4,low
double rewards points week celebrate entire purchase valid example com code vip,promotions,1,low
new messages hiking buddies chat grand canyon alex view album platform com memories beach,social_media,2,low
new subforum created ethics discussion first post forum com subforums ethics,forum,0,low
identity confirmation code login confirmation share requested gmt,verify_code,5,medium
post moved technical support user pixelartist posted helpful solution view support site ticket,forum,0,low
auto renewal cancelled subscription renew reactivate account com subscriptions,updates,4,low
verification code login confirmation enter share number,verify_code,5,medium
microsoft workspace verification use verification code device samsung galaxy location chicago,verify_code,5,low
anniversary special extra clearance celebrate entire purchase valid example com code flash,promotions,1,low
google transfer confirmation access code login confirmation valid,verify_code,5,medium
forum migration complete new server online report issues known issue search indexing progress,forum,0,low
amazon used new device immediate action required subscription payment failed update payment phishing site com call support fake,spam,3,medium
new arrivals summer collection live discover items shop new styles example com code birthday extra,promotions,1,low
membership upgrade processing achieved items cancelled via dhl tracking estimated delivery aug track banking com statements,updates,4,low
new messages hiking buddies chat story new york received likes comments see insights social com insights post,social_media,2,low
event invitation webinar aug thanks sharing view social com profile user reply disable social com settings,social_media,2,low
verification required login confirmation enter share number,verify_code,5,medium
anniversary instagram view profile social com profile john accept reject social com friends pending,social_media,2,low
payment received invoice inv restaurant new hours effective immediately dec gmt assignment confirmed manage booking banking com statements,updates,4,medium
techsupport reply css alignment report per report details forum com thread,forum,0,low
address update required confirm order ord account com address confirm,updates,4,medium
secure access number access code transaction authorization valid,verify_code,5,low
renew paypal subscription see messaged amazon view scam delivery com special offer membership,spam,3,low
order cancelled new features new bug fixes install company com updates changelog included,updates,4,low
watch later recommended article group update tech enthusiasts posted post trending remote workers best summer destination,social_media,2,low
memories week see photo platform com content video comments love disable notifications platform com notifications,social_media,2,low
ama session nasa engineer earned achievement badge view profile forum com thread,forum,0,low
flash sale books loyal customer get exclusive example com offer code vip,promotions,1,low
google security alert account frozen apple requires immediate password update click scam delivery com failure within hrshrs causes lockout,spam,3,high
microsoft subscription suspended following microsoft application rates dropped apply bit fakeprize stop opt,spam,3,high
important address changed updated terms service review changes company com updates effective aug,updates,4,low
renew netflix subscription unusual login detected russia secure account bit fakeprize account suspended,spam,3,high
service outage resolved confirm cancel banking com statements phone number building,updates,4,medium
new follower david kim view profile social com profile john accept reject platform com requests,social_media,2,medium
post got new reactions group update book club posted photo trending digital artists weekend plans,social_media,2,low
access code enter verify account recovery session auto cancel invalid attempts,verify_code,5,low
new messages book club chat view profile platform com users sarah accept reject social com friends pending,social_media,2,low
final notice paypal end dear winner email annual lottery click phishing site com claim hrs expire unsubscribe,spam,3,low
netflix investment opportunity roi package delivered tracking update bit fakeprize ignore,spam,3,low
birthday reminder friends next week view profile platform com users sarah accept reject platform com requests,social_media,2,medium
triple rewards bonanza weekend event earn points every purchase weekend friday sunday local time transactions qualify accelerated rewards accumulation activate special offer account dashboard rewards program com triple event stackable existing member discounts maximum savings points redeemed gift cards travel exclusive merchandise gold tier members receive additional redemption bonus extended earning potential category restrictions apply limited engagement promotion,promotions,1,low
suspicious activity facebook account see messaged apple view bit fakeprize special offer membership,spam,3,low
delivery rescheduled order august statement available view download service com status action needed payment scheduled,updates,4,medium
user spotlight member spotlight user techguru posted helpful solution view wiki site page,forum,0,low
event reminder conference user pixelartist posted helpful solution view support site ticket,forum,0,low
webdev reply css alignment event starts time prepare wiki site page,forum,0,low
member exclusive extra clearance hello valued member enjoy buy one get one free shop example com expires date,promotions,1,low
flash sale beauty products deal ends time items lowest prices shop example com use code welcome,promotions,1,low
delivery rescheduled order new features security updates install company com updates changelog included,updates,4,medium
account summary august statement ready thank payment applied account receipt banking com statements,updates,4,medium
poll vote favorite tech tools video new york received likes comments see insights social com insights post,social_media,2,low
microsoft refund notification invoice inv ready view scam delivery com dispute within hrshrs,spam,3,low
community announcement schedule change thank payment applied account receipt company com updates,updates,4,medium
warning violation react performance trending cooking comments view forum com thread,forum,0,high
thread moved support section wifi connectivity relocated techforum com threads wifi fix,forum,0,low
linkedin withdrawal auth security code enter sign page expires minutes contact support,verify_code,5,low
news groups follow mike great event today david weather looks great reply social com chats hiking,social_media,2,low
hmrc tax refund approval immediate action required subscription payment failed update payment scam delivery com call support,spam,3,medium
anniversary special buy one get one free deal ends time items lowest prices shop example com use code save,promotions,1,low
news john smith started new position see post platform com content video comments great insight disable notifications social com settings,social_media,2,low
lisa rodriguez mentioned comment college reunion photos view album platform com memories beach,social_media,2,low
api key validation finalize integration code,verify_code,5,low
new reply python coding challenge user codemaster report support site ticket,forum,0,low
facebook egift card loyal customers unusual login detected russia secure account scam delivery com account suspended,spam,3,high
hour sale free shipping week loyal customer get exclusive example com offer code save,promotions,1,low
memories week see story platform com content video comments thanks sharing disable notifications social com settings,social_media,2,low
github transfer confirmation enter verify account recovery session auto cancel invalid attempts,verify_code,5,medium
last chance warehouse clearance celebrate entire purchase valid example com code birthday,promotions,1,low
anniversary special buy one get one free favorite items back wait example com use code vip,promotions,1,low
event invitation workshop aug great insight view social com events event reply disable social com settings,social_media,2,low
inheritance claim late relative following microsoft application rates dropped apply phishing site com stop opt,spam,3,low
new messages tech enthusiasts chat great insight view social com notifications reply disable platform com notifications,social_media,2,low
new event workshop college reunion photos view album platform com memories beach,social_media,2,low
wiki edit approved webdev comment per report details support site ticket,forum,0,low
security questions updated changed today gmt confirm securityportal com verification,updates,4,medium
vip preview holiday deals deal ends time items lowest prices shop example com use code welcome,promotions,1,low
facebook authenticator pin required account verification linkedin,verify_code,5,low
missed delivery confirmation netflix requires immediate password update click bit fakeprize failure within hrshrs causes lockout,spam,3,medium
watch later recommended story friends checked central perk see photos menu social com places cafe,social_media,2,low
new arrivals holiday decor live deal ends time items lowest prices shop example com use code birthday,promotions,1,low
google drive storage full pay prevent data loss google drive upgrade tech account,spam,3,low
apple locked security compromise phishing attempt intercepted account unlock appleid unlock verify tech case apl icloud services suspended potential data loss risk review recent login map showing access three countries,spam,3,high
anniversary special free shipping week celebrate entire purchase valid example com code welcome,promotions,1,low
news groups follow view profile social com profile john accept reject social com friends pending,social_media,2,low
ama session researcher user datawiz post wiki site page,forum,0,low
membership upgrade cancelled achieved updated terms service review changes service com status effective nov,updates,4,low
selected cruise following netflix application rates dropped apply phishing site com stop opt,spam,3,low
new device approval enter verify account recovery session auto cancel invalid attempts,verify_code,5,low
validation number enter confirm identity document upload,verify_code,5,medium
new featured guide cooking thread discussion started webdev settings support site ticket,forum,0,low
reservation confirmed hotel booking new features new bug fixes install company com updates changelog included,updates,4,medium
ama session nasa engineer earned achievement badge view profile wiki site page,forum,0,low
special offer favorite items back wait example com use code save,promotions,1,low
news mike chen started new position friends checked central perk see photos menu social com places cafe,social_media,2,low
auto payment failed subscription yesterday network connectivity problem fixed systems operational apologies inconvenience,updates,4,medium
netflix used new device immediate action required subscription payment failed update payment bit fakeprize call support,spam,3,medium
membership upgrade processing achieved monthly statement available view download company com updates action needed payment scheduled,updates,4,medium
popular near workshop thanks sharing view social com notifications reply disable platform com notifications,social_media,2,low
important address changed service unavailable window updates include bug fixes new features,updates,4,low
reservation confirmed hotel booking updated user agreement review changes service com status effective sep,updates,4,medium
membership upgrade processing achieved abc airlines new hours effective immediately nov pst assignment confirmed manage booking banking com statements,updates,4,medium
live product launch keynote video london received likes comments see insights platform com analytics content,social_media,2,low
friend anniversary years connected alex chen celebrate social com friends anniversary,social_media,2,low
event invitation meetup oct post sydney received likes comments see insights social com insights post,social_media,2,low
data usage alert monthly quota new features new bug fixes install service com status changelog included,updates,4,high
google inquiry see messaged apple view scam delivery com special offer membership,spam,3,low
microsoft used new device dear winner email annual lottery click scam delivery com claim hrs expire unsubscribe,spam,3,low
live meetup keynote group update book club posted post trending startup founders best summer destination,social_media,2,low
birthday reminder friends next week group book club invited rsvp platform com events workshop,social_media,2,low
final notice microsoft end package delivered tracking update phishing site com ignore,spam,3,low
appointment reminder smith oct pst car rental main pool closed aug maintenance sep midnight assignment confirmed manage booking banking com statements,updates,4,medium
new thread book club matches alert revised rules effective immediately key changes citation requirements news posts review support site ticket,forum,0,high
auto payment failed subscription new features dark mode performance boost install banking com statements changelog included,updates,4,medium
important phone number changed thank payment applied account receipt company com updates,updates,4,medium
new thread technical support matches alert user techguru posted helpful solution view forum com thread,forum,0,high
microsoft used new device refund processed claim bit fakeprize complete within hrshrs,spam,3,low
free ipad survey unusual login detected nigeria secure account scam delivery com account suspended,spam,3,high
archaeological lidar scan processing maya city point cloud cleanup team discovery lidar org data process join archaeology channel,forum,0,low
missed delivery confirmation see messaged amazon view scam delivery com special offer membership,spam,3,low
appointment confirmed oct midnight august statement available view download service com status action needed payment scheduled,updates,4,medium
data migration notice archive system upgrade historical content migration scheduled september period posts older years unavailable transfer enhanced archival system improved search preservation features request urgent access historical content forum com archive access ref arch new system supports multimedia preservation,forum,0,medium
microsoft inquiry see messaged netflix view bit fakeprize special offer membership,spam,3,low
last chance black friday july deal ends time items lowest prices shop example com use code flash,promotions,1,low
temporary security pass pin required password reset twitter,verify_code,5,high
news groups follow alex anyone free weekend emily amazing post reply platform com messages group,social_media,2,low
forum maintenance complete thread discussion moved general support continue forum com thread,forum,0,low
linkedin verification enter verify password reset session auto cancel invalid attempts,verify_code,5,high
appointment confirmed nov midnight biometric login activated per request learn banking com statements,updates,4,medium
flash sale home decor favorite items back wait example com use code save,promotions,1,low
new arrivals holiday decor live loyal customer get exclusive example com offer code flash,promotions,1,low
security upgrade password encryption enabled yesterday server maintenance fixed systems operational apologies inconvenience,updates,4,high
moderator comment processed user webdev posted helpful solution view forum com thread,forum,0,low
post moved general discussion user pixelartist comment wiki site page,forum,0,low
ama live nasa engineer answering questions spaceforum com live ama nasa,forum,0,low
lisa rodriguez mentioned comment group hiking buddies live streaming join social com live conference,social_media,2,low
inheritance claim late relative immediate action required subscription payment failed update payment bit fakeprize call support scam,spam,3,medium
microsoft investment opportunity roi see messaged paypal view bit fakeprize special offer membership,spam,3,low
collaborative memory book project create college memories digital album classmates social com memories collab college upload deadline oct printed edition available pre order,social_media,2,low
post got new reactions great insight view social com notifications reply disable social com settings,social_media,2,low
air traffic control test signal atc test radar transponder test code use faa test range facilities coordinate tower,verify_code,5,low
clearance madness beauty products final hours biggest sale example com ends time,promotions,1,low
amazon prime benefits expired renew prime membership renew shop code prime,spam,3,low
new event workshop group update photography group posted video trending startup founders best summer destination,social_media,2,low
birthday reminder friends next week post tokyo received likes comments see insights social com insights post,social_media,2,low
apple verification access code password reset valid,verify_code,5,high
identity confirmation code transaction authorization share requested gmt,verify_code,5,medium
news david kim started new position group update hiking buddies posted video trending digital artists weekend plans,social_media,2,low
microsoft authenticator access code account verification valid,verify_code,5,low
membership upgrade delivered achieved yesterday payment processing issue fixed systems operational apologies inconvenience,updates,4,medium
watch later recommended article see post social com posts photo comments great insight disable notifications social com settings,social_media,2,low
amazon refund notification invoice inv ready view scam delivery com dispute within hrshrs,spam,3,low
vip preview clearance event discover items shop new styles example com code birthday extra,promotions,1,low
moderation notice community guidelines update comment per report details support site ticket,forum,0,low
auto payment failed subscription items delivered via fedex tracking estimated delivery oct track banking com statements,updates,4,medium
policy update terms service changes updated terms service review changes company com tos changes effective sep,updates,4,low
mike chen mentioned comment beach vacation family view album social com albums vacation,social_media,2,low
hour sale free shipping week discover items shop new styles example com code vip extra,promotions,1,low
safety recall model august statement available view download banking com statements action needed payment scheduled,updates,4,medium
auto payment failed subscription service unavailable window updates include security patches performance improvements,updates,4,medium
service interruption resolved abc airlines confirm cancel company com updates email building,updates,4,medium
vip preview clearance event favorite items back wait example com use code flash,promotions,1,low
microsoft critical security patch needs immediate update install windows critical update net avoid malware infection,spam,3,high
delivery problem amazon requires immediate password update click scam delivery com failure within hrshrs causes lockout,spam,3,high
refer friends get credit hello valued member enjoy buy one get one free shop example com expires date,promotions,1,low
warning violation python coding challenge thread discussion started pixelartist settings wiki site page,forum,0,high
missed jury duty warrant issued resolve court fine pay legal case,spam,3,low
membership upgrade processing achieved items cancelled via usps tracking estimated delivery sep track banking com statements,updates,4,low
david kim mentioned comment thanks sharing view social com notifications reply disable platform com notifications,social_media,2,low
answered query technical support user datawiz posted helpful solution view support site ticket,forum,0,low
watch later recommended article group book club live streaming join platform com streaming event,social_media,2,low
cooking reply slow boot issue revised rules effective immediately key changes citation requirements news posts review wiki site page,forum,0,low
microsoft refund notification dear winner email annual lottery click phishing site com claim hrs expire unsubscribe,spam,3,low
covid exposure notification possible contact infected individual view exposure map health alert covid tracing hlt high risk location visited yesterday requires immediate testing protocol activation,spam,3,low
user spotlight member spotlight user techguru post forum com thread,forum,0,low
selected maldives trip dear winner email annual lottery click scam delivery com claim hrs expire unsubscribe,spam,3,low
popular near tech conference sarah check emily amazing post reply platform com messages group,social_media,2,low
special offer hello valued member enjoy free shipping week shop example com expires date,promotions,1,low
anniversary special buy one get one free deal ends time items lowest prices shop example com use code welcome,promotions,1,low
new messages tech enthusiasts chat alex great event today emily weather looks great reply social com chats hiking,social_media,2,low
refer friends get credit celebrate entire purchase valid example com code birthday,promotions,1,low
vip preview summer sale hello valued member enjoy extra clearance shop example com expires date,promotions,1,low
anniversary linkedin group photography group invited rsvp social com events meetup,social_media,2,low
community announcement pool closure hotel booking new hours effective immediately oct pst assignment confirmed manage booking company com updates,updates,4,low
access authorization code required banking settings change requested gmt,verify_code,5,medium
double rewards points today hello valued member enjoy buy one get one free shop example com expires date,promotions,1,low
renew microsoft subscription apple requires immediate password update click bit fakeprize failure within hrshrs causes lockout,spam,3,high
birthday reminder friends week friends checked central perk see photos menu social com places cafe,social_media,2,low
membership upgrade processing achieved yesterday network connectivity problem fixed systems operational apologies inconvenience,updates,4,low
forum contest photo contest database upgrade completed successfully new features new search notifications faq wiki site page,forum,0,low
clearance madness home decor favorite items back wait example com use code vip,promotions,1,low
double rewards points today loyal customer get exclusive example com offer code birthday,promotions,1,low
live alert product launch behind scenes view profile social com profile john accept reject platform com requests,social_media,2,medium
live alert product launch behind scenes love view social com profile user reply disable platform com notifications,social_media,2,low
important phone number changed restaurant main pool closed aug maintenance aug pst assignment confirmed manage booking service com status,updates,4,medium
new arrivals fall fashion live discover items shop new styles example com code welcome extra,promotions,1,low
ancient codex digital reconstruction vesuvius scroll multispectral analysis join classical studies org scrolls pixel classification,forum,0,low
anniversary special extra clearance hello valued member enjoy free shipping week shop example com expires date,promotions,1,low
mobile app update push notifications improved update appstore com forum app,forum,0,low
yearly survey forum improvement ideas share suggestions sep survey forum com top ideas get special badge,forum,0,low
microsoft password expiration unusual login detected russia secure account bit fakeprize account suspended,spam,3,high
anniversary special free shipping week discover items shop new styles example com code save extra,promotions,1,low
important payment due date changed updated user agreement review changes banking com statements effective nov,updates,4,medium
free macbook pro survey refund processed claim scam delivery com complete within hrshrs,spam,3,low
payment received invoice inv restaurant new hours effective immediately dec midnight assignment confirmed manage booking service com status,updates,4,medium
verification pin password reset enter share number,verify_code,5,high
new arrivals back school live favorite items back wait example com use code welcome,promotions,1,low
temporary pin code password reset share requested est,verify_code,5,high
forum maintenance progress thread per report details forum com thread,forum,0,low
appointment reminder haircut aug pst confirm cancel banking com statements payment due date building,updates,4,medium
forum maintenance scheduled database upgrade completed successfully new features new search notifications faq support site ticket,forum,0,low
security upgrade biometric login enabled items shipped via ups tracking estimated delivery aug track company com updates,updates,4,low
forum maintenance progress user pixelartist posted helpful solution view forum com thread,forum,0,low
early access clearance event start favorite items back wait example com use code vip,promotions,1,low
suspicious activity amazon account immediate action required subscription payment failed update payment bit fakeprize call support fake,spam,3,medium
software update available new features new bug fixes install service com status changelog included,updates,4,low
post moved general discussion user techguru posted helpful solution view wiki site page,forum,0,low
service interruption resolved hotel booking monthly statement available view download service com status action needed payment scheduled,updates,4,medium
temporary security pass access code account settings change valid,verify_code,5,low
paypal subscription suspended refund processed claim bit fakeprize complete within hrshrs,spam,3,high
watch later recommended photo group update tech enthusiasts posted photo trending startup founders best summer destination,social_media,2,low
news sarah johnson started new position group update hiking buddies posted article trending startup founders weekend plans,social_media,2,low
mike chen mentioned comment group photography group live streaming join social com live conference,social_media,2,low
ama session researcher thread discussion started pixelartist settings wiki site page,forum,0,low
email verification confirm new email address code valid hour,verify_code,5,medium
login code reply pin required login confirmation twitter,verify_code,5,medium
anniversary social platform group tech enthusiasts invited rsvp platform com events workshop,social_media,2,low
live event product launch countdown join exclusive reveal new flagship smartphone social com live product launch backstage access vip members live chat engineers stream set reminder sep,social_media,2,low
free gift hotel stay celebrate entire purchase valid example com code welcome,promotions,1,low
refund confirmation immediate action required subscription payment failed update payment phishing site com call support,spam,3,medium
apple used new device macbook air logged hrs minutes ago verify bit fakeprize secure account,spam,3,low
user spotlight member spotlight thread discussion moved general support continue forum com thread,forum,0,low
important phone number changed hotel booking main pool closed aug maintenance sep gmt assignment confirmed manage booking service com status,updates,4,medium
inheritance claim late relative following amazon application rates dropped apply scam delivery com stop opt,spam,3,low
biometric stress management system hrv feedback executives suite neuroperformancecorp com includes eeg headset,promotions,1,low
digital art nft minting verification crypt art creator authentication code required minting artchain gas fee applies per mint,verify_code,5,low
watch later recommended story see post social com posts photo comments inspiring disable notifications social com settings,social_media,2,low
double rewards points sunday deal ends time items lowest prices shop example com use code birthday,promotions,1,low
watch later recommended video group update book club posted post trending startup founders weekend plans,social_media,2,low
achievement unlocked expert helper comment per report details forum com thread,forum,0,low
verification pin zelle transfer john doe device samsung galaxy,verify_code,5,low
clearance madness beauty products favorite items back wait example com use code vip,promotions,1,low
thread locked reason thread per report details wiki site page,forum,0,low
two step verification code use verification code device chrome windows location chicago,verify_code,5,low
payment received invoice inv updated privacy policy review changes banking com statements effective oct,updates,4,medium
new event workshop see article platform com content video comments love disable notifications platform com notifications,social_media,2,low
membership upgrade cancelled achieved items processing via fedex tracking estimated delivery aug track company com updates,updates,4,low
antivirus family plan devices limited license transferable gift buy cybersafe com family plan supports win mac ios android,promotions,1,low
data usage alert monthly quota items cancelled via fedex tracking estimated delivery nov track service com status,updates,4,high
firewall breach alert home network malicious inbound connections secure router home network security org trace attached,spam,3,high
security alert failed login attempts following facebook application rates dropped apply scam delivery com stop opt,spam,3,high
live alert webinar behind scenes group photography group invited rsvp platform com events workshop,social_media,2,high
urgent third delivery attempt failure notification records indicate multiple unsuccessful delivery attempts parcel dhl trk package returned sender within hours unless immediately authorize redelivery fee schedule pickup local facility visit resolution portal dhl delivery resolve fake trk package contains time sensitive documents requiring signature confirmation failure act may result customs destruction international shipments contact virtual assistant real time support options,spam,3,medium
forum digest books discussions event starts time prepare wiki site page,forum,0,low
poll vote weekend plans view profile platform com users sarah accept reject social com friends pending,social_media,2,low
forum digest books discussions user datawiz posted helpful solution view support site ticket,forum,0,low
membership upgrade delivered achieved new features dark mode performance boost install service com status changelog included,updates,4,low
creator bundle camera software suite sony adobe creative cloud annual plan creatorstore com bundle deal includes exclusive lighting kit online masterclass access financing options available,promotions,1,low
security alert failed login attempts apple requires immediate password update click scam delivery com failure within hrshrs causes lockout,spam,3,high
forum contest photo contest thread discussion moved general support continue wiki site page,forum,0,low
new follower mike chen view profile social com profile john accept reject platform com requests,social_media,2,medium
identity confirmation use verification code device iphone pro location chicago,verify_code,5,medium
temporary security pass pin required password reset github,verify_code,5,high
community announcement pool closure items shipped via dhl tracking estimated delivery aug track service com status,updates,4,low
facebook egift card loyal customers invoice inv ready view scam delivery com dispute within hrshrs,spam,3,medium
moderator thread processed trending linux comments view support site ticket,forum,0,low
live podcast recording community submit questions tech talk live episode forum com podcast episode recording date sep participants entered hardware giveaway,forum,0,low
delivery rescheduled order confirm cancel service com status phone number building,updates,4,medium
answered query general discussion user webdev thread wiki site page,forum,0,low
final notice apple end iphone pro logged hrs minutes ago verify phishing site com secure account,spam,3,low
new friend request david kim great insight view social com events event reply disable platform com notifications,social_media,2,low
google password expiration following apple application rates dropped apply scam delivery com stop opt,spam,3,high
double rewards points week celebrate entire purchase valid example com code birthday,promotions,1,low
anniversary special free shipping week discover items shop new styles example com code welcome extra,promotions,1,low
linkedin authenticator access code password reset valid,verify_code,5,high
facebook authenticator security code enter sign page expires minutes contact support,verify_code,5,low
clearance madness books deal ends time items lowest prices shop example com use code vip,promotions,1,low
privacy request pin complete gdpr data request,verify_code,5,medium
google subscription suspended unusual login detected nigeria secure account bit fakeprize account suspended,spam,3,high
renew facebook subscription immediate action required subscription payment failed update payment phishing site com call support scam,spam,3,medium
verification code code account verification share requested gmt,verify_code,5,medium
poll vote favorite tech tools group update photography group posted post trending startup founders best summer destination,social_media,2,low
data usage alert monthly quota updated user agreement review changes service com status effective aug,updates,4,high
dream interpretation model training share anonymous dream logs dataset dreamarchive language models updated,social_media,2,low
digital twin emotional model project avatar emotional responsiveness research apply virtual humans requires motion capture,social_media,2,low
order delivered yesterday network connectivity problem fixed systems operational apologies inconvenience,updates,4,low
temporary pin code password reset share requested pst,verify_code,5,high
flash deal camera units left price shop electronicsoutlet com clearance cam clearance final,promotions,1,low
appointment confirmed oct pst updated cookie policy review changes service com status effective oct,updates,4,medium
new arrivals holiday decor live favorite items back wait example com use code flash,promotions,1,low
new reply homebrew setup guide user brewmaster added troubleshooting tips thread homebrewforum com threads guide reply,forum,0,low
hour sale buy one get one free loyal customer get exclusive example com offer code birthday,promotions,1,low
birthday reminder friends tomorrow see story platform com content video comments inspiring disable notifications platform com notifications,social_media,2,low
invoice available immediate action required subscription payment failed update payment scam delivery com call support,spam,3,medium
last chance end season sale favorite items back wait example com use code flash,promotions,1,low
linux reply database query database upgrade completed successfully new features new search notifications faq wiki site page,forum,0,low
google investment opportunity roi following apple application rates dropped apply bit fakeprize stop opt,spam,3,low
apple transfer confirmation token expires gmt support contact,verify_code,5,medium
moderation notice community guidelines update thread per report details support site ticket,forum,0,low
apple subscription suspended ipad pro logged hrs minutes ago verify phishing site com secure account,spam,3,high
appointment confirmed dentist sep location dental ave cancel modify appointments com dental,updates,4,medium
new follower sarah johnson beach vacation family view album platform com memories beach,social_media,2,low
apple investment opportunity roi microsoft requires immediate password update click bit fakeprize failure within hrshrs causes lockout,spam,3,high
appointment reminder haircut dec est yesterday server maintenance fixed systems operational apologies inconvenience,updates,4,medium
nearby tech conference today thanks sharing view social com profile user reply disable social com settings,social_media,2,low
answered query programming help earned achievement badge view profile forum com thread,forum,0,low
event invitation webinar sep see story social com posts photo comments love disable notifications platform com notifications,social_media,2,low
identity verification required access code account verification valid,verify_code,5,low
achievement unlocked community star trending techsupport comments view wiki site page,forum,0,low
security alert failed login attempts following google application rates dropped apply phishing site com stop opt,spam,3,high
last chance warehouse clearance deal ends time items lowest prices shop example com use code flash,promotions,1,low
documentary pitch deck digital nomad diaries production crew seeking stories submit filmpitches com project dnd pitch template attached,social_media,2,low
identity confirmation enter confirm account recovery request ignore,verify_code,5,medium
payment received invoice inv password encryption activated per request learn banking com statements,updates,4,medium
service interruption resolved restaurant thank payment applied account receipt banking com statements,updates,4,medium
memories week post paris received likes comments see insights platform com analytics content,social_media,2,low
linkedin authenticator account verification enter share number,verify_code,5,low
final notice paypal end following amazon application rates dropped apply scam delivery com stop opt,spam,3,low
facebook authenticator password reset enter share number,verify_code,5,high
temporary code admin portal access expires min,verify_code,5,low
important payment due date changed biometric login activated per request learn company com updates,updates,4,medium
suspicious activity facebook account dear winner email annual lottery click phishing site com claim hrs expire unsubscribe,spam,3,low
new featured guide cooking database upgrade completed successfully new features new search notifications faq forum com thread,forum,0,low
inheritance claim late relative ipad pro logged hrs minutes ago verify bit fakeprize secure account,spam,3,low
new follower david kim sarah check emily amazing post reply social com chats hiking,social_media,2,low
early access clearance event start loyal customer get exclusive example com offer code welcome,promotions,1,low
flash sale tools favorite items back wait example com use code birthday,promotions,1,low
microsoft investment opportunity roi immediate action required subscription payment failed update payment phishing site com call support,spam,3,medium
twitter withdrawal auth account verification enter share number,verify_code,5,low
selected maldives trip package delivered tracking update bit fakeprize ignore,spam,3,low
new arrivals back school live celebrate entire purchase valid example com code flash,promotions,1,low
post moved programming help event starts time prepare forum com thread,forum,0,low
post featured foodchallenge group tech enthusiasts live streaming join social com live conference,social_media,2,low
live alert product launch behind scenes group photography group live streaming join social com live conference,social_media,2,high
live alert webinar behind scenes see article platform com content video comments thanks sharing disable notifications social com settings,social_media,2,low
warning violation database optimization event starts time prepare wiki site page,forum,0,high
forum maintenance scheduled earned achievement badge view profile wiki site page,forum,0,medium
memories week friends checked tech hub see photos menu platform com locations venue,social_media,2,low
membership upgrade delivered achieved new features dark mode performance boost install company com updates changelog included,updates,4,low
github verification enter verify account recovery session auto cancel invalid attempts,verify_code,5,low
urgent suspicious login attempt account locked due security breach verify secure login rescue xyz ref,spam,3,medium
forum maintenance progress thread discussion started datawiz settings forum com thread,forum,0,low
privacy focused kernel contribution open source secure kernel dev tickets privacylinux issues priority patch requests,forum,0,medium
new arrivals back school live deal ends time items lowest prices shop example com use code vip,promotions,1,low
vip preview new arrivals discover items shop new styles example com code birthday extra,promotions,1,low
answered query programming help post per report details wiki site page,forum,0,low
forum digest books discussions earned achievement badge view profile support site ticket,forum,0,low
amazon investment opportunity roi package delivered tracking update bit fakeprize ignore,spam,3,low
important email changed thank payment applied account receipt company com updates,updates,4,medium
data usage alert monthly quota confirm cancel service com status address building,updates,4,medium
nearby tech conference today view profile social com profile john accept reject social com friends pending,social_media,2,low
policy update privacy policy revised changes take effect sep summary datapolicy com changes aug,updates,4,low
verification code enter verify account recovery session auto cancel invalid attempts,verify_code,5,low
renew microsoft subscription netflix requires immediate password update click scam delivery com failure within hrshrs causes lockout,spam,3,high
anniversary special buy one get one free deal ends time items lowest prices shop example com use code flash,promotions,1,low
new messages hiking buddies chat see photo platform com content video comments inspiring disable notifications platform com notifications,social_media,2,low
facebook verification password reset enter share number,verify_code,5,high
deep ocean vent research entry dsv alvin research compartment entry abyss entry pressure check oceanexploration access real time telemetry,verify_code,5,low
poll vote best summer destination grand canyon alex view album platform com memories beach,social_media,2,low
free airpods survey google requires immediate password update click bit fakeprize failure within hrshrs causes lockout,spam,3,high
free dessert order favorite items back wait example com use code welcome,promotions,1,low
important address changed hotel booking new hours effective immediately aug est assignment confirmed manage booking company com updates,updates,4,medium
new thread career advice matches alert report per report details wiki site page,forum,0,high
refer friends get credit loyal customer get exclusive example com offer code save,promotions,1,low
event invitation workshop aug group update book club posted article trending remote workers favorite tech tools,social_media,2,low
data usage alert monthly quota hotel booking new hours effective immediately oct est assignment confirmed manage booking banking com statements,updates,4,high
news mike chen started new position view profile social com profile john accept reject social com friends pending,social_media,2,low
login code reply enter verify new device registration session auto cancel invalid attempts,verify_code,5,low
scheduled maintenance sep gmt items delivered via ups tracking estimated delivery nov track service com status,updates,4,medium
apple password expiration dear winner email annual lottery click scam delivery com claim hrs expire unsubscribe,spam,3,high
appointment confirmed dec est july statement available view download company com updates action needed payment scheduled,updates,4,medium
john smith liked post friends checked central perk see photos menu platform com locations venue,social_media,2,low
thread locked reason user codemaster posted helpful solution view forum com thread,forum,0,low
security notice suspicious login blocked september statement available view download service com status action needed payment scheduled,updates,4,medium
live alert tech conference behind scenes sarah check david amazing post reply platform com messages group,social_media,2,high
achievement unlocked expert helper trending gaming comments view forum com thread,forum,0,low
expert verification application approved cybersecurity professional badge added profile forum com verification cyb privileges answer highlighting topic moderation rights renewal required annually,forum,0,low
nearby webinar today see post social com posts photo comments love disable notifications platform com notifications,social_media,2,low
double rewards points sunday celebrate entire purchase valid example com code flash,promotions,1,low
important address changed july statement available view download company com updates action needed payment scheduled,updates,4,medium
community announcement schedule change july statement available view download service com status action needed payment scheduled,updates,4,medium
appointment confirmed aug midnight service unavailable window updates include security patches performance improvements,updates,4,medium
moderator thread processed user codemaster posted helpful solution view wiki site page,forum,0,low
invoice available macbook air logged hrs minutes ago verify phishing site com secure account,spam,3,medium
urgent claim prize netflix requires immediate password update click scam delivery com failure within hrshrs causes lockout,spam,3,high
member exclusive extra clearance hello valued member enjoy extra clearance shop example com expires date,promotions,1,low
google withdrawal auth token expires gmt support contact,verify_code,5,low
forum maintenance complete database upgrade completed successfully new features new search notifications faq forum com thread,forum,0,low
forum contest photo contest post per report details forum com thread,forum,0,low
microsoft verification enter verify payment confirmation session auto cancel invalid attempts,verify_code,5,medium
policy update terms service changes confirm cancel banking com statements phone number building,updates,4,medium
forum contest photo contest user datawiz thread wiki site page,forum,0,low
ama session researcher database upgrade completed successfully new features new search notifications faq support site ticket,forum,0,low
access code pin required account verification apple,verify_code,5,low
walmart gift card winner gift card claim walmart gifts win com claim card,spam,3,low
security alert failed login attempts following paypal application rates dropped apply phishing site com stop opt,spam,3,high
post featured traveldiaries article tokyo received likes comments see insights social com insights post,social_media,2,low
ssa tax refund approval samsung galaxy logged hrs minutes ago verify phishing site com secure account,spam,3,low
algorithmic music theory forum mathematical composition structures new subforum music tech discourse mathematical model examples,forum,0,low
apple investment opportunity roi see messaged apple view bit fakeprize special offer membership,spam,3,low
forum contest photo contest earned achievement badge view profile wiki site page,forum,0,low
service outage resolved updated privacy policy review changes company com updates effective oct,updates,4,low
poll vote favorite tech tools group update photography group posted story trending startup founders favorite tech tools,social_media,2,low
watch later recommended post group update photography group posted photo trending digital artists favorite tech tools,social_media,2,low
expired domain notice yourwebsite com deleted renew domain renew urgent tech code web,spam,3,high
renew facebook subscription unusual login detected nigeria secure account bit fakeprize account suspended,spam,3,high
service interruption resolved hotel booking confirm cancel banking com statements email building,updates,4,medium
clearance madness home decor deal ends time items lowest prices shop example com use code birthday,promotions,1,low
amazon password expiration unusual login detected romania secure account bit fakeprize account suspended,spam,3,high
achievement unlocked expert helper user webdev comment forum com thread,forum,0,low
post featured workoutmotivation view profile social com profile john accept reject platform com requests,social_media,2,medium
flash sale books loyal customer get exclusive example com offer code birthday,promotions,1,low
new friend request mike chen mike great event today emily amazing post reply platform com messages group,social_media,2,medium
service interruption resolved hotel booking items cancelled via ups tracking estimated delivery nov track company com updates,updates,4,low
scheduled maintenance aug est new features dark mode performance boost install service com status changelog included,updates,4,medium
forum maintenance progress user codemaster report wiki site page,forum,0,low
auto payment failed subscription updated terms service review changes banking com statements effective oct,updates,4,medium
community announcement maintenance yesterday payment processing issue fixed systems operational apologies inconvenience,updates,4,low
flash sale alert doorbuster tech deals next hours save premium electronics includes unprecedented discounts flagship smartphones noise cancelling headphones gaming laptops limited inventory available popular items sell quickly shop lightning deals tech emporium com flash sale price match guarantee applies purchases plus free year extended warranty qualifying items sign sms alerts receive exclusive additional coupon mobile checkout,promotions,1,low
important email changed new features security updates install banking com statements changelog included,updates,4,low
wire transfer pin transfer authorization code valid min,verify_code,5,low
live alert workshop behind scenes view profile platform com users sarah accept reject platform com requests,social_media,2,medium
community announcement schedule change hotel booking main pool closed aug maintenance oct pst assignment confirmed manage booking service com status,updates,4,medium
renew google subscription refund processed claim scam delivery com complete within hrshrs,spam,3,low
flash sale electronics deal ends time items lowest prices shop example com use code save,promotions,1,low
new thread book club matches alert event starts time prepare wiki site page,forum,0,high
community announcement schedule change items cancelled via usps tracking estimated delivery aug track banking com statements,updates,4,low
paypal password expiration invoice inv ready view phishing site com dispute within hrshrs,spam,3,medium
data export available download forum activity history forum com account data export,forum,0,low
wiki edit approved linux earned achievement badge view profile support site ticket,forum,0,low
warning violation database optimization thread discussion moved general support continue forum com thread,forum,0,high
renew microsoft subscription following google application rates dropped apply scam delivery com stop opt,spam,3,low
flash sale electronics deal ends time items lowest prices shop example com use code birthday,promotions,1,low
secure access number enter verify password reset session auto cancel invalid attempts,verify_code,5,high
amazon gift card win confirmed random selection winner redeem card amazongift surveywinner com code amzgc limited claims remaining,spam,3,medium
facebook password expiration dear winner email annual lottery click scam delivery com claim hrs expire unsubscribe,spam,3,high
birthday reminder friends tomorrow group book club live streaming join social com live conference,social_media,2,low
microsoft transfer confirmation token expires est support contact,verify_code,5,medium
annual developer challenge prize pool month long coding competition begins september categories include innovation security solutions accessibility tools submit entries live demos architecture documentation judging criteria registration forum com dev challenge ref chal weekly mentorship sessions industry experts,forum,0,low
new message attractive single immediate action required subscription payment failed update payment phishing site com call support scam,spam,3,medium
community announcement schedule change hotel booking new hours effective immediately dec est assignment confirmed manage booking service com status,updates,4,medium
apple workspace verification use code complete sign expires minutes,verify_code,5,low
temporary security pass enter confirm account recovery request ignore,verify_code,5,medium
memories week group update hiking buddies posted story trending digital artists best summer destination,social_media,2,low
new follower mike chen see photo platform com content video comments inspiring disable notifications social com settings,social_media,2,low
missed delivery confirmation paypal requires immediate password update click scam delivery com failure within hrshrs causes lockout,spam,3,medium
order delivered items cancelled via fedex tracking estimated delivery dec track company com updates,updates,4,low
poll vote weekend plans beach vacation family view album platform com memories beach,social_media,2,low
new messages tech enthusiasts chat photo sydney received likes comments see insights platform com analytics content,social_media,2,low
popular near tech conference group book club live streaming join social com live conference,social_media,2,low
appointment reminder haircut aug midnight yesterday network connectivity problem fixed systems operational apologies inconvenience,updates,4,medium
event reminder ama industry expert revised rules effective immediately key changes citation requirements news posts review forum com thread,forum,0,low
order delivered items delivered via usps tracking estimated delivery oct track company com updates,updates,4,low
lisa rodriguez mentioned comment sarah check david count reply social com chats hiking,social_media,2,low
spy museum escape room experience cold war themed puzzle challenge group discount espionageexperience com groups,promotions,1,low
payment overdue notice see messaged paypal view scam delivery com special offer membership,spam,3,medium
forum migration complete new features available guide forum com migration guide,forum,0,low
ama session tech ceo trending gaming comments view wiki site page,forum,0,low
google password expiration amazon requires immediate password update click bit fakeprize failure within hrshrs causes lockout,spam,3,high
post moved general discussion post per report details forum com thread,forum,0,low
group milestone members digital nomads celebration join social com groups digital nomads,social_media,2,low
business connection suggestion venture capitalists matching industry profile social com connect suggestions mutual interests startups clean energy three new suggestions added week,social_media,2,low
temporary pin enter verify password reset session auto cancel invalid attempts,verify_code,5,high
brand ambassador invitation exclusive partnership offer details social com ambassador invite,social_media,2,low
twitter authenticator transaction authorization enter share number,verify_code,5,low
service outage resolved thank payment applied account receipt service com status,updates,4,medium
shared memory office party sam tagged video watch social com memories office party,social_media,2,low
birthday discount hello valued member enjoy extra clearance shop example com expires date,promotions,1,low
watch later recommended post group update tech enthusiasts posted photo trending digital artists favorite tech tools,social_media,2,low
new event workshop group update book club posted story trending remote workers weekend plans,social_media,2,low
apple withdrawal auth pin required account verification linkedin,verify_code,5,low
twitter authenticator code transaction authorization share requested pst,verify_code,5,medium
microsoft withdrawal auth code password reset share requested pst,verify_code,5,high
citation warning rule post flagged edit within forum com posts edit,forum,0,high
forum digest books discussions report per report details forum com thread,forum,0,low
new messages book club chat friends checked tech hub see photos menu social com places cafe,social_media,2,low
neural interface implant post market study neurolink long term safety participation clinicaltrials gov neuro study nli patient portal,updates,4,low
achievement unlocked trusted contributor trending techsupport comments view wiki site page,forum,0,low
google subscription suspended immediate action required subscription payment failed update payment phishing site com call support scam,spam,3,high
early access new arrivals start final hours biggest sale example com ends time,promotions,1,low
new message secret admirer immediate action required subscription payment failed update payment bit fakeprize call support,spam,3,medium
access code password reset enter share number,verify_code,5,high
flash sale books favorite items back wait example com use code flash,promotions,1,low
two step verification code use verification code device samsung galaxy location seattle,verify_code,5,low
news mike chen started new position view profile platform com users sarah accept reject platform com requests,social_media,2,low
service interruption notice system maintenance critical infrastructure upgrade scheduled september gmt window services unavailable including api endpoints dashboard access real time data processing plan operations accordingly reschedule automated tasks statusportal com maintenance post maintenance release notes detailing performance improvements available gmt,updates,4,medium
data usage alert monthly quota updated terms service review changes banking com statements effective sep,updates,4,high
mod application open career advice thread discussion started webdev settings wiki site page,forum,0,low
ama session tech ceo user codemaster report support site ticket,forum,0,low
appointment confirmed oct midnight items cancelled via usps tracking estimated delivery aug track company com updates,updates,4,medium
new reply react performance earned achievement badge view profile support site ticket,forum,0,low
temporary security pass token expires gmt support contact,verify_code,5,low
early access new arrivals start discover items shop new styles example com code vip extra,promotions,1,low
reservation confirmed abc airlines new features new bug fixes install company com updates changelog included,updates,4,medium
moderator comment processed earned achievement badge view profile forum com thread,forum,0,low
poll vote best summer destination inspiring view social com profile user reply disable platform com notifications,social_media,2,low
identity verification required pin required password reset facebook,verify_code,5,high
event invitation workshop sep see post platform com content video comments thanks sharing disable notifications social com settings,social_media,2,low
facebook transfer confirmation pin required transaction authorization github,verify_code,5,medium
new follower john smith friends checked downtown cafe see photos menu platform com locations venue,social_media,2,low
hour sale extra clearance deal ends time items lowest prices shop example com use code save,promotions,1,low
github authenticator enter confirm new device registration request ignore,verify_code,5,medium
crypto opportunity roi guaranteed immediate action required subscription payment failed update payment phishing site com call support fake,spam,3,medium
post featured traveldiaries view profile social com profile john accept reject social com friends pending,social_media,2,low
new thread career advice matches alert event starts time prepare wiki site page,forum,0,high
data usage alert monthly quota thank payment applied account receipt service com status,updates,4,medium
service interruption resolved restaurant password encryption activated per request learn service com status,updates,4,medium
nearby workshop today group hiking buddies invited rsvp platform com events workshop,social_media,2,low
policy update privacy policy changes activated per request learn service com status,updates,4,medium
service outage resolved items delivered via dhl tracking estimated delivery sep track service com status,updates,4,low
post moved career advice database upgrade completed successfully new features new search notifications faq wiki site page,forum,0,low
new follower david kim love view social com profile user reply disable social com settings,social_media,2,low
linkedin withdrawal auth pin required account verification apple,verify_code,5,low
new event product launch group tech enthusiasts invited rsvp social com events meetup,social_media,2,low
new device approval login confirmation enter share number,verify_code,5,medium
mike chen mentioned comment group tech enthusiasts invited rsvp social com events meetup,social_media,2,low
answered query programming help revised rules effective immediately key changes citation requirements news posts review forum com thread,forum,0,low
paypal egift card loyal customers immediate action required subscription payment failed update payment scam delivery com call support fake,spam,3,medium
wiki edit approved api documentation contribution added official docs see change devforum com wiki api guide version,forum,0,low
warning violation home server setup earned achievement badge view profile support site ticket,forum,0,high
verification required pin required password reset apple,verify_code,5,high
achievement unlocked master debater quality replies profile badge forum com badges master debater,forum,0,low
bank america overdraft alert overdraft incurred prevent fees boa overdraft resolution bank acct boa immediate payment required avoid credit reporting account closure procedures,spam,3,medium
forum contest photo contest revised rules effective immediately key changes citation requirements news posts review wiki site page,forum,0,low
wiki edit approved techsupport thread discussion moved general support continue wiki site page,forum,0,low
event reminder ama industry expert thread discussion started codemaster settings forum com thread,forum,0,low
appointment reminder dentist aug gmt yesterday server maintenance fixed systems operational apologies inconvenience,updates,4,medium
moderation notice community guidelines update trending webdev comments view forum com thread,forum,0,low
anniversary social platform group book club invited rsvp social com events meetup,social_media,2,low
new event meetup group book club live streaming join social com live conference,social_media,2,low
david kim mentioned comment grand canyon alex view album social com albums vacation,social_media,2,low
important email changed monthly statement available view download banking com statements action needed payment scheduled,updates,4,medium
new arrivals back school live deal ends time items lowest prices shop example com use code save,promotions,1,low
achievement unlocked expert helper revised rules effective immediately key changes citation requirements news posts review support site ticket,forum,0,low
nearby product launch today grand canyon alex view album social com albums vacation,social_media,2,low
memories week group photography group invited rsvp platform com events workshop,social_media,2,low
facebook inquiry iphone pro logged hrs minutes ago verify scam delivery com secure account,spam,3,low
temporary security pass enter confirm new device registration request ignore,verify_code,5,medium
final notice facebook end refund processed claim bit fakeprize complete within hrshrs,spam,3,low
service outage resolved service unavailable window updates include bug fixes new features,updates,4,low
appointment confirmed nov gmt car rental new hours effective immediately aug pst assignment confirmed manage booking banking com statements,updates,4,medium
scheduled maintenance nov midnight updated privacy policy review changes service com status effective sep,updates,4,medium
payment received invoice inv items delivered via dhl tracking estimated delivery nov track company com updates,updates,4,medium
popular near tech conference friends checked downtown cafe see photos menu platform com locations venue,social_media,2,low
community announcement schedule change thank payment applied account receipt banking com statements,updates,4,medium
flash sale home decor hello valued member enjoy free shipping week shop example com expires date,promotions,1,low
data usage alert monthly quota abc airlines new hours effective immediately aug midnight assignment confirmed manage booking banking com statements,updates,4,high
moderation notice community guidelines update earned achievement badge view profile wiki site page,forum,0,low
missed delivery confirmation dear winner email annual lottery click bit fakeprize claim hrs expire unsubscribe,spam,3,medium
forum digest programming discussions revised rules effective immediately key changes citation requirements news posts review forum com thread,forum,0,low
clearance madness tools discover items shop new styles example com code save extra,promotions,1,low
temporary security pass enter confirm payment confirmation request ignore,verify_code,5,medium
service interruption resolved abc airlines thank payment applied account receipt banking com statements,updates,4,medium
new device approval token expires gmt support contact,verify_code,5,low
github withdrawal auth enter confirm password reset request ignore,verify_code,5,medium
invoice available following paypal application rates dropped apply bit fakeprize stop opt,spam,3,medium
final notice microsoft end immediate action required subscription payment failed update payment bit fakeprize call support,spam,3,medium
security upgrade biometric login enabled updated user agreement review changes banking com statements effective nov,updates,4,low
new reply database optimization trending webdev comments view forum com thread,forum,0,low
service interruption resolved hotel booking yesterday network connectivity problem fixed systems operational apologies inconvenience,updates,4,low
verification code enter verify new device registration session auto cancel invalid attempts,verify_code,5,low
thread locked reason thread discussion started datawiz settings support site ticket,forum,0,low
member exclusive free shipping week deal ends time items lowest prices shop example com use code vip,promotions,1,low
facebook refund notification immediate action required subscription payment failed update payment scam delivery com call support fake,spam,3,low
facebook used new device amazon requires immediate password update click phishing site com failure within hrshrs causes lockout,spam,3,high
service outage resolved yesterday server maintenance fixed systems operational apologies inconvenience,updates,4,low
flash sale electronics favorite items back wait example com use code welcome,promotions,1,low
news groups follow group book club live streaming join platform com streaming event,social_media,2,low
community announcement maintenance confirm cancel service com status phone number building,updates,4,low
post got new reactions mike check emily weather looks great reply platform com messages group,social_media,2,low
birthday discount loyal customer get exclusive example com offer code save,promotions,1,low
payroll advance program expanded request pre payday new terms hrportal com payroll advance eligibility requires months employment repayment automatically deducted next paycheck,updates,4,medium
community announcement pool closure service unavailable window updates include security patches performance improvements,updates,4,low
reservation confirmed abc airlines yesterday payment processing issue fixed systems operational apologies inconvenience,updates,4,medium
twitter authenticator token expires gmt support contact,verify_code,5,low
nearby meetup today sarah check emily count reply social com chats hiking,social_media,2,low
new reply home server setup thread discussion moved general support continue forum com thread,forum,0,low
webdev reply database query trending gaming comments view forum com thread,forum,0,low
new follower david kim group update book club posted video trending digital artists best summer destination,social_media,2,low
ssa tax refund approval dear winner email annual lottery click scam delivery com claim hrs expire unsubscribe,spam,3,low
appointment confirmed dec gmt updated privacy policy review changes service com status effective aug,updates,4,medium
delivery rescheduled order confirm cancel banking com statements payment due date building,updates,4,medium
forum maintenance scheduled thread discussion started pixelartist settings support site ticket,forum,0,medium
netflix egift card loyal customers immediate action required subscription payment failed update payment phishing site com call support,spam,3,medium
payment received invoice inv abc airlines new hours effective immediately sep pst assignment confirmed manage booking company com updates,updates,4,medium
order delivered updated privacy policy review changes banking com statements effective dec,updates,4,low
free dessert hotel stay loyal customer get exclusive example com offer code birthday,promotions,1,low
secure access number code login confirmation share requested est,verify_code,5,medium
new device approval use verification code device samsung galaxy location seattle,verify_code,5,low
microsoft transfer confirmation enter verify password reset session auto cancel invalid attempts,verify_code,5,high
facebook refund notification immediate action required subscription payment failed update payment bit fakeprize call support,spam,3,low
flash sale tools deal ends time items lowest prices shop example com use code save,promotions,1,low
microsoft password expiration immediate action required subscription payment failed update payment scam delivery com call support scam,spam,3,high
appointment reminder eye exam nov pst new features new bug fixes install company com updates changelog included,updates,4,medium
gamer special steam card graphics card purchase gaming com bundle deals,promotions,1,low
moderator post processed database upgrade completed successfully new features new search notifications faq wiki site page,forum,0,low
support passcode provide verify support session,verify_code,5,low
news john smith started new position beach vacation family view album social com albums vacation,social_media,2,low
john smith liked post great insight view social com profile user reply disable social com settings,social_media,2,low
anniversary instagram great insight view social com notifications reply disable social com settings,social_media,2,low
security alert failed login attempts microsoft requires immediate password update click phishing site com failure within hrshrs causes lockout,spam,3,high
mod application open technical support thread discussion started webdev settings support site ticket,forum,0,low
special offer loyal customer get exclusive example com offer code flash,promotions,1,low
appointment confirmed nov gmt items delivered via usps tracking estimated delivery sep track service com status,updates,4,medium
clearance madness clothing hello valued member enjoy free shipping week shop example com expires date,promotions,1,low
forum contest photo contest trending programming comments view forum com thread,forum,0,low
moderator post processed revised rules effective immediately key changes citation requirements news posts review wiki site page,forum,0,low
warning violation react performance thread discussion started codemaster settings forum com thread,forum,0,high
google authenticator pin required login confirmation github,verify_code,5,medium
hour sale extra clearance hello valued member enjoy free shipping week shop example com expires date,promotions,1,low
ssa tax refund approval package delivered tracking update phishing site com ignore,spam,3,low
popular near webinar beach vacation family view album platform com memories beach,social_media,2,low
webdev reply slow boot issue user pixelartist posted helpful solution view wiki site page,forum,0,low
facebook authenticator enter confirm account recovery request ignore,verify_code,5,medium
linkedin transfer confirmation enter confirm password reset request ignore,verify_code,5,medium
identity confirmation use verification code device chrome windows location seattle,verify_code,5,medium
access code code account verification share requested pst,verify_code,5,medium
new reply python coding challenge user techguru posted helpful solution view support site ticket,forum,0,low
important payment due date changed yesterday network connectivity problem fixed systems operational apologies inconvenience,updates,4,medium
software update available updated terms service review changes company com updates effective sep,updates,4,low
urgent claim prize package delivered tracking update phishing site com ignore,spam,3,high
hmrc tax refund approval google requires immediate password update click bit fakeprize failure within hrshrs causes lockout,spam,3,high
limited stock final clearance hello valued member enjoy buy one get one free shop example com expires date,promotions,1,low
free iphone pro survey package delivered tracking update phishing site com ignore,spam,3,low
professional drone light painting kit long exposure aerial photography rig skypainting com requires faa part license,promotions,1,low
github transfer confirmation pin required password reset github,verify_code,5,high
missed delivery confirmation unusual login detected china secure account bit fakeprize account suspended,spam,3,medium
new follower mike chen view profile social com profile john accept reject social com friends pending,social_media,2,low
post featured workoutmotivation story new york received likes comments see insights social com insights post,social_media,2,low
selected spa weekend see messaged google view scam delivery com special offer membership,spam,3,low
early access summer sale start favorite items back wait example com use code vip,promotions,1,low
nearby webinar today group hiking buddies live streaming join platform com streaming event,social_media,2,low
facebook withdrawal auth enter confirm payment confirmation request ignore,verify_code,5,medium
community announcement pool closure main pool closed aug maintenance lap pool remains open see notice hoa portal maintenance,updates,4,low
live product launch keynote group update photography group posted video trending digital artists favorite tech tools,social_media,2,low
renew netflix subscription immediate action required subscription payment failed update payment bit fakeprize call support fake,spam,3,medium
new follower john smith see story platform com content video comments inspiring disable notifications social com settings,social_media,2,low
urgent claim prize immediate action required subscription payment failed update payment phishing site com call support,spam,3,high
policy update user agreement changes restaurant new hours effective immediately dec gmt assignment confirmed manage booking service com status,updates,4,medium
service outage resolved car rental main pool closed aug maintenance aug est assignment confirmed manage booking banking com statements,updates,4,medium
hour sale extra clearance deal ends time items lowest prices shop example com use code welcome,promotions,1,low
anniversary twitter article paris received likes comments see insights platform com analytics content,social_media,2,low
login alert verification step needed token expires est support contact,verify_code,5,high
google investment opportunity roi invoice inv ready view bit fakeprize dispute within hrshrs,spam,3,medium
forum maintenance scheduled downtime aug est details forum com downtime notice,forum,0,medium
verification required pin required login confirmation twitter,verify_code,5,medium
crispr germline editing moratorium notice international summit resolution compliance portal geneediting ethics gov reporting requirements,updates,4,low
payment received invoice inv new features new bug fixes install company com updates changelog included,updates,4,medium
appointment confirmed sep est updated terms service review changes company com updates effective nov,updates,4,medium
community announcement new policy car rental main pool closed aug maintenance aug midnight assignment confirmed manage booking banking com statements,updates,4,low
citizen science urban wildlife tracker upload street camera animal sightings platform citywild app geo tagged images,social_media,2,low
new friend request mike chen photo london received likes comments see insights social com insights post,social_media,2,medium
platform upgrade real time collaboration tools new collaborative editing features live create documents multiple contributors track changes version history convert threads knowledge base articles includes new citation manager accessibility checker explore features forum com collab tools ref tool premium members get unlimited collaborative workspaces,forum,0,low
news lisa rodriguez started new position mike check lisa weather looks great reply platform com messages group,social_media,2,low
news lisa rodriguez started new position group update photography group posted article trending remote workers best summer destination,social_media,2,low
auto payment failed subscription items processing via ups tracking estimated delivery dec track service com status,updates,4,medium
industrial espionage defense workshop corporate security specialists team counterintelligenceacademy com includes threat simulation,promotions,1,low
vip preview holiday deals deal ends time items lowest prices shop example com use code birthday,promotions,1,low
vip preview clearance event deal ends time items lowest prices shop example com use code vip,promotions,1,low
policy update user agreement changes biometric login activated per request learn company com updates,updates,4,medium
account summary september statement ready new features new bug fixes install company com updates changelog included,updates,4,low
early bird special new collection preview fall styles launch exclusive pre order fashionbrand com pre fall code earlybird,promotions,1,low
google transfer confirmation use verification code device safari macos location los angeles,verify_code,5,medium
new follower suggestion industry peers may know browse social com connect suggestions,social_media,2,low
delivery rescheduled order yesterday payment processing issue fixed systems operational apologies inconvenience,updates,4,medium
account summary august statement ready august statement available view download company com updates action needed payment scheduled,updates,4,medium
safety recall model monthly statement available view download company com updates action needed payment scheduled,updates,4,medium
fitness challenge free gear kit join day transformation challenge gym com fitness challenge complete weekly goals earn premium equipment live trainer sessions included,promotions,1,low
warning violation database optimization earned achievement badge view profile wiki site page,forum,0,high
event reminder ama industry expert earned achievement badge view profile forum com thread,forum,0,low
thread locked reason post per report details forum com thread,forum,0,low
microsoft verification enter verify account recovery session auto cancel invalid attempts,verify_code,5,low
new follower mike chen sarah great event today emily weather looks great reply social com chats hiking,social_media,2,low
authentication token code login confirmation share requested pst,verify_code,5,medium
free gift purchase deal ends time items lowest prices shop example com use code welcome,promotions,1,low
new reply python coding challenge user codemaster comment forum com thread,forum,0,low
login code reply code account verification share requested est,verify_code,5,medium
live alert meetup behind scenes group update tech enthusiasts posted photo trending digital artists favorite tech tools,social_media,2,high
nearby meetup today group update tech enthusiasts posted story trending remote workers favorite tech tools,social_media,2,low
watch later recommended video post london received likes comments see insights social com insights post,social_media,2,low
anniversary instagram see post platform com content video comments thanks sharing disable notifications social com settings,social_media,2,low
order delivered activated per request learn company com updates,updates,4,medium
wiki edit approved webdev user codemaster posted helpful solution view forum com thread,forum,0,low
post featured traveldiaries group tech enthusiasts invited rsvp social com events meetup,social_media,2,low
popular near meetup see post social com posts photo comments inspiring disable notifications social com settings,social_media,2,low
new follower mike chen friends checked downtown cafe see photos menu social com places cafe,social_media,2,low
free upgrade hotel stay celebrate entire purchase valid example com code welcome,promotions,1,low
appointment confirmed aug gmt new features new bug fixes install banking com statements changelog included,updates,4,medium
ama session tech ceo report per report details support site ticket,forum,0,low
account warning multiple downvotes recent comments received community flags review rules community guidelines com mod warning,forum,0,high
google egift card loyal customers following google application rates dropped apply scam delivery com stop opt,spam,3,low
forum digest photography discussions revised rules effective immediately key changes citation requirements news posts review forum com thread,forum,0,low
microsoft password expiration refund processed claim bit fakeprize complete within hrshrs,spam,3,high
nearby workshop today view profile social com profile john accept reject social com friends pending,social_media,2,low
google subscription suspended refund processed claim phishing site com complete within hrshrs,spam,3,high
poll vote favorite tech tools grand canyon alex view album platform com memories beach,social_media,2,low
temporary security pass access code account verification valid,verify_code,5,low
temporary security pass access code password reset valid,verify_code,5,high
nearby workshop today group hiking buddies invited rsvp social com events meetup,social_media,2,low
achievement unlocked trusted contributor thread discussion moved general support continue wiki site page,forum,0,low
new friend request lisa rodriguez photo paris received likes comments see insights platform com analytics content,social_media,2,medium
microsoft password expiration samsung galaxy logged hrs minutes ago verify phishing site com secure account,spam,3,high
missed delivery confirmation samsung galaxy logged hrs minutes ago verify scam delivery com secure account,spam,3,medium
payment received invoice inv updated user agreement review changes company com updates effective aug,updates,4,medium
apple inquiry immediate action required subscription payment failed update payment scam delivery com call support fake,spam,3,medium
hour sale extra clearance celebrate entire purchase valid example com code welcome,promotions,1,low
poll vote best summer destination mike check emily amazing post reply platform com messages group,social_media,2,low
security upgrade enabled yesterday server maintenance fixed systems operational apologies inconvenience,updates,4,low
login alert verification step needed account verification enter share number,verify_code,5,high
auto payment failed subscription august statement available view download service com status action needed payment scheduled,updates,4,medium
invoice available samsung galaxy logged hrs minutes ago verify phishing site com secure account,spam,3,medium
moderator comment processed revised rules effective immediately key changes citation requirements news posts review support site ticket,forum,0,low
costco membership renewal exclusive coupon renew costco renew offer club,spam,3,low
microsoft transfer confirmation access code account verification valid,verify_code,5,medium
google workspace suspension storage quota exceeded purchase upgrade gsuite storage upgrade cloud acct collaborative documents locked read mode resolution,spam,3,low
amazon used new device samsung galaxy logged hrs minutes ago verify phishing site com secure account,spam,3,low
mod application open career advice trending photography comments view wiki site page,forum,0,low
netflix investment opportunity roi iphone pro logged hrs minutes ago verify bit fakeprize secure account,spam,3,low
flash sale macbook air supplies last ends tonight applestore com flash deals,promotions,1,low
security notice suspicious login blocked service unavailable window updates include security patches performance improvements,updates,4,high
missed delivery confirmation microsoft requires immediate password update click scam delivery com failure within hrshrs causes lockout,spam,3,medium
delivery problem package delivered tracking update phishing site com ignore,spam,3,low
new reply react performance database upgrade completed successfully new features new search notifications faq forum com thread,forum,0,low
moderation notice community guidelines update user pixelartist posted helpful solution view support site ticket,forum,0,low
free shipping membership hello valued member enjoy free shipping week shop example com expires date,promotions,1,low
identity confirmation login confirmation enter share number,verify_code,5,medium
new friend request sarah johnson beach vacation family view album platform com memories beach,social_media,2,medium
refund confirmation immediate action required subscription payment failed update payment scam delivery com call support scam,spam,3,medium
airbnb host account review guest safety concerns reported submit documentation airbnb host verification stay abb new bookings blocked pending property inspection certification upload,spam,3,high
safety recall model items shipped via fedex tracking estimated delivery sep track company com updates,updates,4,low
community announcement new policy abc airlines new hours effective immediately sep pst assignment confirmed manage booking company com updates,updates,4,low
new follower john smith alex great event today david amazing post reply social com chats hiking,social_media,2,low
refund confirmation see messaged netflix view bit fakeprize special offer membership,spam,3,low
new arrivals summer collection live loyal customer get exclusive example com offer code vip,promotions,1,low
poll vote favorite tech tools group update tech enthusiasts posted article trending digital artists weekend plans,social_media,2,low
two step verification code pin required transaction authorization linkedin,verify_code,5,low
achievement unlocked reputation user webdev posted helpful solution view support site ticket,forum,0,low
achievement unlocked community star user datawiz report forum com thread,forum,0,low
moderation notice community guidelines update revised rules effective immediately key changes citation requirements news posts review forum com rules,forum,0,low
account summary september statement ready restaurant new hours effective immediately aug gmt assignment confirmed manage booking banking com statements,updates,4,medium
limited stock limited edition loyal customer get exclusive example com offer code birthday,promotions,1,low
live shopping event limited edition sneakers exclusive colorway release designer social com live sneaker drop early access followers special promo code limited pairs worldwide,social_media,2,low
news groups follow sarah check david count reply platform com messages group,social_media,2,low
instagram reels masterclass hollywood director exclusive followers live instagram com live creator limited virtual seats,social_media,2,low
membership upgrade cancelled achieved abc airlines main pool closed aug maintenance sep pst assignment confirmed manage booking banking com statements,updates,4,medium
auto payment failed subscription confirm cancel banking com statements phone number building,updates,4,medium
wiki edit approved linux earned achievement badge view profile forum com thread,forum,0,low
important phone number changed monthly statement available view download service com status action needed payment scheduled,updates,4,medium
brand mentioned best customer photo respond social com mentions brand,social_media,2,low
bank alert unusual transfer sent unknown account cancel bank security lock xyz ref,spam,3,high
new thread technical support matches alert revised rules effective immediately key changes citation requirements news posts review wiki site page,forum,0,high
amazon egift card loyal customers dear winner email annual lottery click scam delivery com claim hrs expire unsubscribe,spam,3,low
reservation confirmed car rental abc airlines new hours effective immediately oct midnight assignment confirmed manage booking banking com statements,updates,4,medium
luxury watchmaking apprenticeship day intensive disassemble assemble patek horologymasterclass com tools provided,promotions,1,low
final notice netflix end following google application rates dropped apply phishing site com stop opt,spam,3,low
warranty extended product covered details support site com warranty,updates,4,low
delivery problem following google application rates dropped apply scam delivery com stop opt,spam,3,low
facebook investment opportunity roi refund processed claim scam delivery com complete within hrshrs,spam,3,low
nearby workshop today group update book club posted photo trending remote workers favorite tech tools,social_media,2,low
answered query technical support report per report details wiki site page,forum,0,low
moderation notice community guidelines update earned achievement badge view profile forum com thread,forum,0,low
moderation guidelines revised new transparency rules read forum com mod guidelines sept,forum,0,low
popular near webinar group hiking buddies live streaming join social com live conference,social_media,2,low
new friend request lisa rodriguez group hiking buddies live streaming join platform com streaming event,social_media,2,medium
membership upgrade delivered achieved service unavailable window updates include security patches performance improvements,updates,4,low
achievement unlocked expert helper user techguru report forum com thread,forum,0,low
birthday reminder friends next week story new york received likes comments see insights social com insights post,social_media,2,low
new featured guide programming database upgrade completed successfully new features new search notifications faq support site ticket,forum,0,low
double rewards points sunday favorite items back wait example com use code flash,promotions,1,low
security alert failed login attempts invoice inv ready view scam delivery com dispute within hrshrs,spam,3,medium
achievement unlocked community star earned achievement badge view profile forum com thread,forum,0,low
verification required token expires pst support contact,verify_code,5,low
live product launch keynote beach vacation family view album social com albums vacation,social_media,2,low
memories week alex check lisa weather looks great reply platform com messages group,social_media,2,low
forum contest photo contest user webdev post forum com thread,forum,0,low
forum contest photo contest user techguru posted helpful solution view wiki site page,forum,0,low
deep brain stimulation implant firmware update medtronic activa schedule neuroclinic org firmware update downtime hrs required,updates,4,medium
missed delivery confirmation immediate action required subscription payment failed update payment phishing site com call support,spam,3,medium
irs tax refund approval see messaged apple view bit fakeprize special offer membership,spam,3,low
post featured workoutmotivation sarah anyone free weekend emily count reply social com chats hiking,social_media,2,low
news groups follow group update book club posted story trending remote workers best summer destination,social_media,2,low
flash sale beauty products loyal customer get exclusive example com offer code welcome,promotions,1,low
auto payment failed subscription account ending declined aug update payment billing service com update avoid service suspension,updates,4,medium
mod application open technical support user techguru thread forum com thread,forum,0,low
facebook withdrawal auth enter verify new device registration session auto cancel invalid attempts,verify_code,5,low
subscription renewal notice annual plan renews sep manage account com subscriptions,updates,4,low
new subscriber bonus free voucher welcome newsletter use code new first order freshgrocer com offer expires hrs,promotions,1,low
new thread technical support matches alert trending books comments view support site ticket,forum,0,high
google used new device following microsoft application rates dropped apply scam delivery com stop opt,spam,3,low
achievement unlocked expert helper report per report details support site ticket,forum,0,low
linkedin verification enter verify payment confirmation session auto cancel invalid attempts,verify_code,5,medium
answered query career advice earned achievement badge view profile forum com thread,forum,0,low
invoice available package delivered tracking update bit fakeprize ignore,spam,3,medium
fedex delivery failed redelivery fee required pay fedex redelivery pay xyz trk fdx,spam,3,low
hmrc tax refund approval samsung galaxy logged hrs minutes ago verify phishing site com secure account,spam,3,low
mod application open technical support database upgrade completed successfully new features new search notifications faq forum com thread,forum,0,low
double points weekend purchases earn rewards activate rewards site com double weekend,promotions,1,low
authentication token enter verify password reset session auto cancel invalid attempts,verify_code,5,high
service outage resolved new features new bug fixes install banking com statements changelog included,updates,4,low
new featured guide techsupport thread discussion moved general support continue forum com thread,forum,0,low
popular near meetup photo sydney received likes comments see insights social com insights post,social_media,2,low
event invitation tech conference sep see story platform com content video comments thanks sharing disable notifications platform com notifications,social_media,2,low
authentication token code account verification share requested gmt,verify_code,5,medium
job opening shared data scientist startup details social com jobs data scientist,social_media,2,low
forum digest webdev discussions thread discussion started datawiz settings wiki site page,forum,0,low
identity verification required security code enter sign page expires minutes contact support,verify_code,5,low
bitcoin atm transaction hold withdrawal pending identity check complete btc atm compliance org txid btm,spam,3,low
security alert failed login attempts unusual login detected nigeria secure account phishing site com secure account suspended,spam,3,high
safety recall model august statement available view download service com status action needed payment scheduled,updates,4,medium
stock dividend unclaimed microsoft dividend uncollected claim dividend unclaimed finance msft,spam,3,low
final notice apple end samsung galaxy logged hrs minutes ago verify phishing site com secure account,spam,3,low
new friend request sarah johnson view profile platform com users sarah accept reject social com friends pending,social_media,2,medium
answered query career advice trending gaming comments view support site ticket,forum,0,low
limited stock back stock deal ends time items lowest prices shop example com use code save,promotions,1,low
emergency access code disaster recovery protocol activated due regional service outage use temporary access code bypass standard authentication systems emergency code provides minute access critical systems restricted privileges code expires gmt mandatory security review required crisis resolution,verify_code,5,high
identity verification required access code transaction authorization valid,verify_code,5,low
verification code access code account verification valid,verify_code,5,low
google investment opportunity roi dear winner email annual lottery click bit fakeprize claim hrs expire unsubscribe,spam,3,low
new friend request david kim group tech enthusiasts live streaming join platform com streaming event,social_media,2,medium
weapon deployment authorization lethal autonomous system enablement aws enable darpa test range military controls gov coordinates encrypted,verify_code,5,low
authentication token code transaction authorization share requested pst,verify_code,5,medium
new arrivals back school live discover items shop new styles example com code vip extra,promotions,1,low
membership upgrade delivered achieved monthly statement available view download company com updates action needed payment scheduled,updates,4,medium
john smith mentioned comment beach vacation family view album platform com memories beach,social_media,2,low
missed delivery confirmation refund processed claim bit fakeprize complete within hrshrs,spam,3,medium
anniversary special buy one get one free favorite items back wait example com use code birthday,promotions,1,low
new device approval transaction authorization enter share number,verify_code,5,low
apple gift card claim survey participant reward available redeem apple surveyrewards com use code survey,spam,3,low
community fund new server funding goal target dedicated database server forum com community fund donation perks include custom titles supporter badges real time tracker shows funded corporate matching available,forum,0,low
news lisa rodriguez started new position group book club invited rsvp social com events meetup,social_media,2,low
free dessert membership celebrate entire purchase valid example com code welcome,promotions,1,low
login alert verification step needed code login confirmation share requested pst,verify_code,5,medium
apple refund notification unusual login detected nigeria secure account phishing site com account suspended,spam,3,low
irs tax refund approval see messaged facebook view phishing site com special offer membership,spam,3,low
temporary pin use verification code device samsung galaxy location seattle,verify_code,5,low
authentication token pin required transaction authorization microsoft,verify_code,5,low
flash sale beauty products hello valued member enjoy free shipping week shop example com expires date,promotions,1,low
vintage computer restoration knowledge base add pdp maintenance guide edit retrotech wiki edit pdp reference schematics attached,forum,0,low
important phone number changed new features new bug fixes install service com status changelog included,updates,4,low
event invitation webinar sep video tokyo received likes comments see insights social com insights post,social_media,2,low
new friend request sarah johnson view profile social com profile john accept reject platform com requests,social_media,2,medium
new follower john smith story paris received likes comments see insights platform com analytics content,social_media,2,low
reservation confirmed hotel booking yesterday server maintenance fixed systems operational apologies inconvenience,updates,4,medium
free dessert hotel stay loyal customer get exclusive example com offer code welcome,promotions,1,low
flash sale clothing celebrate entire purchase valid example com code birthday,promotions,1,low
software update available restaurant main pool closed aug maintenance dec est assignment confirmed manage booking banking com statements,updates,4,medium
new follower lisa rodriguez group update book club posted photo trending remote workers best summer destination,social_media,2,low
member exclusive extra clearance loyal customer get exclusive example com offer code welcome,promotions,1,low
early access summer sale start deal ends time items lowest prices shop example com use code birthday,promotions,1,low
thread locked reason earned achievement badge view profile wiki site page,forum,0,low
software update available updated cookie policy review changes banking com statements effective dec,updates,4,low
payment confirmed invoice inv processed successfully download receipt billingportal com receipts inv,updates,4,medium
clearance madness books celebrate entire purchase valid example com code flash,promotions,1,low
vip preview holiday deals hello valued member enjoy free shipping week shop example com expires date,promotions,1,low
auto payment failed subscription confirm cancel service com status email building,updates,4,medium
safety recall model yesterday network connectivity problem fixed systems operational apologies inconvenience,updates,4,low
appointment confirmed sep midnight service unavailable window updates include bug fixes new features,updates,4,medium
warning violation home server setup trending cooking comments view forum com thread,forum,0,high
account recovery recovery code store secure location,verify_code,5,low
early access clearance event start deal ends time items lowest prices shop example com use code save,promotions,1,low
renew paypal subscription dear winner email annual lottery click scam delivery com claim hrs expire unsubscribe,spam,3,low
crypto opportunity roi guaranteed dear winner email annual lottery click phishing site com claim hrs expire unsubscribe,spam,3,low
wiki edit approved linux user pixelartist posted helpful solution view forum com thread,forum,0,low
event invitation workshop aug inspiring view social com events event reply disable social com settings,social_media,2,low
popular near workshop friends checked central perk see photos menu platform com locations venue,social_media,2,low
nearby workshop today video london received likes comments see insights social com insights post,social_media,2,low
appointment confirmed sep dental cleaning oak street clinic reminder send prior reschedule clinic appt,updates,4,medium
login alert verification step needed enter verify new device registration session auto cancel invalid attempts,verify_code,5,high
verification required pin required login confirmation apple,verify_code,5,medium
temporary pin code transaction authorization share requested gmt,verify_code,5,medium
high risk transaction authorization wire transfer bank cyprus requires secondary approval enter authorization code transaction confirmation screen within minutes additional security layer activates international transfers exceeding transaction details available secure message center failure authorize within time window automatically cancel transfer business day hold funds fraudulent report immediately fraud hotline reference txn,verify_code,5,high
ssa tax refund approval unusual login detected russia secure account scam delivery com account suspended,spam,3,high
thread moved general support printer driver issue moved correct section continue techforum com threads printer driver,forum,0,low
security alert cleared false positive suspicious activity resolved account secure securitycenter com alert status clear,updates,4,high
free upgrade order final hours biggest sale example com ends time,promotions,1,low
amazon security alert account frozen immediate action required subscription payment failed update payment bit fakeprize call support,spam,3,high
watch later recommended article friends checked central perk see photos menu social com places cafe,social_media,2,low
scheduled maintenance aug pst confirm cancel company com updates email building,updates,4,medium
policy update cookie policy changes items shipped via fedex tracking estimated delivery aug track company com updates,updates,4,low
github authenticator token expires gmt support contact,verify_code,5,low
free dessert hotel stay hello valued member enjoy extra clearance shop example com expires date,promotions,1,low
amazon subscription suspended see messaged apple view phishing site com special offer membership,spam,3,low
reservation confirmed restaurant new features security updates install service com status changelog included,updates,4,medium
scheduled maintenance oct est new features security updates install banking com statements changelog included,updates,4,medium
birthday discount hello valued member enjoy free shipping week shop example com expires date,promotions,1,low
warning violation politics thread comment removed inflammatory language first offense rules forum com rules account probation days,forum,0,high
birthday reminder friends next week see video platform com content video comments great insight disable notifications social com settings,social_media,2,low
data usage alert monthly quota september statement available view download banking com statements action needed payment scheduled,updates,4,medium
live alert webinar behind scenes love view social com profile user reply disable social com settings,social_media,2,high
temporary pin password reset enter share number,verify_code,5,high
event invitation workshop oct view profile social com profile john accept reject platform com requests,social_media,2,medium
authentication token access code login confirmation valid,verify_code,5,medium
order return processed refund issued rma completed credited original payment method view return details store com returns return shipping label tracking shows package received warehouse sep,updates,4,medium
crypto opportunity roi guaranteed macbook air logged hrs minutes ago verify scam delivery com secure account,spam,3,low
netflix subscription suspended invoice inv ready view phishing site com dispute within hrshrs,spam,3,medium
new reply react performance trending gaming comments view support site ticket,forum,0,low
nearby workshop today group update tech enthusiasts posted article trending digital artists favorite tech tools,social_media,2,low
security alert failed login attempts following paypal application rates dropped apply scam delivery com stop opt,spam,3,high
account summary september statement ready restaurant new hours effective immediately oct est assignment confirmed manage booking service com status,updates,4,medium
early access clearance event start loyal customer get exclusive example com offer code birthday,promotions,1,low
warning violation home server setup trending techsupport comments view forum com thread,forum,0,high
mod application open technical support user pixelartist posted helpful solution view wiki site page,forum,0,low
new reply database optimization thread discussion started codemaster settings wiki site page,forum,0,low
watch later recommended post photo new york received likes comments see insights social com insights post,social_media,2,low
new messages photography group chat see video platform com content video comments love disable notifications social com settings,social_media,2,low
nearby workshop today alex check david weather looks great reply social com chats hiking,social_media,2,low
post got new reactions view profile platform com users sarah accept reject social com friends pending,social_media,2,low
david kim liked video friends checked downtown cafe see photos menu social com places cafe,social_media,2,low
reservation changed hotel upgrade standard room upgraded ocean view cost confirm resorts com manage booking ref upg,updates,4,medium
suspicious activity amazon account package delivered tracking update bit fakeprize ignore,spam,3,low
verification pin code account verification share requested gmt,verify_code,5,medium
secure access number access code account verification valid,verify_code,5,low
new follower sarah johnson friends checked downtown cafe see photos menu social com places cafe,social_media,2,low
scheduled maintenance aug pst new features dark mode performance boost install service com status changelog included,updates,4,medium
event reminder ama industry expert trending cooking comments view support site ticket,forum,0,low
news groups follow article paris received likes comments see insights platform com analytics content,social_media,2,low
appointment reminder dentist aug gmt thank payment applied account receipt company com updates,updates,4,medium
david kim mentioned comment friends checked downtown cafe see photos menu platform com locations venue,social_media,2,low
new friend request john smith beach vacation family view album social com albums vacation,social_media,2,medium
important payment due date changed restaurant new hours effective immediately dec pst assignment confirmed manage booking company com updates,updates,4,medium
microsoft refund notification unusual login detected russia secure account scam delivery com account suspended,spam,3,low
service outage resolved updated user agreement review changes service com status effective nov,updates,4,low
amazon investment opportunity roi immediate action required subscription payment failed update payment bit fakeprize call support scam,spam,3,medium
double rewards points sunday favorite items back wait example com use code save,promotions,1,low
delivery rescheduled order thank payment applied account receipt company com updates,updates,4,medium
microsoft workspace verification enter verify account recovery session auto cancel invalid attempts,verify_code,5,low
membership upgrade cancelled achieved car rental new hours effective immediately dec est assignment confirmed manage booking company com updates,updates,4,medium
event invitation product launch sep view profile platform com users sarah accept reject social com friends pending,social_media,2,low
service interruption resolved hotel booking new features dark mode performance boost install service com status changelog included,updates,4,low
birthday extravaganza gift experiences birthday celebration includes digital gift card complimentary spa package participating locations personal shopping appointment claim benefits luxuryretailer com birthday code bday plus enjoy purchases throughout birthday month new tier exclusive offer diamond members receive private virtual styling session creative director share celebrations myluxurybirthday chance win dream vacation package gifts must claimed within days,promotions,1,low
selected luxury vacation macbook air logged hrs minutes ago verify phishing site com secure account,spam,3,low
popular near meetup inspiring view social com notifications reply disable platform com notifications,social_media,2,low
books reply css alignment user codemaster post wiki site page,forum,0,low
mod application open home gardening database upgrade completed successfully new features new search notifications faq forum com thread,forum,0,low
end season clearance final clearance event starts summer essentials including patio furniture swimwear outdoor gear extra clearance prices applied automatically checkout limited quantities available popular sizes styles selling fast shop outdoors com clearance code finalsale free shipping threshold lowered event,promotions,1,low
appointment reminder haircut aug midnight thank payment applied account receipt banking com statements,updates,4,medium
birthday reminder friends week video sydney received likes comments see insights social com insights post,social_media,2,low
new friend request john smith group update hiking buddies posted article trending startup founders favorite tech tools,social_media,2,medium
special offer deal ends time items lowest prices shop example com use code birthday,promotions,1,low
ama session nasa engineer post per report details forum com thread,forum,0,low
renew apple subscription following paypal application rates dropped apply bit fakeprize stop opt,spam,3,low
membership upgrade cancelled achieved updated terms service review changes service com status effective sep,updates,4,low
software update required critical security patch install updates app com patch,updates,4,high
delivery problem package delivered tracking update scam delivery com ignore,spam,3,low
crypto opportunity roi guaranteed following paypal application rates dropped apply bit fakeprize stop opt,spam,3,low
clearance madness books final hours biggest sale example com ends time,promotions,1,low
two step verification code enter verify payment confirmation session auto cancel invalid attempts,verify_code,5,medium
watch later recommended post group update photography group posted video trending remote workers favorite tech tools,social_media,2,low
art authenticity code leonardo vinci provenance verification enter museumdatabase com certificate full technical analysis report unlocked registered scholars,verify_code,5,low
fbi tax refund approval package delivered tracking update scam delivery com ignore,spam,3,low
mike chen liked article mike anyone free weekend lisa count reply social com chats hiking,social_media,2,low
account summary monthly statement ready august statement available view download service com status action needed payment scheduled,updates,4,medium
news david kim started new position beach vacation family view album social com albums vacation,social_media,2,low
new messages photography group chat friends checked central perk see photos menu platform com locations venue,social_media,2,low
reservation confirmed car rental yesterday payment processing issue fixed systems operational apologies inconvenience,updates,4,medium
techsupport reply css alignment earned achievement badge view profile support site ticket,forum,0,low
post moved general discussion report per report details forum com thread,forum,0,low
account summary monthly statement ready july statement available view download banking com statements action needed payment scheduled,updates,4,medium
linux reply graphics driver revised rules effective immediately key changes citation requirements news posts review forum com thread,forum,0,low
device approval authorize new iphone login enter,verify_code,5,low
limited stock limited edition final hours biggest sale example com ends time,promotions,1,low
google investment opportunity roi unusual login detected russia secure account bit fakeprize account suspended,spam,3,high
post moved career advice user pixelartist post wiki site page,forum,0,low
email binding code enter confirm payment confirmation request ignore,verify_code,5,medium
authentication token use verification code device samsung galaxy location new york,verify_code,5,low
david kim liked video inspiring view social com profile user reply disable platform com notifications,social_media,2,low
appointment reminder eye exam dec gmt confirm cancel company com updates address building,updates,4,medium
annual community awards nomination phase recognize outstanding contributions categories valuable expert breakthrough technical solution educational impact submit nominations awards forum com nominate year winners receive custom engraved trophy lifetime premium membership featured interview evaluation criteria technical merit community impact innovation nominations close october finalists determined member votes moderator evaluation self nominations require three endorsements diamond tier members,forum,0,low
netflix subscription suspended invoice inv ready view scam delivery com dispute within hrshrs,spam,3,medium
free iphone pro survey ipad pro logged hrs minutes ago verify bit fakeprize secure account,spam,3,low
forum digest top discussions including linux distro comparison comments read forum com digest aug week,forum,0,low
new friend request sarah johnson friends checked central perk see photos menu social com places cafe,social_media,2,medium
poll vote best summer destination photo new york received likes comments see insights platform com analytics content,social_media,2,low
service outage resolved items delivered via usps tracking estimated delivery oct track company com updates,updates,4,low
news david kim started new position group update hiking buddies posted video trending digital artists favorite tech tools,social_media,2,low
domain transfer complete yourdomain com active manage domainservice com manage dom,updates,4,low
answered query career advice database upgrade completed successfully new features new search notifications faq wiki site page,forum,0,low
new follower david kim friends checked central perk see photos menu social com places cafe,social_media,2,low
social world building kit early access create persistent spaces download beta socialvrplatform com dev kit documentation attached,social_media,2,low
final notice google end refund processed claim bit fakeprize complete within hrshrs,spam,3,low
coffee lover subscription deal first month free premium grinder included coffeeroasters com subscription code grindfree choose single origin selections flexible delivery scheduling,promotions,1,low
security override emergency account recovery code use wisely,verify_code,5,high
data usage alert monthly quota activated per request learn service com status,updates,4,medium
refer friends get credit discover items shop new styles example com code welcome extra,promotions,1,low
new featured guide techsupport thread discussion started techguru settings support site ticket,forum,0,low
paypal investment opportunity roi samsung galaxy logged hrs minutes ago verify scam delivery com secure account,spam,3,low
forum maintenance scheduled thread discussion moved general support continue forum com thread,forum,0,medium
account summary september statement ready items delivered via usps tracking estimated delivery aug track service com status,updates,4,low
new arrivals back school live hello valued member enjoy extra clearance shop example com expires date,promotions,1,low
microsoft investment opportunity roi refund processed claim phishing site com complete within hrshrs,spam,3,low
wiki edit approved cooking earned achievement badge view profile forum com thread,forum,0,low
safety recall model items processing via ups tracking estimated delivery sep track banking com statements,updates,4,low
post got new reactions great insight view social com events event reply disable social com settings,social_media,2,low
access code enter verify password reset session auto cancel invalid attempts,verify_code,5,high
payment overdue notice refund processed claim scam delivery com complete within hrshrs,spam,3,medium
payment plan setup authorize recurring billing,verify_code,5,medium
paypal inquiry iphone pro logged hrs minutes ago verify phishing site com secure account,spam,3,low
modular garden system back school sale hydroponic kits start seeds fall urbangardeningsupplies com school sale free seed pack included,promotions,1,low
warning violation database optimization event starts time prepare forum com thread,forum,0,high
news lisa rodriguez started new position grand canyon alex view album social com albums vacation,social_media,2,low
new message attractive single ipad pro logged hrs minutes ago verify phishing site com secure account,spam,3,low
event reminder conference trending photography comments view forum com thread,forum,0,low
payment overdue notice invoice inv ready view phishing site com dispute within hrshrs,spam,3,medium
amazon used new device following paypal application rates dropped apply bit fakeprize stop opt,spam,3,low
policy update privacy policy changes car rental main pool closed aug maintenance sep est assignment confirmed manage booking banking com statements,updates,4,medium
live alert product launch behind scenes college reunion photos view album platform com memories beach,social_media,2,high
inheritance claim late relative following paypal application rates dropped apply bit fakeprize stop opt,spam,3,low
api credential rotation production key regeneration confirmation invalidates previous credentials immediately service interruptions possible schedule recommends peak usage period,verify_code,5,medium
early access holiday deals start hello valued member enjoy extra clearance shop example com expires date,promotions,1,low
twitter withdrawal auth code login confirmation share requested pst,verify_code,5,medium
post featured workoutmotivation see article social com posts photo comments thanks sharing disable notifications social com settings,social_media,2,low
user group creation approved bioinformatics researchers group established niche forum com groups bioinformatics custom icon upload available promotional space sidebar allocated,forum,0,low
scheduled maintenance nov midnight new features security updates install banking com statements changelog included,updates,4,medium
mike chen liked story mike anyone free weekend david weather looks great reply social com chats hiking,social_media,2,low
programming post got featured optimizing react performance pinned view devforum com threads react perf featured,forum,0,low
lisa rodriguez liked post see photo platform com content video comments great insight disable notifications social com settings,social_media,2,low
security notice suspicious login blocked biometric login activated per request learn service com status,updates,4,medium
poll vote favorite tech tools group update hiking buddies posted article trending digital artists best summer destination,social_media,2,low
policy update privacy policy changes thank payment applied account receipt service com status,updates,4,medium
selected maldives trip samsung galaxy logged hrs minutes ago verify bit fakeprize secure account,spam,3,low
microsoft verification access code login confirmation valid,verify_code,5,medium
member exclusive buy one get one free hello valued member enjoy extra clearance shop example com expires date,promotions,1,low
video collaboration request creator techguru respond social com collabs request,social_media,2,medium
new device approval pin required account verification twitter,verify_code,5,low
final notice microsoft end package delivered tracking update bit fakeprize ignore,spam,3,low
flash sale tools hello valued member enjoy buy one get one free shop example com expires date,promotions,1,low
linux reply python error trending gaming comments view support site ticket,forum,0,low
new friend request lisa rodriguez friends checked downtown cafe see photos menu platform com locations venue,social_media,2,medium
achievement unlocked trusted contributor earned achievement badge view profile forum com thread,forum,0,low
live workshop keynote friends checked central perk see photos menu social com places cafe,social_media,2,low
access code enter confirm new device registration request ignore,verify_code,5,medium
forum digest books discussions thread discussion started datawiz settings forum com thread,forum,0,low
spa wellness package min massage facial hydrotherapy luxuryspa com wellness month complimentary champagne chocolate valid weekdays premium upgrade available,promotions,1,low
thread locked reason trending programming comments view wiki site page,forum,0,low
apple transfer confirmation use code complete sign expires minutes,verify_code,5,medium
facebook used new device unusual login detected nigeria secure account scam delivery com account suspended,spam,3,high
new friend request mike chen group tech enthusiasts invited rsvp platform com events workshop,social_media,2,medium
urgent claim prize unusual login detected nigeria secure account scam delivery com account suspended,spam,3,high
verification required use verification code device samsung galaxy location new york,verify_code,5,low
software update available updated terms service review changes service com status effective oct,updates,4,low
new message attractive single dear winner email annual lottery click scam delivery com claim hrs expire unsubscribe,spam,3,low
google inquiry following google application rates dropped apply phishing site com stop opt,spam,3,low
data usage alert monthly quota activated per request learn banking com statements,updates,4,medium
answered query technical support revised rules effective immediately key changes citation requirements news posts review forum com thread,forum,0,low
urgent claim prize following facebook application rates dropped apply phishing site com stop opt,spam,3,high
free ipad survey dear winner email annual lottery click bit fakeprize claim hrs expire unsubscribe,spam,3,low
beta features feedback request test new reaction system threaded replies beta forum com features bug reporting template provided participants earn early access privileges custom flair,forum,0,medium
open source drug discovery portal crowdsource molecular docking results platform opensourcepharma com lab credentials,social_media,2,low
security upgrade enabled august statement available view download service com status action needed payment scheduled,updates,4,medium
software update available september statement available view download banking com statements action needed payment scheduled,updates,4,medium
forum digest webdev discussions user codemaster posted helpful solution view wiki site page,forum,0,low
uber account safety hold unusual login pattern detected complete verification uber safety hold ride acct ride requests meal deliveries suspended security check passed,spam,3,medium
new event tech conference view profile social com profile john accept reject social com friends pending,social_media,2,low
membership upgrade processing achieved items processing via dhl tracking estimated delivery aug track company com updates,updates,4,low
payment received invoice inv september statement available view download company com updates action needed payment scheduled,updates,4,medium
new event workshop group tech enthusiasts live streaming join social com live conference,social_media,2,low
anniversary twitter view profile social com profile john accept reject social com friends pending,social_media,2,low
temporary pin transaction authorization enter share number,verify_code,5,low
service outage resolved systems operational post mortem status site com incident,updates,4,low
event invitation workshop sep see article social com posts photo comments inspiring disable notifications social com settings,social_media,2,low
podcast transcript annotation project help train models earn crypto crowdintel projects podcast annotate install chrome extension,social_media,2,low
suspicious activity paypal account immediate action required subscription payment failed update payment phishing site com call support fake,spam,3,medium
final notice amazon end immediate action required subscription payment failed update payment phishing site com call support,spam,3,medium
final notice amazon end see messaged netflix view scam delivery com special offer membership,spam,3,low
google used new device facebook requires immediate password update click scam delivery com failure within hrshrs causes lockout,spam,3,high
access code access code password reset valid,verify_code,5,high
warning violation home server setup post per report details support site ticket,forum,0,high
scheduled maintenance sep gmt yesterday network connectivity problem fixed systems operational apologies inconvenience,updates,4,medium
email binding code code transaction authorization share requested pst,verify_code,5,medium
moderator report processed comment politics thread removed per report details forum com mod report,forum,0,low
temporary auth single use code password change,verify_code,5,high
special offer celebrate entire purchase valid example com code welcome,promotions,1,low
free shipping order loyal customer get exclusive example com offer code save,promotions,1,low
memories week group tech enthusiasts live streaming join platform com streaming event,social_media,2,low
payment received invoice inv updated user agreement review changes service com status effective sep,updates,4,medium
flight change override code emergency itinerary modification authorization airline com override waives standard change fees reason code required financial reconciliation,verify_code,5,high
selected spa weekend following paypal application rates dropped apply phishing site com stop opt,spam,3,low
watch later recommended post love view social com notifications reply disable social com settings,social_media,2,low
new friend request mike chen group update book club posted post trending startup founders best summer destination,social_media,2,medium
temporary security pass pin required account verification apple,verify_code,5,low
vip preview holiday deals discover items shop new styles example com code flash extra,promotions,1,low
limited edition artist collab exclusive sneaker drop streetwear com artist collab live,promotions,1,low
netflix membership verification payment method declined premium account update billing info netflix payment update stream ref nfx immediate action required prevent service interruption loss watch history multiple devices detected accessing account,spam,3,medium
flight boarding time changed departs boarding pass airline com manage,updates,4,low
selected spa weekend ipad pro logged hrs minutes ago verify phishing site com secure account,spam,3,low
free gift membership celebrate entire purchase valid example com code save,promotions,1,low
login alert verification step needed login confirmation enter share number,verify_code,5,medium
new reply python coding challenge earned achievement badge view profile wiki site page,forum,0,low
wiki edit approved webdev event starts time prepare support site ticket,forum,0,low
news john smith started new position story new york received likes comments see insights social com insights post,social_media,2,low
new featured guide programming thread discussion started techguru settings wiki site page,forum,0,low
flash sale beauty products discover items shop new styles example com code vip extra,promotions,1,low
microsoft inquiry package delivered tracking update bit fakeprize ignore,spam,3,low
new arrivals holiday decor live hello valued member enjoy extra clearance shop example com expires date,promotions,1,low
event invitation product launch aug group update tech enthusiasts posted photo trending remote workers weekend plans,social_media,2,low
post featured techtips friends checked tech hub see photos menu social com places cafe,social_media,2,low
scheduled maintenance nov midnight password encryption activated per request learn banking com statements,updates,4,medium
live alert product launch behind scenes grand canyon alex view album platform com memories beach,social_media,2,high
new messages book club chat group update book club posted video trending remote workers best summer destination,social_media,2,low
software update available yesterday server maintenance fixed systems operational apologies inconvenience,updates,4,low
service interruption resolved restaurant items cancelled via fedex tracking estimated delivery oct track company com updates,updates,4,low
apple refund notification immediate action required subscription payment failed update payment phishing site com call support fake,spam,3,low
achievement unlocked expert helper user webdev posted helpful solution view wiki site page,forum,0,low
answered query technical support earned achievement badge view profile support site ticket,forum,0,low
youtube channel termination notice multiple community guideline violations final appeal youtube termination appeal content chan channel demonetized scheduled permanent deletion hours,spam,3,medium
service interruption resolved hotel booking items cancelled via ups tracking estimated delivery oct track company com updates,updates,4,low
software update available new features new bug fixes install company com updates changelog included,updates,4,low
new device approval code transaction authorization share requested pst,verify_code,5,medium
early access new arrivals start loyal customer get exclusive example com offer code flash,promotions,1,low
walmart delivery issue missing items refund confirm address walmart refund center shop order,spam,3,medium
member exclusive free shipping week hello valued member enjoy buy one get one free shop example com expires date,promotions,1,low
forum digest programming discussions thread discussion moved general support continue forum com thread,forum,0,low
verification code transaction authorization enter share number,verify_code,5,low
appointment confirmed dec pst new features dark mode performance boost install banking com statements changelog included,updates,4,medium
safety recall model confirm cancel service com status phone number building,updates,4,medium
new follower john smith sarah anyone free weekend emily weather looks great reply platform com messages group,social_media,2,low
security upgrade enabled new features dark mode performance boost install service com status changelog included,updates,4,low
back school essentials laptops free backpack electronics com back school,promotions,1,low
poll vote best summer destination mike anyone free weekend emily amazing post reply platform com messages group,social_media,2,low
scheduled maintenance sep pst confirm cancel company com updates address building,updates,4,medium
post got new reactions view profile platform com users sarah accept reject platform com requests,social_media,2,medium
service interruption resolved car rental items shipped via ups tracking estimated delivery nov track service com status,updates,4,low
service interruption network outage features temporarily unavailable estimated resolution hours status page service status com,updates,4,low
warning violation database optimization post per report details forum com thread,forum,0,high
refund confirmation iphone pro logged hrs minutes ago verify bit fakeprize secure account,spam,3,medium
deepfake identity verification video impersonation detected authenticate digital identity protection org case,spam,3,low
memories week see post platform com content video comments inspiring disable notifications social com settings,social_media,2,low
appointment confirmed sep pst service unavailable window updates include security patches performance improvements,updates,4,medium
anniversary social platform article paris received likes comments see insights platform com analytics content,social_media,2,low
group invitation enthusiasts forum join members discussing machine learning accept decline socialnetwork com groups group,social_media,2,low
new featured guide linux event starts time prepare wiki site page,forum,0,low
facebook workspace verification code login confirmation share requested gmt,verify_code,5,medium
twitter verification access code login confirmation valid,verify_code,5,medium
service interruption resolved hotel booking activated per request learn company com updates,updates,4,medium
security alert failed login attempts apple requires immediate password update click phishing site com failure within hrshrs causes lockout,spam,3,high
github verification enter confirm payment confirmation request ignore,verify_code,5,medium
refund confirmation netflix requires immediate password update click bit fakeprize failure within hrshrs causes lockout,spam,3,medium
renew microsoft subscription dear winner email annual lottery click bit fakeprize claim hrs expire unsubscribe,spam,3,low
payment authorization charge premium services llc requires approval code valid minutes merchant location san francisco dispute window hours post transaction,verify_code,5,medium
medical records updated new test results cholesterol panel metabolic screening added health profile access complete report patientportal com records rec rodriguez added clinical notes recommending dietary consultation,updates,4,low
identity confirmation pin required login confirmation facebook,verify_code,5,medium
final notice google end paypal requires immediate password update click phishing site com failure within hrshrs causes lockout,spam,3,high
legal document signing pin execute binding contract requires digital signing authorization enter pin signing portal apply legally binding electronic signature verifies identity esign act provisions document includes confidentiality clauses non compete terms valid consult legal counsel signing,verify_code,5,low
libreoffice localization sprint rare languages translate endangered languages join localization openoffice org sprint endangered languages glossary attached,forum,0,low
event invitation workshop oct video new york received likes comments see insights social com insights post,social_media,2,low
special offer deal ends time items lowest prices shop example com use code flash,promotions,1,low
refund confirmation see messaged netflix view scam delivery com special offer membership,spam,3,low
payment overdue notice immediate action required subscription payment failed update payment scam delivery com call support fake,spam,3,medium
new event tech conference view profile social com profile john accept reject platform com requests,social_media,2,medium
last chance end season sale loyal customer get exclusive example com offer code welcome,promotions,1,low
scheduled maintenance aug pst service unavailable window updates include security patches performance improvements,updates,4,medium
selected luxury vacation dear winner email annual lottery click phishing site com claim hrs expire unsubscribe,spam,3,low
amazon password expiration invoice inv ready view bit fakeprize dispute within hrshrs,spam,3,medium
verification code use verification code device safari macos location los angeles,verify_code,5,low
last chance black friday july final hours biggest summer sale retailer com julysale ends tonight,promotions,1,low
warning unofficial discord server beware phishing links forum chat posts official channels forum com chat,forum,0,high
missed delivery confirmation iphone pro logged hrs minutes ago verify phishing site com secure account,spam,3,medium
security notice suspicious login blocked confirm cancel company com updates payment due date building,updates,4,medium
ama session nasa engineer revised rules effective immediately key changes citation requirements news posts review support site ticket,forum,0,low
moderation notice community guidelines update trending books comments view forum com thread,forum,0,low
apple password expiration following netflix application rates dropped apply bit fakeprize stop opt,spam,3,high
membership upgrade shipped achieved yesterday server maintenance fixed systems operational apologies inconvenience,updates,4,low
anniversary special free shipping week final hours biggest sale example com ends time,promotions,1,low
inheritance claim late relative refund processed claim phishing site com complete within hrshrs,spam,3,low
mod application open career advice user pixelartist comment wiki site page,forum,0,low
delivery problem invoice inv ready view phishing site com dispute within hrshrs,spam,3,medium
bounty solving python issue thread multithreading deadlock solution needed contribute dev forum threads python issue bounty,forum,0,low
urgent claim prize refund processed claim bit fakeprize complete within hrshrs,spam,3,high
buy save stackable discounts extra store com tiered discounts,promotions,1,low
netflix used new device package delivered tracking update phishing site com ignore,spam,3,low
poll vote best summer destination view profile social com profile john accept reject social com friends pending,social_media,2,low
pandemic vaccine formula unlock rna sequence compartment vaccine rel usage pharmasecure org patent clearance check,verify_code,5,low
birthday reminder friends next week see video social com posts photo comments love disable notifications platform com notifications,social_media,2,low
sarah johnson mentioned comment friends checked downtown cafe see photos menu platform com locations venue,social_media,2,low
new event photography exhibition aug city gallery rsvp social com events photo exhibit,social_media,2,low
poll vote favorite tech tools group book club invited rsvp platform com events workshop,social_media,2,low
service interruption resolved car rental thank payment applied account receipt service com status,updates,4,medium
warning violation python coding challenge thread discussion started pixelartist settings forum com thread,forum,0,high
secure access number pin required login confirmation microsoft,verify_code,5,medium
inheritance claim late relative immediate action required subscription payment failed update payment bit fakeprize call support fake,spam,3,medium
final notice amazon end dear winner email annual lottery click bit fakeprize claim hrs expire unsubscribe,spam,3,low
urgent claim prize dear winner email annual lottery click phishing site com claim hrs expire unsubscribe,spam,3,high
verification code code account verification share requested pst,verify_code,5,medium
free gift hotel stay deal ends time items lowest prices shop example com use code save,promotions,1,low
new friend request david kim mike check lisa amazing post reply social com chats hiking,social_media,2,medium
double rewards points weekend loyal customer get exclusive example com offer code welcome,promotions,1,low
facebook withdrawal auth enter verify payment confirmation session auto cancel invalid attempts,verify_code,5,medium
access code login confirmation enter share number,verify_code,5,medium
post got new reactions college reunion photos view album platform com memories beach,social_media,2,low
apple subscription suspended refund processed claim bit fakeprize complete within hrshrs,spam,3,high
sarah johnson liked post group photography group invited rsvp social com events meetup,social_media,2,low
warning violation python coding challenge database upgrade completed successfully new features new search notifications faq wiki site page,forum,0,low
event invitation workshop aug group photography group live streaming join platform com streaming event,social_media,2,low
auto pay scheduled sep modify billing com scheduled payments pay,updates,4,medium
password reset pin enter reset credentials,verify_code,5,high
selected cruise unusual login detected russia secure account phishing site com account suspended,spam,3,high
poll vote weekend plans thanks sharing view social com events event reply disable platform com notifications,social_media,2,low
paypal subscription suspended following paypal application rates dropped apply bit fakeprize stop opt,spam,3,high
renew amazon subscription package delivered tracking update bit fakeprize ignore,spam,3,low
achievement unlocked reputation trending gaming comments view support site ticket,forum,0,low
secure access number token expires gmt support contact,verify_code,5,low
refund confirmation immediate action required subscription payment failed update payment scam delivery com call support,spam,3,medium
twitter account verification failed verified status revoked due incomplete identity confirmation submit documentation within hours maintain blue checkmark status complete verification process twitter verification resubmit social case note verification failure downgrade account standard tier reduced visibility,spam,3,medium
event invitation workshop aug beach vacation family view album social com albums vacation,social_media,2,low
new reply home server setup earned achievement badge view profile wiki site page,forum,0,low
service interruption resolved car rental new features security updates install company com updates changelog included,updates,4,low
new device approval pin required password reset twitter,verify_code,5,high
safety recall model updated cookie policy review changes company com updates effective oct,updates,4,low
event reminder workshop event starts time prepare support site ticket,forum,0,low
security alert failed login attempts immediate action required subscription payment failed update payment scam delivery com call support fake,spam,3,high
payment overdue notice see messaged facebook view phishing site com special offer membership,spam,3,medium
free ipad survey following amazon application rates dropped apply scam delivery com stop opt,spam,3,low
delivery rescheduled order hotel booking new hours effective immediately nov est assignment confirmed manage booking service com status,updates,4,medium
forum digest cooking discussions thread discussion started techguru settings wiki site page,forum,0,low
mod application open technical support user datawiz posted helpful solution view support site ticket,forum,0,low
microsoft withdrawal auth access code account verification valid,verify_code,5,low
birthday reminder friends next week friends checked downtown cafe see photos menu platform com locations venue,social_media,2,low
security notice suspicious login blocked updated terms service review changes company com updates effective dec,updates,4,high
new featured guide photography trending photography comments view wiki site page,forum,0,low
free iphone pro survey dear winner email annual lottery click bit fakeprize claim hrs expire unsubscribe,spam,3,low
limited stock back stock celebrate entire purchase valid example com code vip,promotions,1,low
ama session nasa engineer user webdev posted helpful solution view support site ticket,forum,0,low
forum digest webdev discussions trending linux comments view support site ticket,forum,0,low
news david kim started new position friends checked tech hub see photos menu platform com locations venue,social_media,2,low
inheritance claim late relative immediate action required subscription payment failed update payment phishing site com call support scam,spam,3,medium
google authenticator enter verify new device registration session auto cancel invalid attempts,verify_code,5,low
new message match dear winner email annual lottery click scam delivery com claim hrs expire unsubscribe,spam,3,low
new featured guide books event starts time prepare forum com thread,forum,0,low
vip preview holiday deals discover items shop new styles example com code vip extra,promotions,1,low
linkedin verification token expires gmt support contact,verify_code,5,low
appointment reminder eye exam oct est service unavailable window updates include bug fixes new features,updates,4,medium
login code reply pin required login confirmation linkedin,verify_code,5,medium
selected luxury vacation see messaged microsoft view scam delivery com special offer membership,spam,3,low
user spotlight member spotlight user codemaster post forum com thread,forum,0,low
suspicious activity paypal account macbook air logged hrs minutes ago verify scam delivery com secure account,spam,3,low
secure access number code password reset share requested gmt,verify_code,5,high
service interruption resolved abc airlines thank payment applied account receipt company com updates,updates,4,medium
identity verification required token expires pst support contact,verify_code,5,low
reservation confirmed car rental thank payment applied account receipt banking com statements,updates,4,medium
policy update user agreement changes car rental new hours effective immediately oct est assignment confirmed manage booking banking com statements,updates,4,medium
nearby workshop today college reunion photos view album platform com memories beach,social_media,2,low
nearby webinar today group hiking buddies invited rsvp social com events meetup,social_media,2,low
linkedin withdrawal auth code transaction authorization share requested gmt,verify_code,5,medium
mike chen mentioned comment beach vacation family view album platform com memories beach,social_media,2,low
david kim liked post group photography group live streaming join social com live conference,social_media,2,low
missed delivery confirmation following apple application rates dropped apply scam delivery com stop opt,spam,3,medium
free dessert membership final hours biggest sale example com ends time,promotions,1,low
live workshop keynote post sydney received likes comments see insights social com insights post,social_media,2,low
event reminder ama industry expert revised rules effective immediately key changes citation requirements news posts review wiki site page,forum,0,low
wiki edit approved photography thread discussion started webdev settings wiki site page,forum,0,low
anniversary linkedin sarah great event today david weather looks great reply social com chats hiking,social_media,2,low
limited stock final clearance hello valued member enjoy free shipping week shop example com expires date,promotions,1,low
authentication token pin required transaction authorization apple,verify_code,5,low
suspicious activity paypal account invoice inv ready view scam delivery com dispute within hrshrs,spam,3,medium
clearance madness books loyal customer get exclusive example com offer code birthday,promotions,1,low
live alert product launch behind scenes grand canyon alex view album social com albums vacation,social_media,2,high
forum contest photo contest thread discussion started datawiz settings wiki site page,forum,0,low
popular near product launch group photography group live streaming join platform com streaming event,social_media,2,low
resource submission approved css framework responsive layout toolkit added developer resources devforum com resources css framework downloads available attribution requirement featured weekly newsletter,forum,0,low
verification required enter confirm payment confirmation request ignore,verify_code,5,medium
facebook transfer confirmation code account verification share requested gmt,verify_code,5,medium
community announcement new policy updated user agreement review changes service com status effective dec,updates,4,low
thread locked reason thread discussion started codemaster settings wiki site page,forum,0,low
google security alert account frozen see messaged apple view bit fakeprize special offer membership,spam,3,low
renew microsoft subscription see messaged netflix view phishing site com special offer membership,spam,3,low
safety recall model new features dark mode performance boost install company com updates changelog included,updates,4,low
free shipping hotel stay celebrate entire purchase valid example com code vip,promotions,1,low
vip preview clearance event deal ends time items lowest prices shop example com use code birthday,promotions,1,low
flash sale home decor deal ends time items lowest prices shop example com use code vip,promotions,1,low
event invitation meetup aug article new york received likes comments see insights platform com analytics content,social_media,2,low
forum contest photo contest user pixelartist comment support site ticket,forum,0,low
thread locked reason event starts time prepare forum com thread,forum,0,low
new message attractive single samsung galaxy logged hrs minutes ago verify bit fakeprize secure account,spam,3,low
computational chemistry dataset validation verify simulation results join team sciencevalidation com chemistry problems cpu gpu specs required,forum,0,low
final notice paypal end following microsoft application rates dropped apply phishing site com stop opt,spam,3,low
post featured foodchallenge friends checked tech hub see photos menu social com places cafe,social_media,2,low
reservation confirmed restaurant thank payment applied account receipt company com updates,updates,4,medium
auto payment failed subscription monthly statement available view download company com updates action needed payment scheduled,updates,4,medium
mod application open book club earned achievement badge view profile support site ticket,forum,0,low
new reply react performance thread discussion moved general support continue wiki site page,forum,0,low
policy update terms service changes restaurant main pool closed aug maintenance oct pst assignment confirmed manage booking service com status,updates,4,medium
wiki edit approved photography earned achievement badge view profile wiki site page,forum,0,low
anniversary discount deal ends time items lowest prices shop example com use code vip,promotions,1,low
answered query general discussion revised rules effective immediately key changes citation requirements news posts review forum com thread,forum,0,low
auto payment processing charging aug billing com scheduled payments,updates,4,medium
new thread home gardening matches alert earned achievement badge view profile wiki site page,forum,0,high
forum maintenance complete post per report details support site ticket,forum,0,low
microsoft security alert account frozen following paypal application rates dropped apply bit fakeprize stop opt,spam,3,high
urgent claim prize following netflix application rates dropped apply bit fakeprize stop opt,spam,3,high
auto payment failed subscription updated cookie policy review changes banking com statements effective sep,updates,4,medium
google password expiration dear winner email annual lottery click scam delivery com claim hrs expire unsubscribe,spam,3,high
synesthesia perception mapping project share cross sensory experiences research perceptual studies org neurological diversity,social_media,2,low
new device approval enter verify new device registration session auto cancel invalid attempts,verify_code,5,low
urgent claim prize refund processed claim scam delivery com complete within hrshrs,spam,3,high
expedia travel credit voucher expires today redeem expedia voucher use travel code,spam,3,high
security alert failed login attempts immediate action required subscription payment failed update payment bit fakeprize call support,spam,3,high
post moved technical support thread discussion started techguru settings forum com thread,forum,0,low
security notice suspicious login blocked service unavailable window updates include bug fixes new features,updates,4,high
invoice available package delivered tracking update scam delivery com ignore,spam,3,medium
ama session tech ceo user techguru thread wiki site page,forum,0,low
new thread career advice matches alert user codemaster post support site ticket,forum,0,high
device pairing code enter pair new smartwatch expires minutes,verify_code,5,low
memories week view profile platform com users sarah accept reject social com friends pending,social_media,2,low
nearby webinar today group hiking buddies live streaming join social com live conference,social_media,2,low
clearance madness beauty products discover items shop new styles example com code vip extra,promotions,1,low
medical prescription code electronic prescription authorization code controlled substance provide pharmacy additional verification required upon pickup state monitoring database updated,verify_code,5,low
software update available password encryption activated per request learn company com updates,updates,4,medium
books reply graphics driver database upgrade completed successfully new features new search notifications faq support site ticket,forum,0,low
account summary september statement ready yesterday network connectivity problem fixed systems operational apologies inconvenience,updates,4,low
refund confirmation refund processed claim fraud refund example complete within hrs,spam,3,medium
appointment confirmed sep est yesterday payment processing issue fixed systems operational apologies inconvenience,updates,4,medium
paypal used new device see messaged google view scam delivery com special offer membership,spam,3,low
google authenticator access code password reset valid,verify_code,5,high
vip preview summer sale hello valued member enjoy buy one get one free shop example com expires date,promotions,1,low
security alert failed login attempts dear winner email annual lottery click phishing site com claim hrs expire unsubscribe,spam,3,high
special offer hello valued member enjoy extra clearance shop example com expires date,promotions,1,low
authentication token enter verify payment confirmation session auto cancel invalid attempts,verify_code,5,medium
happy hour cocktails appetizers daily downtown lounge view menu lounge com specials first time visitors get free nachos,promotions,1,low
answered query technical support thread per report details support site ticket,forum,0,low
moderation notice community guidelines update thread discussion started techguru settings forum com thread,forum,0,low
member exclusive extra clearance loyal customer get exclusive example com offer code birthday,promotions,1,low
satellite imagery analysis training dataset label objects resolution images participate geospatialaiforum com training data sign nda first,forum,0,low
microsoft security alert account frozen apple requires immediate password update click phishing site com failure within hrshrs causes lockout,spam,3,high
lisa rodriguez mentioned comment sarah check lisa amazing post reply platform com messages group,social_media,2,low
paypal security alert account frozen invoice inv ready view bit fakeprize dispute within hrshrs,spam,3,medium
event invitation meetup sep thanks sharing view social com events event reply disable platform com notifications,social_media,2,low
live workshop keynote see article platform com content video comments inspiring disable notifications platform com notifications,social_media,2,low
wiki edit approved photography revised rules effective immediately key changes citation requirements news posts review forum com thread,forum,0,low
security notice suspicious login blocked biometric login activated per request learn company com updates,updates,4,medium
programming reply css alignment comment per report details support site ticket,forum,0,low
delivery problem immediate action required subscription payment failed update payment scam delivery com call support,spam,3,medium
payment received invoice inv yesterday payment processing issue fixed systems operational apologies inconvenience,updates,4,medium
scheduled maintenance dec pst new features dark mode performance boost install banking com statements changelog included,updates,4,medium
service interruption resolved hotel booking items delivered via fedex tracking estimated delivery aug track banking com statements,updates,4,low
post moved general discussion trending gaming comments view forum com thread,forum,0,low
limited stock back stock loyal customer get exclusive example com offer code birthday,promotions,1,low
popular near meetup see story social com posts photo comments great insight disable notifications platform com notifications,social_media,2,low
new event webinar view profile social com profile john accept reject social com friends pending,social_media,2,low
fraud alert response pin suspicious activity review case frd submit pin confirm legitimate transactions account restrictions remain verification complete,verify_code,5,high
memories week grand canyon alex view album social com memories,social_media,2,low
new friend request sarah johnson see video platform com content video comments thanks sharing disable notifications social com settings,social_media,2,low
free upgrade order celebrate entire purchase valid example com code welcome,promotions,1,low
live alert concert behind scenes artist follow taylor swift started live video join social app live taylor tour,social_media,2,high
watch later recommended photo love view social com notifications reply disable platform com notifications,social_media,2,low
achievement unlocked reputation user datawiz report wiki site page,forum,0,low
temporary security pass token expires pst support contact,verify_code,5,low
delivery rescheduled order restaurant new hours effective immediately sep gmt assignment confirmed manage booking company com updates,updates,4,medium
achievement unlocked expert helper revised rules effective immediately key changes citation requirements news posts review forum com thread,forum,0,low
gourmet food samples free purchase gourmet com free samples code sample,promotions,1,low
new friend request mike chen sarah great event today david count reply platform com messages group,social_media,2,medium
identity confirmation enter confirm new device registration request ignore,verify_code,5,medium
poll vote best summer destination group update book club posted photo trending remote workers best summer destination,social_media,2,low
service outage resolved car rental main pool closed aug maintenance oct est assignment confirmed manage booking banking com statements,updates,4,medium
community announcement pool closure items shipped via dhl tracking estimated delivery dec track company com updates,updates,4,low
early access winter ski pass sale pre season prices lower lock rates skiresort com season passes sale priority access code snow,promotions,1,low
member exclusive extra clearance discover items shop new styles example com code welcome extra,promotions,1,low
apple transfer confirmation enter verify account recovery session auto cancel invalid attempts,verify_code,5,medium
wiki edit approved gaming thread discussion started datawiz settings support site ticket,forum,0,low
google refund notification unusual login detected romania secure account phishing site com account suspended,spam,3,low
payment received invoice inv monthly statement available view download service com status action needed payment scheduled,updates,4,medium
last chance black friday july loyal customer get exclusive example com offer code vip,promotions,1,low
netflix subscription suspended unusual login detected russia secure account phishing site com account suspended,spam,3,high
access code use verification code device safari macos location seattle,verify_code,5,low
order shipped restaurant new hours effective immediately nov pst assignment confirmed manage booking company com updates,updates,4,medium
anniversary special buy one get one free deal ends time items lowest prices shop example com use code vip,promotions,1,low
temporary pin use verification code device chrome windows location los angeles,verify_code,5,low
flash sale clothing loyal customer get exclusive example com offer code birthday,promotions,1,low
free luxury skincare set purchase receive piece premium regimen value automatically added beautydepot com luxury gift code glowgift limited stock available complete routine serums moisturizers,promotions,1,low
sarah johnson liked story grand canyon alex view album social com albums vacation,social_media,2,low
user spotlight member spotlight user pixelartist post wiki site page,forum,0,low
forum contest photo contest user techguru post forum com thread,forum,0,low
post featured foodchallenge sarah check lisa weather looks great reply platform com messages group,social_media,2,low
payment overdue notice immediate action required subscription payment failed update payment bit fakeprize call support fake,spam,3,medium
forum contest photo contest thread discussion started webdev settings support site ticket,forum,0,low
david kim liked video sarah check lisa count reply social com chats hiking,social_media,2,low
free shipping order favorite items back wait example com use code birthday,promotions,1,low
vip preview new arrivals hello valued member enjoy free shipping week shop example com expires date,promotions,1,low
twitter transfer confirmation token expires gmt support contact,verify_code,5,medium
membership upgrade delivered achieved yesterday server maintenance fixed systems operational apologies inconvenience,updates,4,low
refer friends get credit hello valued member enjoy free shipping week shop example com expires date,promotions,1,low
birthday reminder friends tomorrow group update book club posted photo trending remote workers favorite tech tools,social_media,2,low
community announcement new policy confirm cancel service com status payment due date building,updates,4,medium
parking violation ticket payment citation pay city parkingtickets org appeal portal unavailable,spam,3,medium
hotel upgrade confirmed premium room hilton check hotels com mybookings,updates,4,medium
live webinar keynote love view social com notifications reply disable platform com notifications,social_media,2,low
special offer deal ends time items lowest prices shop example com use code vip,promotions,1,low
netflix security alert account frozen iphone pro logged hrs minutes ago verify scam delivery com secure account,spam,3,high
payment received invoice inv september statement available view download banking com statements action needed payment scheduled,updates,4,medium
moderator thread processed comment per report details support site ticket,forum,0,low
achievement unlocked reputation database upgrade completed successfully new features new search notifications faq support site ticket,forum,0,low
amazon subscription suspended unusual login detected russia secure account phishing site com account suspended,spam,3,high
forum digest webdev discussions user techguru posted helpful solution view support site ticket,forum,0,low
restaurant month prix fixe gourmet course experience michelin recognized bistro fine dining com restaurant month code wine pairing add available reservations filling fast book prime time slots,promotions,1,low
verification pin use verification code device safari macos location chicago,verify_code,5,low
appointment confirmed dec est password encryption activated per request learn company com updates,updates,4,medium
brand collaboration opportunity outdoor gear wants feature hiking content proposal details social com collaborations outdoor gear response deadline sep estimated reach followers,social_media,2,low
suggested post industry report market trends shared influencer engage social com posts trend report,social_media,2,low
special offer celebrate entire purchase valid example com code flash,promotions,1,low
best buy order canceled fraud prevention order bestbuy reorder safe electronics sku bby,spam,3,high
new follower lisa rodriguez video paris received likes comments see insights platform com analytics content,social_media,2,low
security upgrade password encryption enabled updated privacy policy review changes service com status effective sep,updates,4,high
double rewards points weekend earn points purchases activate offer rewards site xpoints valid,promotions,1,low
new event product launch group hiking buddies invited rsvp social com events meetup,social_media,2,low
amazon investment opportunity roi invoice inv ready view phishing site com dispute within hrshrs,spam,3,medium
usps address validation required incomplete address delivery zip correct usps address validation pro package,spam,3,low
post featured traveldiaries mike anyone free weekend david weather looks great reply social com chats hiking,social_media,2,low
authentication token code transaction authorization share requested gmt,verify_code,5,medium
maritime salvage laws knowledge base admiralty law case database edit maritime law wiki recent precedent upload,forum,0,low
membership upgrade cancelled achieved new features dark mode performance boost install service com status changelog included,updates,4,low
user spotlight member spotlight earned achievement badge view profile forum com thread,forum,0,low
event photos tech conference new images browse social com events tech conf photos,social_media,2,low
warning violation database optimization trending techsupport comments view support site ticket,forum,0,high
gaming reply graphics driver event starts time prepare support site ticket,forum,0,low
verification pin login confirmation enter share number,verify_code,5,medium
birthday reminder friends tomorrow wish happy birthday alex chen maria lopez see profiles social com birthdays,social_media,2,low
anniversary discount deal ends time items lowest prices shop example com use code save,promotions,1,low
verification pin enter verify payment confirmation session auto cancel invalid attempts,verify_code,5,medium
google password expiration microsoft requires immediate password update click phishing site com failure within hrshrs causes lockout,spam,3,high
post moved programming help database upgrade completed successfully new features new search notifications faq forum com thread,forum,0,low
auto payment failed subscription biometric login activated per request learn company com updates,updates,4,medium
new message match immediate action required subscription payment failed update payment phishing site com call support scam,spam,3,medium
service outage resolved july statement available view download company com updates action needed payment scheduled,updates,4,medium
moderator post processed revised rules effective immediately key changes citation requirements news posts review support site ticket,forum,0,low
verification pin token expires pst support contact,verify_code,5,low
answered query general discussion thread discussion started codemaster settings wiki site page,forum,0,low
facebook egift card loyal customers dear winner email annual lottery click scam delivery com claim hrs expire unsubscribe,spam,3,low
appointment confirmed aug est confirm cancel company com updates email building,updates,4,medium
microsoft used new device invoice inv ready view bit fakeprize dispute within hrshrs,spam,3,medium
user spotlight member spotlight revised rules effective immediately key changes citation requirements news posts review support site ticket,forum,0,low
limited stock limited edition discover items shop new styles example com code welcome extra,promotions,1,low
news john smith started new position friends checked downtown cafe see photos menu platform com locations venue,social_media,2,low
poll vote weekend plans group photography group invited rsvp social com events meetup,social_media,2,low
new messages tech enthusiasts chat friends checked tech hub see photos menu social com places cafe,social_media,2,low
order delivered restaurant new hours effective immediately dec est assignment confirmed manage booking company com updates,updates,4,medium
last chance warehouse clearance hello valued member enjoy free shipping week shop example com expires date,promotions,1,low
message hiring manager opportunity amazon read social com messages job offer,social_media,2,low
birthday discount final hours biggest sale example com ends time,promotions,1,low
forum badge system updated new levels bronze diamond requirements forum com badges new system,forum,0,low
nearby webinar today see photo platform com content video comments thanks sharing disable notifications social com settings,social_media,2,low
linkedin verification pin required password reset apple,verify_code,5,high
service outage resolved car rental new hours effective immediately oct midnight assignment confirmed manage booking company com updates,updates,4,medium
anniversary social platform alex check emily count reply platform com messages group,social_media,2,low
new messages book club chat article new york received likes comments see insights social com insights post,social_media,2,low
community announcement maintenance items cancelled via fedex tracking estimated delivery sep track company com updates,updates,4,low
safety recall model restaurant main pool closed aug maintenance aug pst assignment confirmed manage booking company com updates,updates,4,medium
watch later recommended video view profile platform com users sarah accept reject platform com requests,social_media,2,medium
new follower david kim photo paris received likes comments see insights platform com analytics content,social_media,2,low
anniversary discount hello valued member enjoy buy one get one free shop example com expires date,promotions,1,low
wiki edit approved books database upgrade completed successfully new features new search notifications faq wiki site page,forum,0,low
crypto opportunity roi guaranteed invoice inv ready view phishing site com dispute within hrshrs,spam,3,medium
appointment confirmed nov midnight yesterday network connectivity problem fixed systems operational apologies inconvenience,updates,4,medium
double rewards points weekend deal ends time items lowest prices shop example com use code save,promotions,1,low
event invitation tech conference aug group tech enthusiasts invited rsvp social com events meetup,social_media,2,low
verification required enter verify password reset session auto cancel invalid attempts,verify_code,5,high
anniversary discount discover items shop new styles example com code birthday extra,promotions,1,low
event reminder conference thread discussion started webdev settings forum com thread,forum,0,low
memories week video paris received likes comments see insights platform com analytics content,social_media,2,low
john smith mentioned comment group book club live streaming join social com live conference,social_media,2,low
new event webinar group photography group invited rsvp platform com events workshop,social_media,2,low
last chance warehouse clearance loyal customer get exclusive example com offer code welcome,promotions,1,low
memories week group photography group live streaming join platform com streaming event,social_media,2,low
community announcement new policy biometric login activated per request learn service com status,updates,4,low
vpn access code generated gmt remote access,verify_code,5,low
clearance madness clothing favorite items back wait example com use code vip,promotions,1,low
auto payment failed subscription new features security updates install service com status changelog included,updates,4,medium
post featured techtips group update hiking buddies posted photo trending remote workers weekend plans,social_media,2,low
appointment confirmed dec pst thank payment applied account receipt service com status,updates,4,medium
secure access number security code enter sign page expires minutes contact support,verify_code,5,low
scheduled maintenance nov est confirm cancel company com updates address building,updates,4,medium
event reminder meetup thread per report details wiki site page,forum,0,low
appointment reminder smith nov est new features dark mode performance boost install banking com statements changelog included,updates,4,medium
linkedin transfer confirmation enter confirm new device registration request ignore,verify_code,5,medium
new friend request john smith group update tech enthusiasts posted post trending startup founders best summer destination,social_media,2,medium
memories week view profile platform com users sarah accept reject platform com requests,social_media,2,medium
final notice facebook end invoice inv ready view scam delivery com dispute within hrshrs,spam,3,medium
flash sale clothing discover items shop new styles example com code vip extra,promotions,1,low
anniversary linkedin group hiking buddies live streaming join platform com streaming event,social_media,2,low
appointment reminder smith oct gmt thank payment applied account receipt company com updates,updates,4,medium
appointment confirmed aug midnight yesterday server maintenance fixed systems operational apologies inconvenience,updates,4,medium
software update available yesterday payment processing issue fixed systems operational apologies inconvenience,updates,4,medium
verification required use verification code device chrome windows location los angeles,verify_code,5,low
forum maintenance progress user datawiz thread support site ticket,forum,0,low
new device approval use verification code device chrome windows location chicago,verify_code,5,low
security alert failed login attempts immediate action required subscription payment failed update payment phishing site com call support,spam,3,high
moderation notice community guidelines update database upgrade completed successfully new features new search notifications faq support site ticket,forum,0,low
black friday early access hour doorbusters exclusive platinum member preview starts get first access doorbuster deals including electronics buy one get two fashion specials limited edition collaborations plus free expedited shipping orders shop public access begins brand com blackfriday preview code earlybf vip members receive additional bonus discount applied automatically checkout,promotions,1,low
moderator thread processed report per report details support site ticket,forum,0,low
mike chen mentioned comment friends checked tech hub see photos menu platform com locations venue,social_media,2,low
new reply python coding challenge thread discussion moved general support continue forum com thread,forum,0,low
achievement unlocked community star user webdev post forum com thread,forum,0,low
netflix password expiration immediate action required subscription payment failed update payment phishing site com call support scam,spam,3,high
facebook refund notification dear winner email annual lottery click phishing site com claim hrs expire unsubscribe,spam,3,low
john smith liked post college reunion photos view album social com albums vacation,social_media,2,low
forum contest photo contest trending techsupport comments view support site ticket,forum,0,low
early access holiday deals start hello valued member enjoy free shipping week shop example com expires date,promotions,1,low
insurance claim approved claim processed payment insurance com claims,updates,4,medium
new messages photography group chat group hiking buddies live streaming join platform com streaming event,social_media,2,low
order cancelled thank payment applied account receipt banking com statements,updates,4,medium
final notice netflix end package delivered tracking update phishing site com ignore,spam,3,low
new event webinar photo paris received likes comments see insights social com insights post,social_media,2,low
new thread home gardening matches alert thread discussion started pixelartist settings wiki site page,forum,0,high
reservation confirmed restaurant yesterday payment processing issue fixed systems operational apologies inconvenience,updates,4,medium
payment overdue notice package delivered tracking update bit fakeprize ignore,spam,3,medium
watch later recommended video grand canyon alex view album social com albums vacation,social_media,2,low
temporary security pass code transaction authorization share requested pst,verify_code,5,medium
news lisa rodriguez started new position group update tech enthusiasts posted article trending startup founders weekend plans,social_media,2,low
early access holiday deals start loyal customer get exclusive example com offer code vip,promotions,1,low
safety recall model monthly statement available view download banking com statements action needed payment scheduled,updates,4,medium
security upgrade enabled thank payment applied account receipt service com status,updates,4,medium
holiday discount final hours biggest sale example com ends time,promotions,1,low
linux reply python error thread discussion moved general support continue support site ticket,forum,0,low
order delivered password encryption activated per request learn banking com statements,updates,4,medium
connection anniversary years marketingpro share memory social com connections anniv marketing,social_media,2,low
twitter verification enter verify new device registration session auto cancel invalid attempts,verify_code,5,low
new follower lisa rodriguez group tech enthusiasts live streaming join social com live conference,social_media,2,low
reservation confirmed car rental updated user agreement review changes service com status effective oct,updates,4,medium
flash sale books hello valued member enjoy extra clearance shop example com expires date,promotions,1,low
programming reply database query thread discussion started webdev settings forum com thread,forum,0,low
limited stock back stock loyal customer get exclusive example com offer code save,promotions,1,low
social crowd mapping earthquake risk vulnerable structure identification app communityresilience maps requires survey training,social_media,2,low
important phone number changed september statement available view download service com status action needed payment scheduled,updates,4,medium
mike chen liked article sarah check david weather looks great reply social com chats hiking,social_media,2,low
github verification pin required account verification linkedin,verify_code,5,low
free upgrade membership favorite items back wait example com use code flash,promotions,1,low
security alert failed login attempts samsung galaxy logged hrs minutes ago verify phishing site com secure account,spam,3,high
new friend request john smith friends checked central perk see photos menu platform com locations venue,social_media,2,medium
membership upgrade processing achieved thank payment applied account receipt company com updates,updates,4,medium
auto payment failed subscription monthly statement available view download banking com statements action needed payment scheduled,updates,4,medium
secure access number use verification code device safari macos location los angeles,verify_code,5,low
selected luxury vacation package delivered tracking update bit fakeprize ignore,spam,3,low
crypto opportunity roi guaranteed paypal requires immediate password update click scam delivery com failure within hrshrs causes lockout,spam,3,high
bridge closure alternative routes effective main bridge closed map schedules transitauthority com detours construction updates mainbridge twitter,updates,4,medium
new login safari macbook san francisco approve deny securityportal com device alert,updates,4,high
scheduled maintenance aug midnight confirm cancel banking com statements payment due date building,updates,4,medium
early access holiday deals start celebrate entire purchase valid example com code save,promotions,1,low
double rewards points week loyal customer get exclusive example com offer code save,promotions,1,low
thread locked reason thread discussion started webdev settings support site ticket,forum,0,low
wiki edit approved programming thread per report details forum com thread,forum,0,low
live product launch keynote grand canyon alex view album platform com memories beach,social_media,2,low
new message match see messaged google view phishing site com special offer membership,spam,3,low
nearby webinar today inspiring view social com profile user reply disable platform com notifications,social_media,2,low
identity verification required use verification code device iphone pro location seattle,verify_code,5,low
annual community awards nomination phase recognize outstanding contributions nominating peers helpful member best technical solution top educational content submit nominations voting portal community awards com nominate category winner receives physical trophy premium lifetime membership featured interview nominations close august finalists determined combination peer votes moderator evaluation review previous winners nomination inspiration self nominations permitted community endorsement,forum,0,low
verification pin pin required account verification twitter,verify_code,5,low
birthday reminders week friends celebrating send wishes social com birthdays week,social_media,2,low
new thread matches interests vertical farming techniques gardening forum notification settings forum com notif settings,forum,0,low
double rewards points today hello valued member enjoy free shipping week shop example com expires date,promotions,1,low
facebook password expiration refund processed claim bit fakeprize complete within hrshrs,spam,3,high
free ipad survey see messaged amazon view bit fakeprize special offer membership,spam,3,low
group rule update self promotion freelancers hub policy change review social com groups freelancers rules,social_media,2,low
linkedin transfer confirmation code account verification share requested gmt,verify_code,5,medium
precision agriculture sat imagery subscription planetscope resolution renewed portal satellite portal coverage maps updated,updates,4,low
security alert failed login attempts iphone pro logged hrs minutes ago verify scam delivery com secure account,spam,3,high
member exclusive extra clearance loyal customer get exclusive example com offer code save,promotions,1,low
warning violation python coding challenge thread discussion started datawiz settings support site ticket,forum,0,high
new device registered ipad pro added location chicago review account com devices,updates,4,low
login code reply login confirmation enter share number,verify_code,5,medium
security upgrade enabled new features security updates install service com status changelog included,updates,4,low
asteroid impact simulation dataset release object trajectory models download planetarydefense data computational requirements,updates,4,low
hmrc tax refund approval unusual login detected romania secure account phishing site com account suspended,spam,3,high
new featured guide gaming post per report details support site ticket,forum,0,low
live workshop keynote group update hiking buddies posted post trending remote workers weekend plans,social_media,2,low
cooking reply database query comment per report details wiki site page,forum,0,low
warning violation python coding challenge comment per report details support site ticket,forum,0,high
early access clearance event start celebrate entire purchase valid example com code flash,promotions,1,low
inheritance claim late relative samsung galaxy logged hrs minutes ago verify phishing site com secure account,spam,3,low
moderator thread processed database upgrade completed successfully new features new search notifications faq forum com thread,forum,0,low
free airpods survey dear winner email annual lottery click scam delivery com claim hrs expire unsubscribe,spam,3,low
security notice suspicious login blocked items shipped via ups tracking estimated delivery nov track company com updates,updates,4,high
service interruption resolved restaurant activated per request learn banking com statements,updates,4,medium
new achievements unlocked forum expert earned helpful replies medal show forum com badges yourprofile,forum,0,low
post featured foodchallenge group update hiking buddies posted post trending startup founders favorite tech tools,social_media,2,low
bank transfer confirmation transfer john doe requires code enter within minutes,verify_code,5,medium
answered query general discussion trending books comments view support site ticket,forum,0,low
anniversary linkedin group update photography group posted article trending startup founders weekend plans,social_media,2,low
birthday reminder friends week article london received likes comments see insights social com insights post,social_media,2,low
member exclusive buy one get one free hello valued member enjoy buy one get one free shop example com expires date,promotions,1,low
moderator comment processed database upgrade completed successfully new features new search notifications faq wiki site page,forum,0,low
spotify family plan member removal alex johnson requests removal confirm spotify family manage member else plan cancellation,spam,3,medium
free upgrade purchase final hours biggest sale example com ends time,promotions,1,low
event reminder workshop event starts time prepare wiki site page,forum,0,low
verification required code account verification share requested est,verify_code,5,medium
watch later recommended photo great insight view social com events event reply disable platform com notifications,social_media,2,low
wiki edit approved programming thread discussion started codemaster settings wiki site page,forum,0,low
community announcement maintenance thank payment applied account receipt company com updates,updates,4,low
post featured foodchallenge post london received likes comments see insights social com insights post,social_media,2,low
clearance madness tools deal ends time items lowest prices shop example com use code save,promotions,1,low
google withdrawal auth pin required password reset twitter,verify_code,5,high
fbi tax refund approval refund processed claim bit fakeprize complete within hrshrs,spam,3,low
forum maintenance scheduled user webdev report forum com thread,forum,0,medium
appointment reminder haircut oct est new features new bug fixes install service com status changelog included,updates,4,medium
new follower sarah johnson see photo platform com content video comments great insight disable notifications platform com notifications,social_media,2,low
news groups follow friends checked tech hub see photos menu platform com locations venue,social_media,2,low
new friend request sarah johnson group book club invited rsvp platform com events workshop,social_media,2,medium
forum contest photo contest user pixelartist posted helpful solution view support site ticket,forum,0,low
software update available updated privacy policy review changes banking com statements effective nov,updates,4,low
live webinar keynote group hiking buddies live streaming join social com live conference,social_media,2,low
policy update terms service changes thank payment applied account receipt service com status,updates,4,medium
double rewards points today final hours biggest sale example com ends time,promotions,1,low
order cancelled new features dark mode performance boost install service com status changelog included,updates,4,low
anniversary social platform friends checked central perk see photos menu platform com locations venue,social_media,2,low
crypto opportunity roi guaranteed following microsoft application rates dropped apply bit fakeprize stop opt,spam,3,low
microsoft transfer confirmation pin required login confirmation facebook,verify_code,5,medium
hour sale buy one get one free favorite items back wait example com use code flash,promotions,1,low
biometric fallback use fingerprint scan fails device ipad pro,verify_code,5,low
user spotlight member spotlight thread discussion started webdev settings support site ticket,forum,0,low
anniversary instagram mike anyone free weekend lisa amazing post reply social com chats hiking,social_media,2,low
crypto opportunity roi guaranteed invoice inv ready view bit fakeprize dispute within hrshrs,spam,3,medium
memories week great insight view social com events event reply disable social com settings,social_media,2,low
back school discount favorite items back wait example com use code flash,promotions,1,low
appointment reminder dentist sep est thank payment applied account receipt company com updates,updates,4,medium
ama session researcher thread discussion moved general support continue wiki site page,forum,0,low
login code reply pin required password reset apple,verify_code,5,high
renew facebook subscription package delivered tracking update bit fakeprize ignore,spam,3,low
early access clearance event start favorite items back wait example com use code birthday,promotions,1,low
asteroid mining claim staking key near earth object claim validation ast claim validate spacemining registry velocity vector required,verify_code,5,low
live alert meetup behind scenes alex anyone free weekend david weather looks great reply platform com messages group,social_media,2,high
appointment reminder dentist sep pst restaurant main pool closed aug maintenance dec midnight assignment confirmed manage booking company com updates,updates,4,medium
new messages photography group chat sarah check david amazing post reply social com chats hiking,social_media,2,low
annual awards nomination vote helpful user forum com awards nominate,forum,0,low
google refund notification see messaged paypal view scam delivery com special offer membership,spam,3,low
free airpods survey see messaged apple view scam delivery com special offer membership,spam,3,low
suspicious activity apple account see messaged microsoft view bit fakeprize special offer membership,spam,3,low
achievement unlocked expert helper thread per report details forum com thread,forum,0,low
church donation chargeback dispute donation disputed fraud validate faith based giving verification org tax status risk,spam,3,high
netflix investment opportunity roi dear winner email annual lottery click scam delivery com claim hrs expire unsubscribe,spam,3,low
post moved programming help thread discussion moved general support continue support site ticket,forum,0,low
renew microsoft subscription invoice inv ready view bit fakeprize dispute within hrshrs,spam,3,medium
event invitation webinar oct group tech enthusiasts invited rsvp platform com events workshop,social_media,2,low
important phone number changed yesterday server maintenance fixed systems operational apologies inconvenience,updates,4,low
news sarah johnson started new position alex check emily count reply social com chats hiking,social_media,2,low
wiki edit approved books thread discussion moved general support continue support site ticket,forum,0,low
sarah johnson mentioned comment photo new york received likes comments see insights social com insights post,social_media,2,low
crypto opportunity roi guaranteed following netflix application rates dropped apply bit fakeprize stop opt,spam,3,low
new messages tech enthusiasts chat sarah check emily amazing post reply platform com messages group,social_media,2,low
final notice paypal end invoice inv ready view phishing site com dispute within hrshrs,spam,3,medium
facebook hacking alert login nigeria detected secure account lock help code sec,spam,3,high
new reply home server setup trending webdev comments view wiki site page,forum,0,low
new messages photography group chat view profile platform com users sarah accept reject social com friends pending,social_media,2,low
clearance madness books discover items shop new styles example com code save extra,promotions,1,low
event invitation webinar aug great insight view social com notifications reply disable platform com notifications,social_media,2,low
new message secret admirer unusual login detected romania secure account bit fakeprize account suspended,spam,3,high
new featured guide gaming thread discussion started pixelartist settings support site ticket,forum,0,low
john smith liked photo sarah great event today lisa weather looks great reply social com chats hiking,social_media,2,low
flash sale clothing loyal customer get exclusive example com offer code save,promotions,1,low
security alert failed login attempts ipad pro logged hrs minutes ago verify phishing site com secure account,spam,3,high
software update available updated cookie policy review changes service com status effective oct,updates,4,low
refund confirmation following google application rates dropped apply bit fakeprize stop opt,spam,3,medium
popular near tech conference inspiring view social com notifications reply disable platform com notifications,social_media,2,low
google verification use verification code device chrome windows location los angeles,verify_code,5,low
vip preview new arrivals final hours biggest sale example com ends time,promotions,1,low
apple egift card loyal customers immediate action required subscription payment failed update payment phishing site com call support,spam,3,medium
thread locked reason database upgrade completed successfully new features new search notifications faq forum com thread,forum,0,low
service outage resolved activated per request learn company com updates,updates,4,medium
nearby tech conference today group book club invited rsvp platform com events workshop,social_media,2,low
account summary august statement ready confirm cancel service com status phone number building,updates,4,medium
auto payment failed subscription august statement available view download banking com statements action needed payment scheduled,updates,4,medium
limited stock final clearance celebrate entire purchase valid example com code vip,promotions,1,low
post moved technical support thread discussion started pixelartist settings support site ticket,forum,0,low
post got new reactions group book club invited rsvp platform com events workshop,social_media,2,low
verification code token expires est support contact,verify_code,5,low
answered query general discussion user pixelartist thread forum com thread,forum,0,low
google used new device netflix requires immediate password update click scam delivery com failure within hrshrs causes lockout,spam,3,high
deep sea exploration vehicle command key dsev remote operation authorization valid vessel depth comms satellite iss,verify_code,5,low
membership level upgrade platinum status new benefits unlocked concierge service lounge access details premiumclub com platinum,updates,4,low
moderator thread processed thread discussion started webdev settings wiki site page,forum,0,low
account summary monthly statement ready service unavailable window updates include bug fixes new features,updates,4,low
thread locked reason thread per report details forum com thread,forum,0,low
anniversary special extra clearance favorite items back wait example com use code flash,promotions,1,low
microsoft investment opportunity roi ipad pro logged hrs minutes ago verify scam delivery com secure account,spam,3,low
flash sale books hello valued member enjoy free shipping week shop example com expires date,promotions,1,low
linux reply graphics driver thread discussion moved general support continue support site ticket,forum,0,low
books reply graphics driver trending photography comments view support site ticket,forum,0,low
paypal security alert account frozen apple requires immediate password update click phishing site com failure within hrshrs causes lockout,spam,3,high
selected cruise microsoft requires immediate password update click scam delivery com failure within hrshrs causes lockout,spam,3,high
forum maintenance scheduled thread discussion started pixelartist settings forum com thread,forum,0,medium
delivery rescheduled order updated cookie policy review changes banking com statements effective sep,updates,4,medium
home brewing master class kit beer wine sake brewing equipment bundle brewmasterkit com sale shipping weight lbs,promotions,1,low
post got new reactions photo paris received likes comments see insights social com analytics post,social_media,2,low
temporary pin access code login confirmation valid,verify_code,5,medium
vault access code physical security vault vlt opening requires digital confirmation enter kiosk within proximity biometric verification must follow within seconds,verify_code,5,medium
vip preview holiday deals final hours biggest sale example com ends time,promotions,1,low
new event tech conference group update book club posted article trending digital artists weekend plans,social_media,2,low
membership upgrade shipped achieved service unavailable window updates include security patches performance improvements,updates,4,low
live alert meetup behind scenes group update book club posted article trending startup founders favorite tech tools,social_media,2,high
order shipped yesterday server maintenance fixed systems operational apologies inconvenience,updates,4,low
hour sale free shipping week deal ends time items lowest prices shop example com use code save,promotions,1,low
post got new reactions see post platform com content video comments great insight disable notifications platform com notifications,social_media,2,low
auto payment failed subscription new features dark mode performance boost install service com status changelog included,updates,4,medium
news groups follow friends checked tech hub see photos menu social com places cafe,social_media,2,low
costco membership revocation resale policy violation confirmed appeal decision costco membership appeal retail card cst warehouse access online ordering privileges revoked immediately,spam,3,medium
temporary security pass transaction authorization enter share number,verify_code,5,low
auto payment failed subscription september statement available view download banking com statements action needed payment scheduled,updates,4,medium
forum contest photo contest post per report details wiki site page,forum,0,low
insurance policy documents ready renewal documents available review insuranceportal com policies,updates,4,low
new arrivals summer collection live celebrate entire purchase valid example com code vip,promotions,1,low
apple verification token expires est support contact,verify_code,5,low
free gift hotel stay final hours biggest sale example com ends time,promotions,1,low
live webinar keynote group book club invited rsvp platform com events workshop,social_media,2,low
answered query technical support user webdev thread forum com thread,forum,0,low
login alert verification step needed token expires gmt support contact,verify_code,5,high
service interruption resolved car rental yesterday server maintenance fixed systems operational apologies inconvenience,updates,4,low
verification pin enter verify new device registration session auto cancel invalid attempts,verify_code,5,low
early access clearance event start discover items shop new styles example com code flash extra,promotions,1,low
programming reply css alignment trending books comments view wiki site page,forum,0,low
community announcement schedule change updated user agreement review changes company com updates effective nov,updates,4,low
event reminder conference revised rules effective immediately key changes citation requirements news posts review wiki site page,forum,0,low
wiki contribution approved edit api guide published view devforum com wiki api guide edit,forum,0,low
forum digest cooking discussions earned achievement badge view profile support site ticket,forum,0,low
popular near product launch view profile platform com users sarah accept reject platform com requests,social_media,2,medium
verizon payment overdue service disconnection imminent pay verizon payment tel account,spam,3,medium
moderation thread moved cryptocurrency discussion btc price prediction thread relocated speculation subforum financeforum com forums speculation thread reason primary topic better suited alternative section automatic redirect active,forum,0,low
security upgrade enabled password encryption activated per request learn banking com statements,updates,4,medium
wiki edit approved techsupport revised rules effective immediately key changes citation requirements news posts review forum com thread,forum,0,low
double rewards points today celebrate entire purchase valid example com code flash,promotions,1,low
facebook investment opportunity roi refund processed claim phishing site com complete within hrshrs,spam,3,low
policy update privacy policy changes activated per request learn banking com statements,updates,4,medium
instagram impersonation report fake account name reported take action instagram impersonation help report,spam,3,low
holiday discount deal ends time items lowest prices shop example com use code flash,promotions,1,low
news mike chen started new position video tokyo received likes comments see insights social com insights post,social_media,2,low
birthday reminder friends next week see article social com posts photo comments great insight disable notifications social com settings,social_media,2,low
identity verification required token expires est support contact,verify_code,5,low
anniversary instagram group update tech enthusiasts posted article trending startup founders best summer destination,social_media,2,low
nearby workshop today see article platform com content video comments thanks sharing disable notifications platform com notifications,social_media,2,low
badge system overhaul new achievement tiers forum com badges update,forum,0,low
renew amazon subscription dear winner email annual lottery click scam delivery com claim hrs expire unsubscribe,spam,3,low
security notice suspicious login blocked password encryption activated per request learn service com status,updates,4,high
group milestone members digital artists celebration post engage social com groups digital artists,social_media,2,low
wiki edit approved cooking thread discussion moved general support continue support site ticket,forum,0,low
mod application open technical support thread discussion started datawiz settings forum com thread,forum,0,low
crypto opportunity roi guaranteed package delivered tracking update scam delivery com ignore,spam,3,low
flash sale tools celebrate entire purchase valid example com code welcome,promotions,1,low
crypto opportunity roi guaranteed following paypal application rates dropped apply phishing site com stop opt,spam,3,low
identity verification required account verification enter share number,verify_code,5,low
refund confirmation package delivered tracking update bit fakeprize ignore,spam,3,medium
western union transfer verification transfer flagged fraud screening confirm recipient transfer verify money code transaction frozen pending biometric verification nearest agent location,spam,3,medium
popular near webinar mike check david weather looks great reply platform com messages group,social_media,2,low
temporary security pass code account verification share requested pst,verify_code,5,medium
thread locked reason user codemaster report forum com thread,forum,0,low
final notice apple end unusual login detected china secure account phishing site com account suspended,spam,3,high
photo tag new photos mike bbq party review tags social com photos tags bbq,social_media,2,low
forum digest books discussions revised rules effective immediately key changes citation requirements news posts review wiki site page,forum,0,low
payment overdue notice immediate action required subscription payment failed update payment phishing site com call support fake,spam,3,medium
community announcement pool closure yesterday server maintenance fixed systems operational apologies inconvenience,updates,4,low
software update available thank payment applied account receipt service com status,updates,4,medium
verification pin enter confirm password reset request ignore,verify_code,5,medium
forum digest webdev discussions event starts time prepare support site ticket,forum,0,low
policy update cookie policy changes service unavailable window updates include security patches performance improvements,updates,4,low
verification code pin required password reset google,verify_code,5,high
anniversary linkedin see article social com posts photo comments inspiring disable notifications platform com notifications,social_media,2,low
lisa rodriguez liked video view profile platform com users sarah accept reject social com friends pending,social_media,2,low
forum maintenance scheduled thread discussion started techguru settings support site ticket,forum,0,medium
lisa rodriguez mentioned comment sarah check lisa amazing post reply social com chats hiking,social_media,2,low
memories week thanks sharing view social com notifications reply disable social com settings,social_media,2,low
event invitation product launch oct beach vacation family view album social com albums vacation,social_media,2,low
security upgrade biometric login enabled thank payment applied account receipt company com updates,updates,4,medium
refund confirmation refund processed claim phishing site com complete within hrshrs,spam,3,medium
final notice facebook end ipad pro logged hrs minutes ago verify bit fakeprize secure account,spam,3,low
double points weekend starts earn rewards purchases activate offer rewardsprogram com double weekend valid sunday,promotions,1,low
thread locked reason user webdev posted helpful solution view wiki site page,forum,0,low
appointment confirmed sep gmt updated user agreement review changes service com status effective oct,updates,4,medium
service interruption resolved car rental new features dark mode performance boost install banking com statements changelog included,updates,4,low
youtube creator grant program selection equipment fund awarded accept terms youtube com creator fund grant xyz equipment list,social_media,2,low
account summary july statement ready new features new bug fixes install company com updates changelog included,updates,4,low
twitter withdrawal auth pin required password reset linkedin,verify_code,5,high
google investment opportunity roi immediate action required subscription payment failed update payment bit fakeprize call support scam,spam,3,medium
login code reply token expires gmt support contact,verify_code,5,low
appointment reminder eye exam nov est password encryption activated per request learn banking com statements,updates,4,medium
last chance end season sale discover items shop new styles example com code flash extra,promotions,1,low
refund confirmation unusual login detected china secure account bit fakeprize account suspended,spam,3,medium
inheritance claim late relative see messaged apple view scam delivery com special offer membership,spam,3,low
membership upgrade shipped achieved new features dark mode performance boost install service com status changelog included,updates,4,low
email digest preferences updated receiving weekly highlights instead daily manage settings forum com email preferences new category specific digests available unsubscribe option footer,forum,0,low
payment received invoice inv yesterday network connectivity problem fixed systems operational apologies inconvenience,updates,4,medium
amazon used new device immediate action required subscription payment failed update payment bit fakeprize call support scam,spam,3,medium
free gift membership final hours biggest sale example com ends time,promotions,1,low
amazon egift card loyal customers package delivered tracking update phishing site com ignore,spam,3,low
answered query programming help revised rules effective immediately key changes citation requirements news posts review support site ticket,forum,0,low
inheritance claim late relative immediate action required subscription payment failed update payment bit fakeprize call support,spam,3,medium
login alert verification step needed enter confirm payment confirmation request ignore,verify_code,5,medium
forum maintenance scheduled thread discussion started codemaster settings support site ticket,forum,0,medium
urgent claim prize invoice inv ready view scam delivery com dispute within hrshrs,spam,3,medium
event reminder meetup event starts time prepare forum com thread,forum,0,low
verification step complete setup code case setup,verify_code,5,low
verification pin security code enter sign page expires minutes contact support,verify_code,5,low
warning violation python coding challenge thread discussion started pixelartist settings support site ticket,forum,0,high
anniversary social platform friends checked tech hub see photos menu platform com locations venue,social_media,2,low
new featured guide techsupport database upgrade completed successfully new features new search notifications faq wiki site page,forum,0,low
account summary monthly statement ready updated user agreement review changes service com status effective aug,updates,4,low
solution verified debugging technique innovative approach resolving memory leaks python officially verified technical team solution added permanent knowledge base attribution access archived solution forum solutions com python memory fix earned solution architect badge reputation points methodology recommended official documentation consider expanding tutorial educational portal moderator assistance,forum,0,low
account summary july statement ready hotel booking new hours effective immediately aug est assignment confirmed manage booking service com status,updates,4,medium
meetup recording available cloud security workshop forum com events cloud meetup recording,forum,0,low
live alert product launch behind scenes video paris received likes comments see insights platform com analytics content,social_media,2,high
event invitation webinar aug view profile platform com users sarah accept reject platform com requests,social_media,2,medium
early access summer sale start deal ends time items lowest prices shop example com use code vip,promotions,1,low
facebook workspace verification transaction authorization enter share number,verify_code,5,low
special offer loyal customer get exclusive example com offer code welcome,promotions,1,low
event reminder conference user pixelartist report wiki site page,forum,0,low
new featured guide gaming event starts time prepare support site ticket,forum,0,low
forum maintenance complete trending techsupport comments view forum com thread,forum,0,low
warning violation python coding challenge user techguru posted helpful solution view forum com thread,forum,0,high
suspicious activity netflix account macbook air logged hrs minutes ago verify phishing site com secure account,spam,3,low
early access clearance event start hello valued member enjoy buy one get one free shop example com expires date,promotions,1,low
netflix egift card loyal customers see messaged amazon view phishing site com special offer membership,spam,3,low
community announcement schedule change yesterday network connectivity problem fixed systems operational apologies inconvenience,updates,4,low
inheritance claim late relative iphone pro logged hrs minutes ago verify phishing site com secure account,spam,3,low
live webinar keynote great insight view social com notifications reply disable platform com notifications,social_media,2,low
news sarah johnson started new position sarah check david weather looks great reply social com chats hiking,social_media,2,low
memories week group update photography group posted article trending digital artists best summer destination,social_media,2,low
apple used new device package delivered tracking update scam delivery com ignore,spam,3,low
forum contest photo contest trending gaming comments view wiki site page,forum,0,low
inheritance claim late relative dear winner email annual lottery click bit fakeprize claim hrs expire unsubscribe,spam,3,low
heritage site preservation code restricted archaeological site access valid accompanying government permit per gps tagged photography mandatory visit,verify_code,5,low
sarah johnson mentioned comment alex check emily amazing post reply platform com messages group,social_media,2,low
forum maintenance complete event starts time prepare forum com thread,forum,0,low
john smith liked post post paris received likes comments see insights social com insights post,social_media,2,low
event reminder workshop trending linux comments view forum com thread,forum,0,low
urgent claim prize ipad pro logged hrs minutes ago verify phishing site com secure account,spam,3,high
amazon refund notification following paypal application rates dropped apply phishing site com stop opt,spam,3,low
pre black friday deals live early access doorbusters shop retailer com early blackfriday code earlybf,promotions,1,low
policy update privacy policy changes items processing via ups tracking estimated delivery nov track company com updates,updates,4,low
apple refund notification samsung galaxy logged hrs minutes ago verify phishing site com secure account,spam,3,low
google subscription suspended see messaged facebook view bit fakeprize special offer membership,spam,3,low
security notice suspicious login blocked restaurant new hours effective immediately aug pst assignment confirmed manage booking banking com statements,updates,4,high
news john smith started new position group update book club posted article trending startup founders weekend plans,social_media,2,low
double rewards points today loyal customer get exclusive example com offer code vip,promotions,1,low
new plugin released dark mode available enable forum com settings plugins,forum,0,low
fedex returned package notification package could deliver schedule redelivery fedex redelivery solutions fee waived,spam,3,low
ama session science professor event starts time prepare forum com thread,forum,0,low
security upgrade enabled updated user agreement review changes service com status effective nov,updates,4,low
news groups follow see article social com posts photo comments thanks sharing disable notifications social com settings,social_media,2,low
limited stock final clearance celebrate entire purchase valid example com code flash,promotions,1,low
new friend request sarah johnson group update tech enthusiasts posted article trending startup founders weekend plans,social_media,2,medium
netflix password expiration package delivered tracking update phishing site com ignore,spam,3,high
access code code login confirmation share requested pst,verify_code,5,medium
netflix used new device immediate action required subscription payment failed update payment bit fakeprize call support fake,spam,3,medium
security notice suspicious login blocked items processing via fedex tracking estimated delivery sep track banking com statements,updates,4,high
hour sale extra clearance loyal customer get exclusive example com offer code save,promotions,1,low
linkedin transfer confirmation transaction authorization enter share number,verify_code,5,medium
digital heritage language preservation endangered dialects chatbot training contribute languagelegacy speech samples,social_media,2,low
anniversary special buy one get one free final hours biggest sale example com ends time,promotions,1,low
google transfer confirmation token expires est support contact,verify_code,5,medium
final notice microsoft end see messaged microsoft view bit fakeprize special offer membership,spam,3,low
important address changed new features new bug fixes install company com updates changelog included,updates,4,low
invoice available dear winner email annual lottery click bit fakeprize claim hrs expire unsubscribe,spam,3,medium
new follower john smith college reunion photos view album platform com memories beach,social_media,2,low
nearby meetup today grand canyon alex view album social com albums vacation,social_media,2,low
new reply home server setup thread per report details wiki site page,forum,0,low
forum digest books discussions comment per report details forum com thread,forum,0,low
microsoft used new device see messaged microsoft view scam delivery com special offer membership,spam,3,low
member exclusive free shipping week discover items shop new styles example com code vip extra,promotions,1,low
secure access number use code complete sign expires minutes,verify_code,5,low
poll vote weekend plans group book club invited rsvp platform com events workshop,social_media,2,low
policy update cookie policy changes items cancelled via fedex tracking estimated delivery nov track company com updates,updates,4,low
twitter workspace verification token expires pst support contact,verify_code,5,low
mars rover instrument calibration code persev chemcam diagnostic mode jpl internal portal marsmission jpl nasa gov calibration curiosity restricted,verify_code,5,low
achievement unlocked expert helper thread discussion moved general support continue forum com thread,forum,0,low
fbi tax refund approval unusual login detected nigeria secure account phishing site com account suspended,spam,3,high
event reminder conference user datawiz report wiki site page,forum,0,low
renew microsoft subscription following facebook application rates dropped apply phishing site com stop opt,spam,3,low
scheduled maintenance sep est abc airlines main pool closed aug maintenance dec midnight assignment confirmed manage booking service com status,updates,4,medium
software update available thank payment applied account receipt banking com statements,updates,4,medium
special offer deal ends time items lowest prices shop example com use code save,promotions,1,low
service interruption resolved restaurant car rental main pool closed aug maintenance oct gmt assignment confirmed manage booking company com updates,updates,4,medium
software update available updated terms service review changes banking com statements effective dec,updates,4,low
nuclear facility access code rotation new keypad code effective utc enter without dash previous code disabled,verify_code,5,low
appointment reminder dentist nov midnight thank payment applied account receipt company com updates,updates,4,medium
post got new reactions love view social com notifications reply disable social com settings,social_media,2,low
final notice apple end see messaged facebook view scam delivery com special offer membership,spam,3,low
new follower sarah johnson see post social com posts photo comments great insight disable notifications platform com notifications,social_media,2,low
secure access number access code login confirmation valid,verify_code,5,medium
new featured guide webdev earned achievement badge view profile forum com thread,forum,0,low
mike chen liked article love view social com profile user reply disable social com settings,social_media,2,low
missed delivery confirmation following microsoft application rates dropped apply phishing site com stop opt,spam,3,medium
david kim liked story group update hiking buddies posted video trending remote workers favorite tech tools,social_media,2,low
david kim liked video story tokyo received likes comments see insights social com insights post,social_media,2,low
birthday reminder friends week see article social com posts photo comments thanks sharing disable notifications platform com notifications,social_media,2,low
flash sale home decor final hours biggest sale example com ends time,promotions,1,low
poll vote favorite tech tools group photography group live streaming join social com live conference,social_media,2,low
security alert failed login attempts following facebook application rates dropped apply phishing site com stop opt,spam,3,high
login code reply enter confirm payment confirmation request ignore,verify_code,5,medium
new featured guide webdev thread per report details wiki site page,forum,0,low
mod application open book club event starts time prepare support site ticket,forum,0,low
software update available service unavailable window updates include bug fixes new features,updates,4,low
moderation notice community guidelines update post per report details support site ticket,forum,0,low
google egift card loyal customers unusual login detected russia secure account bit fakeprize account suspended,spam,3,high
live meetup keynote mike check lisa count reply platform com messages group,social_media,2,low
netflix password expiration dear winner email annual lottery click scam delivery com claim hrs expire unsubscribe,spam,3,high
facebook security alert account frozen immediate action required subscription payment failed update payment phishing site com call support scam,spam,3,high
netflix inquiry iphone pro logged hrs minutes ago verify scam delivery com secure account,spam,3,low
nearby meetup today article paris received likes comments see insights social com insights post,social_media,2,low
membership upgrade processing achieved confirm cancel service com status payment due date building,updates,4,medium
post moved programming help thread discussion moved general support continue wiki site page,forum,0,low
back school discount favorite items back wait example com use code vip,promotions,1,low
facebook verification security code enter sign page expires minutes contact support,verify_code,5,low
last chance end season sale deal ends time items lowest prices shop example com use code flash,promotions,1,low
high frequency trading session pin nyse opening cross algorithm enablement hft pin session start embedded,verify_code,5,low
microsoft refund notification invoice inv ready view phishing site com dispute within hrshrs,spam,3,low
twitter workspace verification enter confirm password reset request ignore,verify_code,5,medium
payment received invoice inv updated privacy policy review changes company com updates effective sep,updates,4,medium
free gift membership celebrate entire purchase valid example com code birthday,promotions,1,low
watch later recommended post view profile social com profile john accept reject social com friends pending,social_media,2,low
hour sale extra clearance celebrate entire purchase valid example com code save,promotions,1,low
apple workspace verification pin required login confirmation github,verify_code,5,medium
account summary july statement ready service unavailable window updates include security patches performance improvements,updates,4,low
forum maintenance scheduled trending techsupport comments view forum com thread,forum,0,medium
renew paypal subscription macbook air logged hrs minutes ago verify scam delivery com secure account,spam,3,low
invoice available unusual login detected russia secure account scam delivery com account suspended,spam,3,medium
temporary pin pin required account verification twitter,verify_code,5,low
free gourmet coffee sample try new ethiopian blend claim sample coffeecompany com free sample code tryme,promotions,1,low
popular near tech conference group update photography group posted video trending digital artists best summer destination,social_media,2,low
user spotlight member spotlight thread discussion started techguru settings forum com thread,forum,0,low
google investment opportunity roi refund processed claim phishing site com complete within hrshrs,spam,3,low
post moved programming help trending cooking comments view support site ticket,forum,0,low
popular near product launch alex anyone free weekend lisa weather looks great reply platform com messages group,social_media,2,low
urgent claim prize see messaged facebook view bit fakeprize special offer membership,spam,3,low
new thread home gardening matches alert trending cooking comments view forum com thread,forum,0,high
auto payment failed subscription yesterday payment processing issue fixed systems operational apologies inconvenience,updates,4,medium
forum maintenance progress database upgrade completed successfully new features new search notifications faq wiki site page,forum,0,low
moderation notice community guidelines update user pixelartist posted helpful solution view forum com thread,forum,0,low
live webinar keynote college reunion photos view album platform com memories beach,social_media,2,low
mike chen liked photo group update book club posted photo trending remote workers best summer destination,social_media,2,low
event reminder meetup database upgrade completed successfully new features new search notifications faq support site ticket,forum,0,low
back school discount loyal customer get exclusive example com offer code vip,promotions,1,low
data usage alert monthly quota password encryption activated per request learn company com updates,updates,4,high
amazon egift card loyal customers see messaged microsoft view bit fakeprize special offer membership,spam,3,low
account summary august statement ready service unavailable window updates include security patches performance improvements,updates,4,low
watch later recommended post group photography group invited rsvp platform com events workshop,social_media,2,low
birthday reminder friends week group update book club posted video trending startup founders best summer destination,social_media,2,low
google inquiry samsung galaxy logged hrs minutes ago verify bit fakeprize secure account,spam,3,low
last chance end season sale hello valued member enjoy extra clearance shop example com expires date,promotions,1,low
suspicious activity google account invoice inv ready view scam delivery com dispute within hrshrs,spam,3,medium
free dessert purchase loyal customer get exclusive example com offer code welcome,promotions,1,low
account summary august statement ready new features security updates install service com status changelog included,updates,4,low
important phone number changed abc airlines new hours effective immediately aug gmt assignment confirmed manage booking company com updates,updates,4,medium
reservation confirmed abc airlines updated cookie policy review changes service com status effective oct,updates,4,medium
anniversary special extra clearance discover items shop new styles example com code save extra,promotions,1,low
event invitation product launch aug group photography group invited rsvp social com events meetup,social_media,2,low
post got new reactions group photography group live streaming join platform com streaming event,social_media,2,low
verification required code login confirmation share requested pst,verify_code,5,medium
nearby tech conference today see post social com posts photo comments great insight disable notifications platform com notifications,social_media,2,low
payment received invoice inv restaurant main pool closed aug maintenance nov midnight assignment confirmed manage booking company com updates,updates,4,medium
mod application open technical support earned achievement badge view profile support site ticket,forum,0,low
missed delivery confirmation see messaged microsoft view phishing site com special offer membership,spam,3,low
order processing password encryption activated per request learn banking com statements,updates,4,medium
support ticket closed email sync issue resolved reopen supportportal com tickets,updates,4,low
paypal dispute resolution needed seller techdeals claims non receipt respond paypal dispute resolve center case,spam,3,low
exclusive first look holiday collection get early access holiday decor preview homegoods com holiday preview,promotions,1,low
new arrivals back school live loyal customer get exclusive example com offer code birthday,promotions,1,low
news sarah johnson started new position college reunion photos view album platform com memories beach,social_media,2,low
software license activation product activation adobe creative cloud enterprise code serial adb mandatory validation legal compliance audit failure activates license suspension,verify_code,5,low
forum maintenance scheduled user pixelartist posted helpful solution view support site ticket,forum,0,medium
free upgrade hotel stay celebrate entire purchase valid example com code flash,promotions,1,low
suspicious activity netflix account samsung galaxy logged hrs minutes ago verify phishing site com secure account,spam,3,low
live meetup keynote group tech enthusiasts invited rsvp platform com events workshop,social_media,2,low
live alert meetup behind scenes group update hiking buddies posted photo trending digital artists weekend plans,social_media,2,high
mod application open technical support user datawiz post forum com thread,forum,0,low
gaming reply slow boot issue user webdev posted helpful solution view support site ticket,forum,0,low
important payment due date changed hotel booking main pool closed aug maintenance dec midnight assignment confirmed manage booking service com status,updates,4,medium
post featured techtips group tech enthusiasts invited rsvp platform com events workshop,social_media,2,low
payment overdue notice see messaged google view phishing site com special offer membership,spam,3,medium
order ord shipped items shipped via ups tracking estimated delivery aug track store com track ord,updates,4,low
birthday reminder friends next week friends checked tech hub see photos menu platform com locations venue,social_media,2,low
gaming reply slow boot issue trending linux comments view forum com thread,forum,0,low
answered query career advice user datawiz posted helpful solution view support site ticket,forum,0,low
login code reply use verification code device chrome windows location los angeles,verify_code,5,low
final notice netflix end package delivered tracking update scam delivery com ignore,spam,3,low
post featured foodchallenge group hiking buddies invited rsvp social com events meetup,social_media,2,low
achievement unlocked reputation user webdev posted helpful solution view forum com thread,forum,0,low
new follower lisa rodriguez group tech enthusiasts invited rsvp social com events meetup,social_media,2,low
scheduled maintenance aug pst monthly statement available view download service com status action needed payment scheduled,updates,4,medium
birthday reminder friends next week group tech enthusiasts live streaming join social com live conference,social_media,2,low
security alert failed login attempts unusual login detected china secure account phishing site com account suspended,spam,3,high
scheduled maintenance nov pst service unavailable window updates include security patches performance improvements,updates,4,medium
service outage resolved items cancelled via usps tracking estimated delivery dec track company com updates,updates,4,low
final notice facebook end ipad pro logged hrs minutes ago verify phishing site com secure account,spam,3,low
auto payment failed subscription abc airlines main pool closed aug maintenance oct pst assignment confirmed manage booking banking com statements,updates,4,medium
auto payment failed subscription restaurant new hours effective immediately dec pst assignment confirmed manage booking service com status,updates,4,medium
instagram verification failed blue checkmark revoked reapply instagram verify social case,spam,3,low
temporary security pass pin required password reset apple,verify_code,5,high
flash sale books discover items shop new styles example com code flash extra,promotions,1,low
double rewards points week favorite items back wait example com use code vip,promotions,1,low
google workspace verification enter verify account recovery session auto cancel invalid attempts,verify_code,5,low
delivery rescheduled order confirm cancel company com updates email building,updates,4,medium
appointment reminder smith aug est service unavailable window updates include security patches performance improvements,updates,4,medium
reservation confirmed hotel booking updated terms service review changes company com updates effective dec,updates,4,medium
missed delivery confirmation following apple application rates dropped apply phishing site com stop opt,spam,3,medium
selected spa weekend samsung galaxy logged hrs minutes ago verify phishing site com secure account,spam,3,low
facebook authenticator enter confirm new device registration request ignore,verify_code,5,medium
forum digest programming discussions earned achievement badge view profile wiki site page,forum,0,low
verification required use verification code device samsung galaxy location chicago,verify_code,5,low
auto payment failed subscription new features dark mode performance boost install company com updates changelog included,updates,4,medium
delivery rescheduled order yesterday network connectivity problem fixed systems operational apologies inconvenience,updates,4,medium
important payment due date changed confirm cancel service com status address building,updates,4,medium
auto renewal reminder domain name yourdomain com renews sep cancel domains com manage,updates,4,low
forum maintenance progress thread discussion moved general support continue support site ticket,forum,0,low
mod application open technical support thread discussion started techguru settings wiki site page,forum,0,low
warning violation home server setup earned achievement badge view profile forum com thread,forum,0,high
new thread home gardening matches alert thread discussion started techguru settings forum com thread,forum,0,high
github verification pin required password reset apple,verify_code,5,high
free dessert hotel stay deal ends time items lowest prices shop example com use code vip,promotions,1,low
news mike chen started new position see photo social com posts photo comments inspiring disable notifications social com settings,social_media,2,low
tiktok creator fund earn week join tiktok creator signup media invite code creator,spam,3,low
watch later recommended post beach vacation family view album platform com memories beach,social_media,2,low
refund confirmation immediate action required subscription payment failed update payment bit fakeprize call support fake,spam,3,medium
vip preview summer sale favorite items back wait example com use code save,promotions,1,low
login code reply pin required password reset github,verify_code,5,high
verification required token expires gmt support contact,verify_code,5,low
fedex customs clearance failure package fdx held customs pay processing fee fedex customs clearance ship doc cstm shipment contains electronics requiring immediate tariff payment avoid return sender,spam,3,medium
david kim liked photo view profile social com profile john accept reject platform com requests,social_media,2,medium
hour sale buy one get one free celebrate entire purchase valid example com code flash,promotions,1,low
missed delivery confirmation unusual login detected nigeria secure account scam delivery com account suspended,spam,3,medium
facebook subscription suspended invoice inv ready view phishing site com dispute within hrshrs,spam,3,medium
apple investment opportunity roi invoice inv ready view phishing site com dispute within hrshrs,spam,3,medium
dinner two contest share photo win social com contest dinner code dinnerwin,promotions,1,low
limited stock final clearance loyal customer get exclusive example com offer code flash,promotions,1,low
auto payment failed subscription july statement available view download company com updates action needed payment scheduled,updates,4,medium
new friend request david kim mike great event today david count reply social com chats hiking,social_media,2,medium
verification required access code transaction authorization valid,verify_code,5,low
double rewards points weekend celebrate entire purchase valid example com code vip,promotions,1,low
free dessert membership discover items shop new styles example com code save extra,promotions,1,low
wiki edit approved linux thread discussion moved general support continue forum com thread,forum,0,low
wiki edit approved techsupport event starts time prepare support site ticket,forum,0,low
refer friends get credit deal ends time items lowest prices shop example com use code save,promotions,1,low
login alert verification step needed pin required password reset microsoft,verify_code,5,high
paypal password expiration refund processed claim phishing site com complete within hrshrs,spam,3,high
event reminder workshop earned achievement badge view profile support site ticket,forum,0,low
free shipping membership loyal customer get exclusive example com offer code birthday,promotions,1,low
verification pin code account verification share requested pst,verify_code,5,medium
data usage alert monthly quota updated user agreement review changes company com updates effective oct,updates,4,high
flash sale beauty products loyal customer get exclusive example com offer code flash,promotions,1,low
new arrivals summer collection live hello valued member enjoy free shipping week shop example com expires date,promotions,1,low
early access holiday deals start discover items shop new styles example com code flash extra,promotions,1,low
hour sale buy one get one free loyal customer get exclusive example com offer code vip,promotions,1,low
wiki edit approved books thread discussion started datawiz settings support site ticket,forum,0,low
two step verification code account verification enter share number,verify_code,5,low
service interruption resolved car rental new features new bug fixes install banking com statements changelog included,updates,4,low
news john smith started new position group update photography group posted photo trending startup founders favorite tech tools,social_media,2,low
facebook authenticator pin required transaction authorization microsoft,verify_code,5,low
new featured guide photography trending books comments view wiki site page,forum,0,low
new featured guide photography thread discussion started techguru settings forum com thread,forum,0,low
achievement unlocked reputation trending cooking comments view wiki site page,forum,0,low
secure access number use verification code device safari macos location chicago,verify_code,5,low
wiki edit approved photography thread per report details forum com thread,forum,0,low
verification pin enter confirm new device registration request ignore,verify_code,5,medium
order shipped confirm cancel banking com statements payment due date building,updates,4,medium
account summary july statement ready biometric login activated per request learn banking com statements,updates,4,medium
vip preview holiday collection premiere event exclusive hour early access winter collection public launch enjoy new arrivals plus complimentary monogramming service discover luxurious cashmere artisanal knitwear limited edition accessories early shoppers receive free velvet gift box value personal stylist consultation double loyalty points shop luxurybrand com holiday preview code vipwinter first orders include surprise golden ticket gift worth event ends thursday midnight extensions possible due inventory constraints,promotions,1,medium
forum maintenance scheduled event starts time prepare forum com thread,forum,0,medium
account summary august statement ready yesterday server maintenance fixed systems operational apologies inconvenience,updates,4,low
photography reply python error trending linux comments view support site ticket,forum,0,low
new message lonely heart dear winner email annual lottery click scam delivery com claim hrs expire unsubscribe,spam,3,low
inheritance claim late relative see messaged microsoft view scam delivery com special offer membership,spam,3,low
netflix inquiry invoice inv ready view scam delivery com dispute within hrshrs,spam,3,medium
post moved general discussion thread discussion started pixelartist settings forum com thread,forum,0,low
payment received invoice inv new features new bug fixes install service com status changelog included,updates,4,medium
account upgrade file upload limit increased per attachment effective immediately userportal upgrade notice,forum,0,high
quantum error correction code collaboration develop fault tolerant schemes working group quantumcomputingforum com working groups qec meeting schedule,forum,0,medium
mike chen liked article group update photography group posted story trending remote workers best summer destination,social_media,2,low
live alert meetup behind scenes group tech enthusiasts invited rsvp social com events meetup,social_media,2,high
anniversary social platform group book club live streaming join social com live conference,social_media,2,low
membership upgrade processing achieved new features security updates install company com updates changelog included,updates,4,low
renew amazon subscription dear winner email annual lottery click phishing site com claim hrs expire unsubscribe,spam,3,low
event reminder ama industry expert thread discussion moved general support continue forum com thread,forum,0,low
new sticker pack available summer vibes messages get social com stickers summer pack,social_media,2,low
data usage alert monthly quota updated terms service review changes banking com statements effective nov,updates,4,high
suspicious activity google account samsung galaxy logged hrs minutes ago verify bit fakeprize secure account,spam,3,low
forum digest webdev discussions database upgrade completed successfully new features new search notifications faq wiki site page,forum,0,low
new thread book club matches alert user pixelartist thread forum com thread,forum,0,high
delivery rescheduled order confirm cancel banking com statements address building,updates,4,medium
vip preview holiday deals celebrate entire purchase valid example com code birthday,promotions,1,low
invoice available unusual login detected china secure account scam delivery com account suspended,spam,3,medium
cooking reply graphics driver revised rules effective immediately key changes citation requirements news posts review forum com thread,forum,0,low
moderator report processed thread discussion started pixelartist settings support site ticket,forum,0,low
order delayed ord new estimated delivery aug compensation credit applied track store com track ord,updates,4,low
security alert failed login attempts following apple application rates dropped apply scam delivery com stop opt,spam,3,high
final notice apple end following facebook application rates dropped apply phishing site com stop opt,spam,3,low
new arrivals holiday decor live loyal customer get exclusive example com offer code save,promotions,1,low
appointment confirmed dec gmt thank payment applied account receipt company com updates,updates,4,medium
free ipad survey immediate action required subscription payment failed update payment scam delivery com call support scam,spam,3,medium
watch later recommended article view profile platform com users sarah accept reject platform com requests,social_media,2,medium
event invitation tech conference oct group photography group live streaming join social com live conference,social_media,2,low
clearance madness home decor hello valued member enjoy buy one get one free shop example com expires date,promotions,1,low
poll vote weekend plans photo paris received likes comments see insights social com insights post,social_media,2,low
amazon used new device refund processed claim scam delivery com complete within hrshrs,spam,3,low
github workspace verification use verification code device samsung galaxy location chicago,verify_code,5,low
early access summer sale start discover items shop new styles example com code birthday extra,promotions,1,low
security notice suspicious login blocked yesterday network connectivity problem fixed systems operational apologies inconvenience,updates,4,high
event invitation workshop oct see article social com posts photo comments love disable notifications platform com notifications,social_media,2,low
apple inquiry refund processed claim scam delivery com complete within hrshrs,spam,3,low
answered query career advice database upgrade completed successfully new features new search notifications faq support site ticket,forum,0,low
ssa tax refund approval refund processed claim phishing site com complete within hrshrs,spam,3,low
flash sale books loyal customer get exclusive example com offer code welcome,promotions,1,low
free iphone pro survey complete min survey get latest iphone limited stock survey reward iphone offer ends soon,spam,3,low
crypto opportunity roi guaranteed see messaged facebook view bit fakeprize special offer membership,spam,3,low
warning violation home server setup database upgrade completed successfully new features new search notifications faq forum com thread,forum,0,low
community announcement maintenance new features security updates install banking com statements changelog included,updates,4,low
anniversary discount loyal customer get exclusive example com offer code welcome,promotions,1,low
new friend request lisa rodriguez group hiking buddies invited rsvp social com events meetup,social_media,2,medium
sarah johnson mentioned comment view profile social com profile john accept reject social com friends pending,social_media,2,low
community announcement new policy monthly statement available view download banking com statements action needed payment scheduled,updates,4,medium
mod application open book club thread per report details support site ticket,forum,0,low
urgent claim prize see messaged apple view phishing site com special offer membership,spam,3,low
forum contest photo contest event starts time prepare wiki site page,forum,0,low
security notice suspicious login blocked updated terms service review changes company com updates effective aug,updates,4,high
new friend request mike chen grand canyon alex view album platform com memories beach,social_media,2,medium
google password expiration package delivered tracking update bit fakeprize ignore,spam,3,high
safety recall model yesterday server maintenance fixed systems operational apologies inconvenience,updates,4,low
secure access number pin required password reset github,verify_code,5,high
service interruption resolved restaurant august statement available view download company com updates action needed payment scheduled,updates,4,medium
policy update user agreement changes thank payment applied account receipt service com status,updates,4,medium
new event meetup view profile platform com users sarah accept reject platform com requests,social_media,2,medium
microsoft transfer confirmation code password reset share requested pst,verify_code,5,medium
post moved general discussion revised rules effective immediately key changes citation requirements news posts review forum com thread,forum,0,low
safety recall model items processing via fedex tracking estimated delivery oct track company com updates,updates,4,low
pin verification password reset enter pin requested ignore,verify_code,5,high
account summary august statement ready items shipped via ups tracking estimated delivery nov track company com updates,updates,4,low
community alert platform feature updates deployed significant enhancements based feedback redesigned notification system priority filtering collaborative document editing groups enhanced video streaming quality explore complete feature guide platform updates com august release new interface includes customizable workspace layouts accessibility improvements temporary legacy version remains available september submit bug reports dedicated support channel premium features unlocked october active members,social_media,2,low
netflix password expiration following microsoft application rates dropped apply bit fakeprize stop opt,spam,3,high
reservation confirmed car rental updated user agreement review changes company com updates effective sep,updates,4,medium
professional voice actor coaching animation videogame techniques first session free vocalmastery pro demo reel critique,promotions,1,low
account summary september statement ready confirm cancel banking com statements phone number building,updates,4,medium
new event workshop sarah great event today emily amazing post reply platform com messages group,social_media,2,low
invoice available invoice inv ready view phishing site com dispute within hrshrs,spam,3,medium
event reminder workshop user techguru posted helpful solution view wiki site page,forum,0,low
new arrivals fall fashion live final hours biggest sale example com ends time,promotions,1,low
live meetup keynote group hiking buddies live streaming join social com live conference,social_media,2,low
clearance madness electronics hello valued member enjoy free shipping week shop example com expires date,promotions,1,low
flash sale beauty products hello valued member enjoy extra clearance shop example com expires date,promotions,1,low
water quality alert boil advisory district map attached effective notice updates waterutility com alerts zone,updates,4,high
anniversary twitter see photo social com posts photo comments thanks sharing disable notifications platform com notifications,social_media,2,low
event invitation workshop sep see story platform com content video comments thanks sharing disable notifications social com settings,social_media,2,low
renew apple subscription unusual login detected romania secure account bit fakeprize account suspended,spam,3,high
temporary pin token expires est support contact,verify_code,5,low
live alert workshop behind scenes college reunion photos view album social com albums vacation,social_media,2,high
poll vote favorite tech tools friends checked central perk see photos menu platform com locations venue,social_media,2,low
renew facebook subscription refund processed claim scam delivery com complete within hrshrs,spam,3,low
clearance madness electronics discover items shop new styles example com code flash extra,promotions,1,low
payment received invoice inv confirm cancel service com status payment due date building,updates,4,medium
auto payment failed subscription hotel booking main pool closed aug maintenance oct pst assignment confirmed manage booking banking com statements,updates,4,medium
early access clearance event start favorite items back wait example com use code flash,promotions,1,low
special offer loyal customer get exclusive example com offer code birthday,promotions,1,low
domain name trademark dispute mybusiness com infringes registered mark respond icann domain dispute com case,spam,3,low
event invitation tech conference oct sarah great event today emily weather looks great reply social com chats hiking,social_media,2,low
flash sale home decor discover items shop new styles example com code save extra,promotions,1,low
member exclusive extra clearance deal ends time items lowest prices shop example com use code save,promotions,1,low
watch later recommended photo story tokyo received likes comments see insights platform com analytics content,social_media,2,low
post got new reactions beach vacation family view album platform com memories beach,social_media,2,low
wiki edit approved photography event starts time prepare support site ticket,forum,0,low
access code use verification code device samsung galaxy location seattle,verify_code,5,low
limited stock back stock favorite items back wait example com use code flash,promotions,1,low
forum digest photography discussions thread discussion moved general support continue support site ticket,forum,0,low
security upgrade enabled confirm cancel company com updates phone number building,updates,4,medium
secure access number password reset enter share number,verify_code,5,high
important payment due date changed service unavailable window updates include security patches performance improvements,updates,4,medium
paypal refund notification refund processed claim scam delivery com complete within hrshrs,spam,3,low
order delivered new features new bug fixes install service com status changelog included,updates,4,low
missed delivery confirmation invoice inv ready view phishing site com dispute within hrshrs,spam,3,medium
vip preview summer sale celebrate entire purchase valid example com code welcome,promotions,1,low
moderator thread processed trending photography comments view wiki site page,forum,0,low
starbucks rewards locked suspicious point redemption attempt verify activity starbucks account recovery cafe card free beverage rewards mobile ordering disabled days,spam,3,low
account summary august statement ready service unavailable window updates include bug fixes new features,updates,4,low
refund confirmation package delivered tracking update scam delivery com ignore,spam,3,medium
appointment reminder eye exam dec pst july statement available view download service com status action needed payment scheduled,updates,4,medium
david kim mentioned comment grand canyon alex view album platform com memories beach,social_media,2,low
moderation notice community guidelines update user techguru posted helpful solution view support site ticket,forum,0,low
security notice suspicious login blocked september statement available view download banking com statements action needed payment scheduled,updates,4,medium
nearby product launch today friends checked downtown cafe see photos menu social com places cafe,social_media,2,low
new featured guide photography user datawiz posted helpful solution view support site ticket,forum,0,low
verification pin pin required account verification github,verify_code,5,low
flash sale tools favorite items back wait example com use code save,promotions,1,low
nearby meetup today see video social com posts photo comments great insight disable notifications platform com notifications,social_media,2,low
appointment reminder eye exam oct gmt yesterday server maintenance fixed systems operational apologies inconvenience,updates,4,medium
forum digest programming discussions thread discussion moved general support continue support site ticket,forum,0,low
github transfer confirmation enter confirm payment confirmation request ignore,verify_code,5,medium
payment received invoice inv yesterday server maintenance fixed systems operational apologies inconvenience,updates,4,medium
moderator thread processed event starts time prepare support site ticket,forum,0,low
service outage resolved items cancelled via usps tracking estimated delivery sep track banking com statements,updates,4,low
lisa rodriguez liked article view profile platform com users sarah accept reject platform com requests,social_media,2,medium
forum contest photo contest thread discussion started datawiz settings forum com thread,forum,0,low
new event photography enthusiasts night photography workshop aug rsvp social com events night photo,social_media,2,low
ama session tech ceo thread discussion started datawiz settings forum com thread,forum,0,low
vip preview early black friday deals exclusive early access members starts tonight premiumstore com vip preview,promotions,1,low
urgent claim prize following paypal application rates dropped apply scam delivery com stop opt,spam,3,high
refund confirmation refund processed claim scam delivery com complete within hrshrs,spam,3,medium
critical flight itinerary change due operational adjustments american airlines flight november significant schedule modifications new departure time aircraft change boeing seat reassignment premium class compensation options accept travel voucher free rebooking within days full refund review changes airline com manage booking pnr must confirm acceptance hours departure baggage allowance upgraded free checked bags due inconvenience,updates,4,medium
important email changed biometric login activated per request learn service com status,updates,4,medium
login alert verification step needed use verification code device chrome windows location seattle,verify_code,5,high
member exclusive free shipping week discover items shop new styles example com code welcome extra,promotions,1,low
facebook workspace verification pin required account verification twitter,verify_code,5,low
forum contest photo contest trending cooking comments view support site ticket,forum,0,low
event invitation product launch aug see story social com posts photo comments thanks sharing disable notifications platform com notifications,social_media,2,low
verification required pin required transaction authorization google,verify_code,5,low
twitter authenticator password reset enter share number,verify_code,5,high
moderator comment processed thread discussion started datawiz settings support site ticket,forum,0,low
service outage resolved biometric login activated per request learn banking com statements,updates,4,medium
missed delivery confirmation package delivered tracking update bit fakeprize ignore,spam,3,medium
apple inquiry package delivered tracking update bit fakeprize ignore,spam,3,low
membership upgrade cancelled achieved activated per request learn banking com statements,updates,4,medium
news groups follow see story platform com content video comments inspiring disable notifications social com settings,social_media,2,low
apple subscription suspended unusual login detected nigeria secure account scam delivery com account suspended,spam,3,high
mod application open book club user pixelartist comment support site ticket,forum,0,low
free ipad survey following paypal application rates dropped apply bit fakeprize stop opt,spam,3,low
new arrivals summer collection live deal ends time items lowest prices shop example com use code save,promotions,1,low
community spotlight member interview profile selected monthly feature opt forum com spotlight august,forum,0,low
new reply database optimization thread discussion started datawiz settings support site ticket,forum,0,low
invoice available dear winner email annual lottery click scam delivery com claim hrs expire unsubscribe,spam,3,medium
security upgrade password encryption enabled thank payment applied account receipt service com status,updates,4,medium
email binding code account verification enter share number,verify_code,5,low
achievement unlocked trusted contributor database upgrade completed successfully new features new search notifications faq forum com thread,forum,0,low
post moved technical support user techguru report support site ticket,forum,0,low
back school discount hello valued member enjoy buy one get one free shop example com expires date,promotions,1,low
new featured guide techsupport trending linux comments view wiki site page,forum,0,low
login code reply use verification code device samsung galaxy location los angeles,verify_code,5,low
event reminder ama industry expert thread discussion started datawiz settings forum com thread,forum,0,low
security upgrade notice password reset required instructions forum com security update aug,forum,0,high
popular near product launch post london received likes comments see insights platform com analytics content,social_media,2,low
google workspace verification access code account verification valid,verify_code,5,low
server migration notice downtime sep reschedule jobs itstatus com migration,updates,4,medium
post got new reactions story tokyo received likes comments see insights platform com analytics content,social_media,2,low
special warehouse robotics demo day see automated picking systems live register industrialautomation show demo day source email free safety gloves attendees,promotions,1,low
poll vote best summer destination group hiking buddies invited rsvp platform com events workshop,social_media,2,low
login code reply use verification code device iphone pro location chicago,verify_code,5,low
programming reply python error user techguru comment wiki site page,forum,0,low
new follower sarah johnson article sydney received likes comments see insights platform com analytics content,social_media,2,low
software update available updated privacy policy review changes banking com statements effective sep,updates,4,low
john smith liked video post london received likes comments see insights platform com analytics content,social_media,2,low
new message attractive single invoice inv ready view phishing site com dispute within hrshrs,spam,3,medium
mod application open home gardening post per report details forum com thread,forum,0,low
refund confirmation see messaged netflix view phishing site com special offer membership,spam,3,low
renew facebook subscription following netflix application rates dropped apply bit fakeprize stop opt,spam,3,low
coinbase security code enter confirm withdrawal share valid minute,verify_code,5,medium
amazon used new device invoice inv ready view phishing site com dispute within hrshrs,spam,3,medium
document validation confirm upload,verify_code,5,medium
new messages tech enthusiasts chat view profile platform com users sarah accept reject social com friends pending,social_media,2,low
new messages tech enthusiasts chat group update hiking buddies posted video trending digital artists favorite tech tools,social_media,2,low
flash sale electronics celebrate entire purchase valid example com code birthday,promotions,1,low
birthday reminder friends week see article platform com content video comments thanks sharing disable notifications social com settings,social_media,2,low
payment received invoice inv updated privacy policy review changes service com status effective sep,updates,4,medium
anniversary twitter group hiking buddies invited rsvp platform com events workshop,social_media,2,low
two step verification code use verification code device safari macos location seattle,verify_code,5,low
new arrivals back school live celebrate entire purchase valid example com code save,promotions,1,low
flash sale electronics deal ends midnight tvs laptops tablets lowest prices shop store com electronics sale use code flash,promotions,1,low
google inquiry refund processed claim phishing site com complete within hrshrs,spam,3,low
final notice google end refund processed claim scam delivery com complete within hrshrs,spam,3,low
important address changed new features dark mode performance boost install company com updates changelog included,updates,4,low
amazon inquiry unusual login detected nigeria secure account phishing site com account suspended,spam,3,high
order cancelled abc airlines main pool closed aug maintenance dec est assignment confirmed manage booking service com status,updates,4,medium
google used new device package delivered tracking update bit fakeprize ignore,spam,3,low
free dessert purchase celebrate entire purchase valid example com code save,promotions,1,low
mike chen mentioned comment group book club live streaming join platform com streaming event,social_media,2,low
memories week college reunion photos view album platform com memories beach,social_media,2,low
reservation confirmed hotel booking abc airlines new hours effective immediately nov midnight assignment confirmed manage booking service com status,updates,4,medium
new message job referral former colleague read social com messages job ref,social_media,2,low
data usage alert monthly quota yesterday network connectivity problem fixed systems operational apologies inconvenience,updates,4,high
order shipped thank payment applied account receipt company com updates,updates,4,medium
post got new reactions thanks sharing view social com events event reply disable social com settings,social_media,2,low
new reply database optimization trending linux comments view wiki site page,forum,0,low
ama session nasa engineer trending books comments view wiki site page,forum,0,low
hour sale free shipping week final hours biggest sale example com ends time,promotions,1,low
ama session science professor event starts time prepare wiki site page,forum,0,low
sarah johnson liked story story sydney received likes comments see insights social com insights post,social_media,2,low
selected maldives trip dear winner email annual lottery click bit fakeprize claim hrs expire unsubscribe,spam,3,low
auto payment failed subscription september statement available view download service com status action needed payment scheduled,updates,4,medium
flash sale home decor celebrate entire purchase valid example com code welcome,promotions,1,low
google inquiry invoice inv ready view scam delivery com dispute within hrshrs,spam,3,medium
subscription paused premium plan paused sep resume anytime service com manage sub,updates,4,low
popular near meetup article london received likes comments see insights social com insights post,social_media,2,low
irs tax refund approval refund processed claim phishing site com complete within hrshrs,spam,3,low
identity confirmation pin required password reset twitter,verify_code,5,high
microsoft used new device see messaged facebook view bit fakeprize special offer membership,spam,3,low
new friend request sarah johnson mike anyone free weekend david count reply platform com messages group,social_media,2,medium
back school discount favorite items back wait example com use code birthday,promotions,1,low
free airpods survey refund processed claim phishing site com complete within hrshrs,spam,3,low
new device approval pin required account verification linkedin,verify_code,5,low
smart contract nuclear trigger blockchain based deterrence release nuke code validation cryptodeterrence military two factor requirement,verify_code,5,low
security notice suspicious login blocked items cancelled via ups tracking estimated delivery sep track banking com statements,updates,4,high
microsoft authenticator use verification code device samsung galaxy location los angeles,verify_code,5,low
netflix security alert account frozen see messaged apple view phishing site com special offer membership,spam,3,low
anniversary discount celebrate entire purchase valid example com code vip,promotions,1,low
post featured foodchallenge group tech enthusiasts live streaming join platform com streaming event,social_media,2,low
amazon refund notification dear winner email annual lottery click phishing site com claim hrs expire unsubscribe,spam,3,low
github verification use verification code device chrome windows location chicago,verify_code,5,low
moderation notice community guidelines update user codemaster report support site ticket,forum,0,low
post moved career advice user techguru posted helpful solution view wiki site page,forum,0,low
membership upgrade shipped achieved activated per request learn banking com statements,updates,4,medium
vip preview clearance event discover items shop new styles example com code save extra,promotions,1,low
free iphone pro survey see messaged netflix view bit fakeprize special offer membership,spam,3,low
identity verification required use verification code device samsung galaxy location seattle,verify_code,5,low
event reminder meetup trending books comments view forum com thread,forum,0,low
live workshop keynote group book club live streaming join platform com streaming event,social_media,2,low
limited stock final clearance favorite items back wait example com use code birthday,promotions,1,low
popular post photo reached views sunset big sur gained likes see analytics instagram com insights posts,social_media,2,low
github workspace verification enter verify account recovery session auto cancel invalid attempts,verify_code,5,low
post got new reactions article tokyo received likes comments see insights platform com analytics content,social_media,2,low
watch later recommended cooking demo min desserts saved based interests watch social com videos cooking demo,social_media,2,low
apple used new device google requires immediate password update click bit fakeprize failure within hrshrs causes lockout,spam,3,high
memories week friends checked downtown cafe see photos menu social com places cafe,social_media,2,low
urgent claim prize see messaged amazon view scam delivery com special offer membership,spam,3,low
new messages hiking buddies chat alex anyone free weekend mike weather looks great reply social com chats hiking,social_media,2,low
appointment confirmed sep gmt updated terms service review changes company com updates effective aug,updates,4,medium
new message attractive single immediate action required subscription payment failed update payment scam delivery com call support scam,spam,3,medium
account summary august statement ready thank payment applied account receipt company com updates,updates,4,medium
appointment reminder doctor sep health ave reschedule medicalportal com appointments,updates,4,medium
amazon inquiry refund processed claim scam delivery com complete within hrshrs,spam,3,low
post featured workoutmotivation mike great event today lisa count reply social com chats hiking,social_media,2,low
post featured foodchallenge group hiking buddies live streaming join social com live conference,social_media,2,low
new friend request lisa rodriguez group update photography group posted photo trending remote workers weekend plans,social_media,2,medium
warning violation react performance user techguru thread wiki site page,forum,0,high
copyright strike youtube video universal music claim appeal copyright dispute center com video deadline hrs,spam,3,low
moderator thread processed earned achievement badge view profile forum com thread,forum,0,low
live alert webinar behind scenes friends checked central perk see photos menu social com places cafe,social_media,2,high
watch later recommended post grand canyon alex view album social com albums vacation,social_media,2,low
payment received invoice inv thank payment applied account receipt company com updates,updates,4,medium
member exclusive extra clearance celebrate entire purchase valid example com code flash,promotions,1,low
new featured guide programming report per report details wiki site page,forum,0,low
missed delivery confirmation apple requires immediate password update click bit fakeprize failure within hrshrs causes lockout,spam,3,medium
new arrivals back school live celebrate entire purchase valid example com code welcome,promotions,1,low
delivery rescheduled order new features new bug fixes install company com updates changelog included,updates,4,medium
temporary security pass access code transaction authorization valid,verify_code,5,low
payment overdue notice refund processed claim phishing site com complete within hrshrs,spam,3,medium
amazon subscription suspended refund processed claim phishing site com complete within hrshrs,spam,3,high
event reminder meetup database upgrade completed successfully new features new search notifications faq wiki site page,forum,0,low
new featured guide cooking user datawiz posted helpful solution view forum com thread,forum,0,low
prime early access deal preview exclusive hour window prime members amazon com prime preview lightning deals electronics home goods deal alerts customizable account settings,promotions,1,low
special offer celebrate entire purchase valid example com code save,promotions,1,low
temporary security pass enter verify account recovery session auto cancel invalid attempts,verify_code,5,low
microsoft subscription suspended dear winner email annual lottery click bit fakeprize claim hrs expire unsubscribe,spam,3,high
live workshop keynote video new york received likes comments see insights platform com analytics content,social_media,2,low
payment overdue notice see messaged apple view bit fakeprize special offer membership,spam,3,medium
login alert verification step needed password reset enter share number,verify_code,5,high
new arrivals summer collection live discover items shop new styles example com code save extra,promotions,1,low
smart grid breaker override token city power grid emergency override grid override load balancing gridcontrol emergency facility required,verify_code,5,high
suspicious activity microsoft account immediate action required subscription payment failed update payment bit fakeprize call support fake,spam,3,medium
github verification access code transaction authorization valid,verify_code,5,low
confidential source upload code secure whistleblower portal access documents safesubmit com code encrypted transfer zero knowledge protocol additional verification possible signal number,verify_code,5,low
forum digest books discussions user webdev posted helpful solution view forum com thread,forum,0,low
new follower lisa rodriguez mike great event today emily amazing post reply social com chats hiking,social_media,2,low
security upgrade password encryption enabled password encryption activated per request learn company com updates,updates,4,medium
anniversary twitter sarah great event today lisa amazing post reply social com chats hiking,social_media,2,low
wiki edit approved books post per report details wiki site page,forum,0,low
vip preview holiday deals loyal customer get exclusive example com offer code birthday,promotions,1,low
free dessert hotel stay final hours biggest sale example com ends time,promotions,1,low
holiday discount deal ends time items lowest prices shop example com use code vip,promotions,1,low
kyc verification complete identity check,verify_code,5,low
new follower sarah johnson article london received likes comments see insights platform com analytics content,social_media,2,low
new featured guide books trending techsupport comments view forum com thread,forum,0,low
hour sale free shipping week deal ends time items lowest prices shop example com use code vip,promotions,1,low
reservation confirmed abc airlines flight lax jfk aug seat confirmed manage booking airline com manage,updates,4,medium
new reply database optimization revised rules effective immediately key changes citation requirements news posts review forum com thread,forum,0,low
refund confirmation see messaged facebook view phishing site com special offer membership,spam,3,low
authentication token enter verify new device registration session auto cancel invalid attempts,verify_code,5,low
nearby meetup today college reunion photos view album platform com memories beach,social_media,2,low
delivery delay alert order new estimated arrival oct sep track shipping tracker apologies inconvenience,updates,4,high
login code reply enter verify password reset session auto cancel invalid attempts,verify_code,5,high
birthday reminder friends week group update photography group posted video trending startup founders weekend plans,social_media,2,low
memories week group update tech enthusiasts posted photo trending digital artists best summer destination,social_media,2,low
mod application open career advice revised rules effective immediately key changes citation requirements news posts review support site ticket,forum,0,low
google refund notification following amazon application rates dropped apply phishing site com stop opt,spam,3,low
news groups follow mike anyone free weekend emily amazing post reply platform com messages group,social_media,2,low
mike chen mentioned comment group update book club posted video trending remote workers best summer destination,social_media,2,low
new friend request sarah johnson group update hiking buddies posted video trending digital artists best summer destination,social_media,2,medium
live alert webinar behind scenes great insight view social com profile user reply disable platform com notifications,social_media,2,low
scheduled maintenance nov est new features new bug fixes install company com updates changelog included,updates,4,medium
connection milestone celebration built connections professionals countries unlock global networking toolkit featuring culture guides timezone scheduler multi language translation share achievement enter exclusive mentorship drawing view insights social com connections map continue growing premium verification status,social_media,2,medium
auto payment failed subscription hotel booking main pool closed aug maintenance dec gmt assignment confirmed manage booking company com updates,updates,4,medium
important email changed thank payment applied account receipt banking com statements,updates,4,medium
early access new arrivals start celebrate entire purchase valid example com code vip,promotions,1,low
final notice paypal end ipad pro logged hrs minutes ago verify phishing site com secure account,spam,3,low
auto renewal scheduled oct annual subscription auto renew manage membersubscriptions com cancel change,updates,4,medium
last chance black friday july celebrate entire purchase valid example com code vip,promotions,1,low
new friend request lisa rodriguez friends checked tech hub see photos menu social com places cafe,social_media,2,medium
community announcement new policy items cancelled via ups tracking estimated delivery aug track company com updates,updates,4,low
moderator post processed user datawiz post support site ticket,forum,0,low
double rewards points weekend final hours biggest sale example com ends time,promotions,1,low
john smith liked article sarah anyone free weekend david amazing post reply social com chats hiking,social_media,2,low
google subscription suspended invoice inv ready view bit fakeprize dispute within hrshrs,spam,3,medium
new arrivals fall fashion live favorite items back wait example com use code birthday,promotions,1,low
order shipped items shipped via usps tracking estimated delivery dec track banking com statements,updates,4,low
authentication token token expires est support contact,verify_code,5,low
watch later recommended story group update book club posted story trending startup founders best summer destination,social_media,2,low
early access holiday deals start celebrate entire purchase valid example com code flash,promotions,1,low
privacy policy update revised document effective oct summary legal site com policy changes,updates,4,low
inheritance claim late relative immediate action required subscription payment failed update payment phishing site com call support,spam,3,medium
auto payment failed subscription september statement available view download company com updates action needed payment scheduled,updates,4,medium
secure access number account verification enter share number,verify_code,5,low
vip preview new arrivals loyal customer get exclusive example com offer code save,promotions,1,low
post got new reactions video new york received likes comments see insights platform com analytics content,social_media,2,low
thread locked reason comment per report details support site ticket,forum,0,low
post reported violent content alleged reported comment gaming forum pending review details forum com mod modqueue report,forum,0,low
news groups follow group update digital artists forum posted new tutorial trending startup founders funding tips,social_media,2,low
access code code account verification share requested gmt,verify_code,5,medium
gaming reply graphics driver thread discussion moved general support continue support site ticket,forum,0,low
sim card swap fraud detection suspicious mobile number transfer block carrier security alert org ticket sim,spam,3,high
new follower john smith group photography group invited rsvp social com events meetup,social_media,2,low
ama session science professor database upgrade completed successfully new features new search notifications faq wiki site page,forum,0,low
adobe creative cloud fraud alert charge vietnam flagged dispute transaction adobe fraud dispute design case adb account temporarily limited prevent unauthorized license activations,spam,3,high
community announcement maintenance activated per request learn company com updates,updates,4,low
shared video memory office retreat team highlight reel colorado retreat featured social com memories office retreat download full version available collaborative editing enabled,social_media,2,low
achievement unlocked reputation revised rules effective immediately key changes citation requirements news posts review support site ticket,forum,0,low
back school discount deal ends time items lowest prices shop example com use code flash,promotions,1,low
google authenticator access code login confirmation valid,verify_code,5,medium
new friend request lisa rodriguez see story social com posts photo comments inspiring disable notifications social com settings,social_media,2,low
linkedin authenticator security code enter sign page expires minutes contact support,verify_code,5,low
service disruption pay restore service att payment pay account att,spam,3,medium
free ipad survey package delivered tracking update scam delivery com ignore,spam,3,low
live workshop keynote grand canyon alex view album platform com memories beach,social_media,2,low
forum contest photo contest user datawiz comment forum com thread,forum,0,low
watch later recommended photo group update tech enthusiasts posted video trending digital artists favorite tech tools,social_media,2,low
thread locked reason user techguru posted helpful solution view forum com thread,forum,0,low
warning violation home server setup thread discussion moved general support continue wiki site page,forum,0,high
event invitation workshop aug group update book club posted photo trending digital artists best summer destination,social_media,2,low
new follower sarah johnson group update photography group posted photo trending digital artists favorite tech tools,social_media,2,low
double rewards points weekend discover items shop new styles example com code vip extra,promotions,1,low
david kim mentioned comment mike anyone free weekend david count reply social com chats hiking,social_media,2,low
membership upgrade processing achieved updated terms service review changes company com updates effective sep,updates,4,low
apple authenticator enter confirm new device registration request ignore,verify_code,5,medium
forum contest photo contest user datawiz report support site ticket,forum,0,low
free dessert purchase loyal customer get exclusive example com offer code birthday,promotions,1,low
access code use verification code device safari macos location chicago,verify_code,5,low
anniversary instagram sarah check lisa count reply social com chats hiking,social_media,2,low
post got new reactions thanks sharing view social com profile user reply disable platform com notifications,social_media,2,low
authentication token pin required transaction authorization github,verify_code,5,low
apple refund notification unusual login detected china secure account scam delivery com account suspended,spam,3,low
two step verification code pin required login confirmation facebook,verify_code,5,medium
last chance black friday july deal ends time items lowest prices shop example com use code birthday,promotions,1,low
new device approval use verification code device chrome windows location seattle,verify_code,5,low
delivery rescheduled order hotel booking new hours effective immediately oct est assignment confirmed manage booking company com updates,updates,4,medium
event reminder workshop event starts time prepare forum com thread,forum,0,low
wiki edit approved webdev thread discussion moved general support continue support site ticket,forum,0,low
security upgrade password encryption enabled activated per request learn service com status,updates,4,medium
free gift order hello valued member enjoy free shipping week shop example com expires date,promotions,1,low
new thread technical support matches alert user codemaster post support site ticket,forum,0,high
github authenticator pin required account verification twitter,verify_code,5,low
new audio room future web live crypto experts join conversation socialapp com live web future room,social_media,2,low
photography reply slow boot issue trending linux comments view wiki site page,forum,0,low
login code reply use verification code device safari macos location new york,verify_code,5,low
appointment reminder haircut dec est confirm cancel banking com statements phone number building,updates,4,medium
facebook password expiration immediate action required subscription payment failed update payment bit fakeprize call support scam,spam,3,high
delivery rescheduled order thank payment applied account receipt banking com statements,updates,4,medium
achievement unlocked community star revised rules effective immediately key changes citation requirements news posts review wiki site page,forum,0,low
new device approval pin required transaction authorization apple,verify_code,5,low
free gift membership deal ends time items lowest prices shop example com use code welcome,promotions,1,low
warning violation react performance thread discussion started pixelartist settings wiki site page,forum,0,high
order cancelled items cancelled via dhl tracking estimated delivery oct track service com status,updates,4,low
live alert meetup behind scenes group photography group live streaming join social com live conference,social_media,2,high
last chance end season sale discover items shop new styles example com code welcome extra,promotions,1,low
free macbook pro survey following google application rates dropped apply bit fakeprize stop opt,spam,3,low
appointment confirmed dec pst restaurant new hours effective immediately aug midnight assignment confirmed manage booking service com status,updates,4,medium
news groups follow group book club invited rsvp social com events meetup,social_media,2,low
last chance warehouse clearance discover items shop new styles example com code vip extra,promotions,1,low
payment overdue notice see messaged amazon view phishing site com special offer membership,spam,3,medium
new thread book club matches alert user webdev thread support site ticket,forum,0,high
news mike chen started new position group update tech enthusiasts posted story trending startup founders favorite tech tools,social_media,2,low
security notice suspicious login blocked attempt unrecognized device stopped location moscow verify activity security portal com logs,updates,4,high
amazon security alert account frozen ipad pro logged hrs minutes ago verify bit fakeprize secure account,spam,3,high
netflix used new device unusual login detected romania secure account phishing site com account suspended,spam,3,high
forensic genealogy research standards gao guidelines implementation forensicgenealogy standards org ethical clearance required,updates,4,low
memetic art contest prize viral culture remix competition theme digital nostalgia submit memeart gallery creative commons,social_media,2,low
policy update user agreement changes monthly statement available view download company com updates action needed payment scheduled,updates,4,medium
achievement unlocked trusted contributor revised rules effective immediately key changes citation requirements news posts review forum com thread,forum,0,low
invoice available ipad pro logged hrs minutes ago verify phishing site com secure account,spam,3,medium
anniversary special free shipping week hello valued member enjoy extra clearance shop example com expires date,promotions,1,low
google withdrawal auth token expires pst support contact,verify_code,5,low
service outage resolved thank payment applied account receipt company com updates,updates,4,medium
reservation confirmed abc airlines abc airlines main pool closed aug maintenance aug gmt assignment confirmed manage booking banking com statements,updates,4,medium
hour sale buy one get one free hello valued member enjoy extra clearance shop example com expires date,promotions,1,low
vip preview clearance event celebrate entire purchase valid example com code vip,promotions,1,low
flash sale home decor favorite items back wait example com use code birthday,promotions,1,low
verification pin enter verify password reset session auto cancel invalid attempts,verify_code,5,high
holiday discount celebrate entire purchase valid example com code flash,promotions,1,low
data usage alert monthly quota confirm cancel service com status payment due date building,updates,4,medium
email binding code security code enter sign page expires minutes contact support,verify_code,5,low
mike chen liked post inspiring view social com events event reply disable platform com notifications,social_media,2,low
birthday reminder friends tomorrow group update tech enthusiasts posted photo trending startup founders best summer destination,social_media,2,low
membership upgrade delivered achieved monthly statement available view download service com status action needed payment scheduled,updates,4,medium
clearance madness tools celebrate entire purchase valid example com code vip,promotions,1,low
new follower mike chen group tech enthusiasts invited rsvp platform com events workshop,social_media,2,low
microsoft transfer confirmation access code password reset valid,verify_code,5,high
clearance madness tools hello valued member enjoy free shipping week shop example com expires date,promotions,1,low
anniversary twitter group photography group live streaming join platform com streaming event,social_media,2,low
invoice available following google application rates dropped apply bit fakeprize stop opt,spam,3,medium
forum digest books discussions database upgrade completed successfully new features new search notifications faq forum com thread,forum,0,low
order processing items shipped via fedex tracking estimated delivery nov track service com status,updates,4,low
verification code password reset enter share number,verify_code,5,high
live alert tech conference behind scenes friends checked central perk see photos menu platform com locations venue,social_media,2,high
temporary security pass pin required account verification facebook,verify_code,5,low
netflix egift card loyal customers samsung galaxy logged hrs minutes ago verify scam delivery com secure account,spam,3,low
new featured guide gaming user datawiz posted helpful solution view forum com thread,forum,0,low
global epidemic simulation framework pandemic prediction model api contribution epi simulator github simulation core upgrade,forum,0,low
early access summer sale start celebrate entire purchase valid example com code flash,promotions,1,low
important email changed yesterday server maintenance fixed systems operational apologies inconvenience,updates,4,low
facebook verification access code account verification valid,verify_code,5,low
buy get free vitamins supplements storewide health products plus free shipping wellnessshop com bogo vitamins use bogovita,promotions,1,low
apple egift card loyal customers microsoft requires immediate password update click bit fakeprize failure within hrshrs causes lockout,spam,3,high
delivery problem unusual login detected china secure account bit fakeprize account suspended,spam,3,high
new reply python bug fix user pydev added workaround thread pythonforum com threads bug reply,forum,0,low
new friend request mike chen sarah anyone free weekend lisa weather looks great reply platform com messages group,social_media,2,medium
news groups follow inspiring view social com events event reply disable social com settings,social_media,2,low
anniversary special buy one get one free loyal customer get exclusive example com offer code welcome,promotions,1,low
live tech conference keynote see video platform com content video comments love disable notifications social com settings,social_media,2,low
linkedin authenticator enter verify password reset session auto cancel invalid attempts,verify_code,5,high
verification pin use verification code device samsung galaxy location new york,verify_code,5,low
poll vote weekend plans photo london received likes comments see insights platform com analytics content,social_media,2,low
warning violation python coding challenge database upgrade completed successfully new features new search notifications faq support site ticket,forum,0,low
mike chen mentioned comment group update hiking buddies posted article trending remote workers best summer destination,social_media,2,low
microsoft subscription suspended package delivered tracking update bit fakeprize ignore,spam,3,high
linkedin verification pin required password reset twitter,verify_code,5,high
new thread home gardening matches alert trending techsupport comments view forum com thread,forum,0,high
delivery problem samsung galaxy logged hrs minutes ago verify phishing site com secure account,spam,3,low
last chance end season sale final hours biggest sale example com ends time,promotions,1,low
expert series space exploration nasa astrophysicist emma wilson taking questions live social com live space submit questions advance priority response episode recorded later viewing,social_media,2,low
amazon security alert account frozen see messaged facebook view bit fakeprize special offer membership,spam,3,low
policy update privacy policy changes yesterday payment processing issue fixed systems operational apologies inconvenience,updates,4,medium
live product launch event follow brand streaming watch social com live brandx launch,social_media,2,low
achievement unlocked reputation thread discussion moved general support continue forum com thread,forum,0,low
new arrivals summer collection live discover swimwear sandals sunglasses shop new styles fashion com summer code sun extra,promotions,1,low
new thread home gardening matches alert event starts time prepare support site ticket,forum,0,high
warning violation home server setup user webdev post support site ticket,forum,0,high
suspicious activity netflix account package delivered tracking update phishing site com ignore,spam,3,low
security alert failed login attempts unusual login detected romania secure account scam delivery com account suspended,spam,3,high
event reminder conference thread discussion started techguru settings forum com thread,forum,0,low
news sarah johnson started new position see article platform com content video comments love disable notifications social com settings,social_media,2,low
member exclusive extra clearance loyal customer get exclusive example com offer code vip,promotions,1,low
scheduled maintenance dec gmt new features dark mode performance boost install company com updates changelog included,updates,4,medium
limited stock final clearance deal ends time items lowest prices shop example com use code flash,promotions,1,low
refer friends get credit favorite items back wait example com use code vip,promotions,1,low
google egift card loyal customers iphone pro logged hrs minutes ago verify bit fakeprize secure account,spam,3,low
thread locked reason revised rules effective immediately key changes citation requirements news posts review support site ticket,forum,0,low
service interruption resolved car rental yesterday payment processing issue fixed systems operational apologies inconvenience,updates,4,medium
new follower john smith group book club live streaming join platform com streaming event,social_media,2,low
service outage resolved updated user agreement review changes company com updates effective oct,updates,4,low
delivery problem immediate action required subscription payment failed update payment bit fakeprize call support,spam,3,medium
biometric exit system implementation airport facial recognition deployment compliance cbp gov biometric exit vendor integration docs,updates,4,low
microsoft verification transaction authorization enter share number,verify_code,5,low
account summary july statement ready updated privacy policy review changes banking com statements effective dec,updates,4,low
event reminder workshop database upgrade completed successfully new features new search notifications faq wiki site page,forum,0,low
vip preview summer sale final hours biggest sale example com ends time,promotions,1,low
referral bonus increased get every friend spends get credit share link store com refer user,promotions,1,low
anniversary linkedin view profile platform com users sarah accept reject social com friends pending,social_media,2,low
memories week see article social com posts photo comments great insight disable notifications platform com notifications,social_media,2,low
netflix security alert account frozen immediate action required subscription payment failed update payment scam delivery com call support scam,spam,3,high
scheduled maintenance sep midnight thank payment applied account receipt banking com statements,updates,4,medium
security challenge response code required generated,verify_code,5,low
new device approval access code transaction authorization valid,verify_code,5,low
mod application open career advice user datawiz post support site ticket,forum,0,low
security upgrade enabled service unavailable window updates include bug fixes new features,updates,4,low
community announcement schedule change yesterday payment processing issue fixed systems operational apologies inconvenience,updates,4,medium
policy update privacy policy changes confirm cancel service com status address building,updates,4,medium
two step code use complete sign address,verify_code,5,low
forum maintenance progress user techguru report forum com thread,forum,0,low
post featured techtips group hiking buddies invited rsvp platform com events workshop,social_media,2,low
crypto opportunity roi guaranteed see messaged google view scam delivery com special offer membership,spam,3,low
renew paypal subscription following microsoft application rates dropped apply bit fakeprize stop opt,spam,3,low
event invitation workshop oct grand canyon alex view album social com albums vacation,social_media,2,low
john smith liked video friends checked downtown cafe see photos menu social com places cafe,social_media,2,low
event invitation product launch sep mike anyone free weekend david amazing post reply social com chats hiking,social_media,2,low
google security alert account frozen see messaged amazon view scam delivery com special offer membership,spam,3,low
amazon investment opportunity roi immediate action required subscription payment failed update payment phishing site com call support fake,spam,3,medium
crypto investment opportunity double bitcoin hrs limited slots open btc double crypto risk free guarantee,spam,3,low
verification pin code transaction authorization share requested pst,verify_code,5,medium
selected spa weekend package delivered tracking update scam delivery com ignore,spam,3,low
event invitation product launch sep group tech enthusiasts live streaming join social com live conference,social_media,2,low
friend live gaming session mike streaming cyberpunk watch social com live mike gaming,social_media,2,low
popular near tech conference video new york received likes comments see insights social com insights post,social_media,2,low
new follower david kim post paris received likes comments see insights social com insights post,social_media,2,low
watch later recommended photo view profile social com profile john accept reject social com friends pending,social_media,2,low
access code code login confirmation share requested est,verify_code,5,medium
facebook refund notification immediate action required subscription payment failed update payment phishing site com call support fake,spam,3,low
critical security patch installation required engineering team released mandatory security update addressing vulnerability cve patch resolves critical encryption flaws could expose sensitive data installation takes approximately minutes requires application restart initiate immediate update settings menu com security updates postponing beyond hours temporarily restrict access premium features enterprise accounts consult deployment guide network wide rollout procedures contact security support vulnerability impact assessment,updates,4,high
anniversary instagram great insight view social com notifications reply disable platform com notifications,social_media,2,low
google workspace verification use verification code device safari macos location seattle,verify_code,5,low
member exclusive buy one get one free discover items shop new styles example com code flash extra,promotions,1,low
forum maintenance progress thread discussion moved general support continue forum com thread,forum,0,low
security upgrade enabled updated privacy policy review changes company com updates effective dec,updates,4,low
two step verification code code account verification share requested gmt,verify_code,5,medium
electric grid maintenance outage schedule zone outage backup generators recommended status gridcontrol center outages zoneg,updates,4,medium
verification pin use verification code device safari macos location seattle,verify_code,5,low
new device approval use verification code device chrome windows location los angeles,verify_code,5,low
personalized content digest top industry insights weekly digest features curated content matching professional interests trending analysis regulations exclusive interview tech pioneer sarah chen emerging career opportunities network dive deeper topic content digest com personalized save articles private knowledge repository algorithm prioritized content driving engagement among peers similar expertise adjust preference settings refine future recommendations share noteworthy items establish thought leadership,social_media,2,low
moderation notice community guidelines update thread discussion started webdev settings wiki site page,forum,0,low
new event virtual job fair hosted professionals network group aug register social com events virtual jobfair,social_media,2,low
inheritance claim late relative see messaged apple view phishing site com special offer membership,spam,3,low
moderator report processed trending techsupport comments view wiki site page,forum,0,low
free shipping hotel stay hello valued member enjoy extra clearance shop example com expires date,promotions,1,low
service interruption resolved hotel booking new features new bug fixes install banking com statements changelog included,updates,4,low
popular near workshop group update hiking buddies posted photo trending startup founders best summer destination,social_media,2,low
post got new reactions friends checked downtown cafe see photos menu social com places cafe,social_media,2,low
service interruption resolved hotel booking new features security updates install banking com statements changelog included,updates,4,low
climate model override pin geoengineering simulation parameter bypass conference room approval required simulation adjustments exceeding standard variance limits,verify_code,5,low
new messages book club chat see post social com posts photo comments great insight disable notifications social com settings,social_media,2,low
post featured foodchallenge love view social com profile user reply disable platform com notifications,social_media,2,low
warning violation react performance thread discussion started datawiz settings wiki site page,forum,0,high
virtual ocean cleanup simulation predictive marine debris modeling contribute ocean simulator net scientific volunteer,social_media,2,low
amazon used new device following amazon application rates dropped apply bit fakeprize stop opt,spam,3,low
new reply database optimization revised rules effective immediately key changes citation requirements news posts review wiki site page,forum,0,low
forum rules amendment new citation requirements news posts effective immediately forum com rules update aug,forum,0,low
refer friends get credit discover items shop new styles example com code flash extra,promotions,1,low
google subscription suspended ipad pro logged hrs minutes ago verify phishing site com secure account,spam,3,high
invoice available immediate action required subscription payment failed update payment bit fakeprize call support scam,spam,3,medium
watch later recommended article view profile social com profile john accept reject social com friends pending,social_media,2,low
payment received invoice inv updated privacy policy review changes company com updates effective dec,updates,4,medium
netflix egift card loyal customers refund processed claim scam delivery com complete within hrshrs,spam,3,low
event reminder conference trending techsupport comments view support site ticket,forum,0,low
new messages book club chat see photo social com posts photo comments great insight disable notifications social com settings,social_media,2,low
prime member exclusive early access lightning deals amazon com prime exclusives,promotions,1,low
mod application open book club thread discussion moved general support continue wiki site page,forum,0,low
twitter authenticator access code login confirmation valid,verify_code,5,medium
gaming reply graphics driver post per report details support site ticket,forum,0,low
anniversary linkedin grand canyon alex view album social com albums vacation,social_media,2,low
software update available items delivered via usps tracking estimated delivery oct track company com updates,updates,4,low
post got new reactions see photo platform com content video comments great insight disable notifications platform com notifications,social_media,2,low
software update available abc airlines new hours effective immediately aug pst assignment confirmed manage booking company com updates,updates,4,medium
post featured traveldiaries see article social com posts photo comments great insight disable notifications platform com notifications,social_media,2,low
answered query career advice trending programming comments view forum com thread,forum,0,low
live meetup keynote article paris received likes comments see insights platform com analytics content,social_media,2,low
lisa rodriguez mentioned comment see photo social com posts photo comments great insight disable notifications social com settings,social_media,2,low
popular near webinar beach vacation family view album social com albums vacation,social_media,2,low
news groups follow college reunion photos view album social com albums vacation,social_media,2,low
forum contest photo contest database upgrade completed successfully new features new search notifications faq forum com thread,forum,0,low
google workspace verification pin required transaction authorization github,verify_code,5,low
free upgrade hotel stay favorite items back wait example com use code welcome,promotions,1,low
security notice suspicious login blocked august statement available view download banking com statements action needed payment scheduled,updates,4,medium
microsoft egift card loyal customers immediate action required subscription payment failed update payment bit fakeprize call support scam,spam,3,medium
live alert meetup behind scenes group book club live streaming join social com live conference,social_media,2,high
order delivered thank payment applied account receipt company com updates,updates,4,medium
data usage alert monthly quota items cancelled via ups tracking estimated delivery aug track service com status,updates,4,high
poll vote best summer destination college reunion photos view album social com albums vacation,social_media,2,low
inheritance claim late relative following apple application rates dropped apply phishing site com stop opt,spam,3,low
temporary pin enter verify new device registration session auto cancel invalid attempts,verify_code,5,low
new featured guide techsupport revised rules effective immediately key changes citation requirements news posts review wiki site page,forum,0,low
event reminder meetup comment per report details support site ticket,forum,0,low
refund confirmation see messaged facebook view scam delivery com special offer membership,spam,3,low
john smith mentioned comment view profile platform com users sarah accept reject social com friends pending,social_media,2,low
microsoft investment opportunity roi refund processed claim scam delivery com complete within hrshrs,spam,3,low
security notice suspicious login blocked hotel booking new hours effective immediately oct midnight assignment confirmed manage booking service com status,updates,4,high
holiday discount celebrate entire purchase valid example com code welcome,promotions,1,low
refer friends get credit deal ends time items lowest prices shop example com use code flash,promotions,1,low
moderator post processed event starts time prepare forum com thread,forum,0,low
early access new arrivals start loyal customer get exclusive example com offer code vip,promotions,1,low
security notice suspicious login blocked new features new bug fixes install banking com statements changelog included,updates,4,high
anniversary twitter group update tech enthusiasts posted photo trending remote workers best summer destination,social_media,2,low
tiktok creator fund invite earn month join tiktok creator apply media use invitation code ttcreator,spam,3,low
scheduled maintenance dec est biometric login activated per request learn service com status,updates,4,medium
api key regenerated old key deactivated new key api security audit recommended,updates,4,low
poll vote favorite tech tools college reunion photos view album social com albums vacation,social_media,2,low
vintage vinyl collection auction rare records view catalog vinylauctionhouse com preview bidding starts est,promotions,1,low
missed delivery confirmation immediate action required subscription payment failed update payment scam delivery com call support fake,spam,3,medium
event reminder ama industry expert event starts time prepare forum com thread,forum,0,low
paypal password expiration ipad pro logged hrs minutes ago verify bit fakeprize secure account,spam,3,high
social security increase monthly benefit update ssa benefit update gov ssn required,spam,3,low
post moved career advice thread discussion started pixelartist settings forum com thread,forum,0,low
user spotlight member spotlight user pixelartist comment wiki site page,forum,0,low
service interruption resolved car rental confirm cancel banking com statements payment due date building,updates,4,medium
vip preview summer sale deal ends time items lowest prices shop example com use code vip,promotions,1,low
suspicious activity apple account refund processed claim phishing site com complete within hrshrs,spam,3,low
user spotlight member spotlight thread discussion started pixelartist settings support site ticket,forum,0,low
event invitation workshop aug group tech enthusiasts invited rsvp social com events meetup,social_media,2,low
verification code account verification enter share number,verify_code,5,low
news groups follow article new york received likes comments see insights platform com analytics content,social_media,2,low
security upgrade enabled items cancelled via fedex tracking estimated delivery aug track banking com statements,updates,4,low
programming reply css alignment user webdev posted helpful solution view wiki site page,forum,0,low
account summary august statement ready car rental new hours effective immediately nov pst assignment confirmed manage booking company com updates,updates,4,medium
memories week view profile social com profile john accept reject platform com requests,social_media,2,medium
news mike chen started new position friends checked downtown cafe see photos menu platform com locations venue,social_media,2,low
payment received invoice inv biometric login activated per request learn company com updates,updates,4,medium
appointment reminder smith dec midnight password encryption activated per request learn company com updates,updates,4,medium
forum digest books discussions thread discussion moved general support continue support site ticket,forum,0,low
new arrivals summer collection live favorite items back wait example com use code save,promotions,1,low
poll vote favorite tech tools view profile platform com users sarah accept reject platform com requests,social_media,2,medium
suspicious activity amazon account following paypal application rates dropped apply phishing site com stop opt,spam,3,low
email binding code login confirmation enter share number,verify_code,5,medium
apple transfer confirmation password reset enter share number,verify_code,5,high
microsoft authenticator use code complete sign expires minutes,verify_code,5,low
live alert webinar behind scenes post london received likes comments see insights platform com analytics content,social_media,2,high
popular near workshop see photo platform com content video comments great insight disable notifications platform com notifications,social_media,2,low
refund confirmation package delivered tracking update phishing site com ignore,spam,3,medium
answered query technical support trending techsupport comments view forum com thread,forum,0,low
inheritance claim late relative refund processed claim bit fakeprize complete within hrshrs,spam,3,low
zero gravity office chair launch nasa inspired ergonomics first orders msrp ships september ergofuture com zero sold already,promotions,1,low
thread locked reason thread discussion started datawiz settings wiki site page,forum,0,low
facebook security alert account frozen macbook air logged hrs minutes ago verify scam delivery com secure account,spam,3,high
event invitation tech conference aug grand canyon alex view album social com albums vacation,social_media,2,low
forum contest photo contest user codemaster post forum com thread,forum,0,low
new thread book club matches alert user techguru post forum com thread,forum,0,high
service interruption resolved abc airlines service unavailable window updates include security patches performance improvements,updates,4,low
renew facebook subscription iphone pro logged hrs minutes ago verify scam delivery com secure account,spam,3,low
facebook inquiry invoice inv ready view scam delivery com dispute within hrshrs,spam,3,medium
temporary security pass use verification code device iphone pro location chicago,verify_code,5,low
flash sale beauty products favorite items back wait example com use code save,promotions,1,low
microsoft subscription suspended see messaged microsoft view scam delivery com special offer membership,spam,3,low
service interruption resolved hotel booking service unavailable window updates include security patches performance improvements,updates,4,low
nuclear waste transportation route change shipment scheduled oct alternate route map radiologicaltransport gov updates hazard radius overlay,updates,4,medium
identity check support call verification say agent time sensitive expires min call start,verify_code,5,low
nearby meetup today group update hiking buddies posted post trending startup founders best summer destination,social_media,2,low
poll vote weekend plans group update book club posted photo trending startup founders weekend plans,social_media,2,low
news groups follow sarah check lisa count reply social com chats hiking,social_media,2,low
answered query techsupport accepted solution provided blue screen error mark resolved forum support thread tech solution,forum,0,low
post got new reactions great insight view social com profile user reply disable platform com notifications,social_media,2,low
anniversary instagram group tech enthusiasts invited rsvp platform com events workshop,social_media,2,low
amazon password expiration dear winner email annual lottery click bit fakeprize claim hrs expire unsubscribe,spam,3,high
software update available september statement available view download company com updates action needed payment scheduled,updates,4,medium
user spotlight member spotlight trending programming comments view wiki site page,forum,0,low
flash sale home decor hello valued member enjoy extra clearance shop example com expires date,promotions,1,low
scheduled maintenance nov pst yesterday network connectivity problem fixed systems operational apologies inconvenience,updates,4,medium
member exclusive free shipping week deal ends time items lowest prices shop example com use code save,promotions,1,low
netflix password expiration unusual login detected russia secure account phishing site com account suspended,spam,3,high
temporary pin enter confirm password reset request ignore,verify_code,5,medium
secure access number enter confirm account recovery request ignore,verify_code,5,medium
live alert meetup behind scenes beach vacation family view album social com albums vacation,social_media,2,high
verification required security code enter sign page expires minutes contact support,verify_code,5,low
live alert webinar behind scenes see video social com posts photo comments love disable notifications social com settings,social_media,2,low
paypal subscription suspended following apple application rates dropped apply phishing site com stop opt,spam,3,high
amazon investment opportunity roi package delivered tracking update phishing site com ignore,spam,3,low
news david kim started new position see article platform com content video comments great insight disable notifications social com settings,social_media,2,low
double rewards points week favorite items back wait example com use code flash,promotions,1,low
warning violation python coding challenge revised rules effective immediately key changes citation requirements news posts review wiki site page,forum,0,high
new event workshop group photography group live streaming join social com live conference,social_media,2,low
microsoft egift card loyal customers invoice inv ready view bit fakeprize dispute within hrshrs,spam,3,medium
netflix used new device package delivered tracking update bit fakeprize ignore,spam,3,low
verification required security code account recovery valid one use,verify_code,5,low
forum maintenance complete event starts time prepare support site ticket,forum,0,low
new reply python coding challenge thread per report details forum com thread,forum,0,low
scheduled maintenance sep est restaurant main pool closed aug maintenance dec midnight assignment confirmed manage booking banking com statements,updates,4,medium
achievement unlocked expert helper user pixelartist posted helpful solution view forum com thread,forum,0,low
news groups follow group book club live streaming join social com live conference,social_media,2,low
access code token expires est support contact,verify_code,5,low
anniversary twitter photo sydney received likes comments see insights platform com analytics content,social_media,2,low
early access new arrivals start discover items shop new styles example com code flash extra,promotions,1,low
vip preview summer sale discover items shop new styles example com code save extra,promotions,1,low
john smith mentioned comment sarah check lisa count reply platform com messages group,social_media,2,low
flash sale home decor loyal customer get exclusive example com offer code welcome,promotions,1,low
new arrivals summer collection live celebrate entire purchase valid example com code flash,promotions,1,low
verification code pin required transaction authorization linkedin,verify_code,5,low
exclusive high roller casino membership offer congratulations valued customer selected diamond tier vip program complimentary chips invitation offer includes priority access high stakes tables personal concierge service claim welcome bonus expiration grand casino elite site vip entry use promotion code vip registration limited first respondents terms require minimum deposit within hours activate full benefits withdrawal privileges,spam,3,low
invoice available invoice inv ready view fakebills net inv dispute within hrs,spam,3,medium
nearby tech conference today see article platform com content video comments great insight disable notifications platform com notifications,social_media,2,low
auto payment failed subscription hotel booking main pool closed aug maintenance oct est assignment confirmed manage booking company com updates,updates,4,medium
user spotlight interview featured member published forum com spotlight user,forum,0,low
dark matter search detector calibration lux zeplin run calibration constants porta darkmatterexperiment org calibration noise profile updates,updates,4,low
security passcode temporary passcode support session share,verify_code,5,low
news groups follow inspiring view social com profile user reply disable platform com notifications,social_media,2,low
reservation confirmed car rental service unavailable window updates include security patches performance improvements,updates,4,medium
invoice available following apple application rates dropped apply phishing site com stop opt,spam,3,medium
new event webinar photo sydney received likes comments see insights social com insights post,social_media,2,low
webdev reply css alignment earned achievement badge view profile forum com thread,forum,0,low
linux reply python error earned achievement badge view profile support site ticket,forum,0,low
dark web marketplace vendor escrow final release token vend escrow enter darkmarket escrow refund window closes,verify_code,5,low
delivery rescheduled order new features security updates install service com status changelog included,updates,4,medium
achievement unlocked trusted contributor trending techsupport comments view forum com thread,forum,0,low
temporary pin security code enter sign page expires minutes contact support,verify_code,5,low
user spotlight member spotlight earned achievement badge view profile wiki site page,forum,0,low
netflix egift card loyal customers samsung galaxy logged hrs minutes ago verify phishing site com secure account,spam,3,low
service interruption resolved car rental updated privacy policy review changes company com updates effective nov,updates,4,low
crypto opportunity roi guaranteed following amazon application rates dropped apply phishing site com stop opt,spam,3,low
vip preview holiday deals discover items shop new styles example com code save extra,promotions,1,low
new friend request david kim group update photography group posted video trending remote workers best summer destination,social_media,2,medium
live alert webinar behind scenes friends checked downtown cafe see photos menu platform com locations venue,social_media,2,high
new thread career advice matches alert trending linux comments view support site ticket,forum,0,high
delivery rescheduled order july statement available view download banking com statements action needed payment scheduled,updates,4,medium
forum digest cooking discussions user codemaster post forum com thread,forum,0,low
suspicious activity facebook account see messaged netflix view scam delivery com special offer membership,spam,3,low
refer friends get credit favorite items back wait example com use code save,promotions,1,low
memory years ago beach vacation family photos relive social com memories,social_media,2,low
verification required pin required transaction authorization github,verify_code,5,low
crypto opportunity roi guaranteed see messaged google view phishing site com special offer membership,spam,3,low
new reply react performance user pixelartist comment wiki site page,forum,0,low
wiki edit approved webdev earned achievement badge view profile support site ticket,forum,0,low
delivery problem iphone pro logged hrs minutes ago verify phishing site com secure account,spam,3,low
anniversary special buy one get one free discover items shop new styles example com code birthday extra,promotions,1,low
new event meetup grand canyon alex view album platform com memories beach,social_media,2,low
security notice suspicious login blocked confirm cancel company com updates phone number building,updates,4,medium
wiki edit approved linux database upgrade completed successfully new features new search notifications faq wiki site page,forum,0,low
important email changed abc airlines main pool closed aug maintenance dec midnight assignment confirmed manage booking company com updates,updates,4,medium
order shipped items cancelled via usps tracking estimated delivery aug track banking com statements,updates,4,low
post moved programming help user pixelartist post wiki site page,forum,0,low
post got new reactions group tech enthusiasts invited rsvp platform com events workshop,social_media,2,low
twitter verification token expires pst support contact,verify_code,5,low
user spotlight member spotlight thread per report details forum com thread,forum,0,low
new security device registered yubikey nfc added authentication methods location seattle review authorized devices account com security devices push notification approved via iphone pro,updates,4,low
free dessert purchase loyal customer get exclusive example com offer code flash,promotions,1,low
policy update privacy policy changes july statement available view download company com updates action needed payment scheduled,updates,4,medium
policy update terms service changes new features new bug fixes install service com status changelog included,updates,4,low
clearance madness tools favorite items back wait example com use code birthday,promotions,1,low
final notice paypal end package delivered tracking update scam delivery com ignore,spam,3,low
authentication token use verification code device safari macos location seattle,verify_code,5,low
blockchain oracles data verification cross chain trust protocols discussion decentralized oracles github test cases,forum,0,low
new arrivals summer collection live final hours biggest sale example com ends time,promotions,1,low
watch later recommended story group update hiking buddies posted article trending remote workers favorite tech tools,social_media,2,low
security alert failed login attempts invoice inv ready view bit fakeprize dispute within hrshrs,spam,3,medium
post featured techtips story sydney received likes comments see insights platform com analytics content,social_media,2,low
account summary september statement ready thank payment applied account receipt company com updates,updates,4,medium
apple transfer confirmation enter verify new device registration session auto cancel invalid attempts,verify_code,5,medium
suspicious activity facebook account refund processed claim phishing site com complete within hrshrs,spam,3,low
new featured guide books trending books comments view wiki site page,forum,0,low
watch later recommended article see article platform com content video comments love disable notifications platform com notifications,social_media,2,low
appointment reminder haircut dec gmt yesterday server maintenance fixed systems operational apologies inconvenience,updates,4,medium
access code enter confirm password reset request ignore,verify_code,5,medium
appointment confirmed nov pst activated per request learn company com updates,updates,4,medium
paypal security alert account frozen refund processed claim scam delivery com complete within hrshrs,spam,3,high
netflix used new device dear winner email annual lottery click bit fakeprize claim hrs expire unsubscribe,spam,3,low
free dessert order celebrate entire purchase valid example com code save,promotions,1,low
access code access code login confirmation valid,verify_code,5,medium
reservation confirmed car rental confirm cancel banking com statements email building,updates,4,medium
secure access number use verification code device iphone pro location seattle,verify_code,5,low
back school discount hello valued member enjoy extra clearance shop example com expires date,promotions,1,low
data usage alert monthly quota items processing via dhl tracking estimated delivery sep track company com updates,updates,4,high
security upgrade password encryption enabled updated cookie policy review changes service com status effective oct,updates,4,high
netflix egift card loyal customers see messaged google view bit fakeprize special offer membership,spam,3,low
new featured guide webdev revised rules effective immediately key changes citation requirements news posts review forum com thread,forum,0,low
safety recall model car rental main pool closed aug maintenance sep midnight assignment confirmed manage booking service com status,updates,4,medium
email binding code pin required transaction authorization facebook,verify_code,5,low
appointment reminder smith oct midnight yesterday payment processing issue fixed systems operational apologies inconvenience,updates,4,medium
smart meter remote disable warning payment overdue electric service prevent shutoff utility payment express com meter,spam,3,medium
david kim liked story view profile social com profile john accept reject platform com requests,social_media,2,medium
missed package delivery alert attempt failed parcel dhl reschedule dhl reschedule fake pay redelivery fee,spam,3,medium
thread locked reason database upgrade completed successfully new features new search notifications faq support site ticket,forum,0,low
forum maintenance complete earned achievement badge view profile support site ticket,forum,0,low
moderation notice community guidelines update revised rules effective immediately key changes citation requirements news posts review forum com thread,forum,0,low
security alert failed login attempts unusual login detected china secure account bit fakeprize account suspended,spam,3,high
warning violation database optimization database upgrade completed successfully new features new search notifications faq support site ticket,forum,0,low
event invitation workshop oct view profile platform com users sarah accept reject social com friends pending,social_media,2,low
new reply database optimization user pixelartist thread forum com thread,forum,0,low
moderation application open apply join moderation team sep forum com mod application,forum,0,low
coinbase withdrawal blocked complete kyc verification coinbase kyc verify crypto account,spam,3,high
book lovers discount books bookstore com book sale mix match,promotions,1,low
user spotlight member spotlight database upgrade completed successfully new features new search notifications faq support site ticket,forum,0,low
important email changed service unavailable window updates include bug fixes new features,updates,4,low
crypto opportunity roi guaranteed unusual login detected china secure account bit fakeprize account suspended,spam,3,high
forum maintenance progress event starts time prepare forum com thread,forum,0,low
new reply react performance event starts time prepare support site ticket,forum,0,low
facebook refund notification paypal requires immediate password update click phishing site com failure within hrshrs causes lockout,spam,3,low
login code reply pin required login confirmation facebook,verify_code,5,medium
last chance warehouse clearance favorite items back wait example com use code vip,promotions,1,low
poll vote favorite tech tools group book club live streaming join social com live conference,social_media,2,low
facebook investment opportunity roi invoice inv ready view scam delivery com dispute within hrshrs,spam,3,medium
google used new device refund processed claim bit fakeprize complete within hrshrs,spam,3,low
anniversary celebration triple rewards week thank years loyalty purchases aug sep earn points redeemable exclusive gifts plus special bonus credit automatically loaded account first purchase explore new seasonal collections complimentary personal shopping consultation brand com anniversary code celebrate limited edition gift purchase,promotions,1,low
linkedin authenticator use code complete sign expires minutes,verify_code,5,low
early access clearance event start celebrate entire purchase valid example com code birthday,promotions,1,low
software update available confirm cancel company com updates address building,updates,4,medium
payment received invoice inv hotel booking main pool closed aug maintenance dec gmt assignment confirmed manage booking service com status,updates,4,medium
user spotlight member spotlight thread discussion started pixelartist settings wiki site page,forum,0,low
limited stock final clearance celebrate entire purchase valid example com code welcome,promotions,1,low
temporary security pass token expires est support contact,verify_code,5,low
new message attractive single see messaged paypal view scam delivery com special offer membership,spam,3,low
live product launch keynote group book club invited rsvp platform com events workshop,social_media,2,low
order delivered activated per request learn banking com statements,updates,4,medium
security notice suspicious login blocked updated cookie policy review changes service com status effective aug,updates,4,high
post shared influencer recipe shared followers track social com shares recipe,social_media,2,low
new featured guide cooking thread discussion moved general support continue support site ticket,forum,0,low
clearance madness electronics hello valued member enjoy buy one get one free shop example com expires date,promotions,1,low
new follower john smith group update tech enthusiasts posted post trending digital artists best summer destination,social_media,2,low
selected maldives trip refund processed claim scam delivery com complete within hrshrs,spam,3,low
news groups follow friends checked downtown cafe see photos menu social com places cafe,social_media,2,low
new reply python coding challenge revised rules effective immediately key changes citation requirements news posts review forum com thread,forum,0,low
achievement unlocked reputation user codemaster thread wiki site page,forum,0,low
security upgrade password encryption enabled service unavailable window updates include bug fixes new features,updates,4,high
live alert product launch behind scenes group update book club posted story trending digital artists favorite tech tools,social_media,2,high
amazon egift card loyal customers see messaged netflix view bit fakeprize special offer membership,spam,3,low
last chance end season sale celebrate entire purchase valid example com code vip,promotions,1,low
achievement unlocked expert helper earned achievement badge view profile wiki site page,forum,0,low
verification pin pin required login confirmation microsoft,verify_code,5,medium
new arrivals holiday decor live loyal customer get exclusive example com offer code welcome,promotions,1,low
apple verification login confirmation enter share number,verify_code,5,medium
sarah johnson liked photo beach vacation family view album platform com memories beach,social_media,2,low
watch later recommended article group photography group invited rsvp social com events meetup,social_media,2,low
service interruption resolved car rental thank payment applied account receipt company com updates,updates,4,medium
new message secret admirer refund processed claim phishing site com complete within hrshrs,spam,3,low
linkedin verification use verification code device chrome windows location new york,verify_code,5,low
authentication token pin required transaction authorization google,verify_code,5,low
birthday discount deal ends time items lowest prices shop example com use code flash,promotions,1,low
missed delivery confirmation macbook air logged hrs minutes ago verify bit fakeprize secure account,spam,3,medium
user spotlight member spotlight database upgrade completed successfully new features new search notifications faq wiki site page,forum,0,low
appointment confirmed sep est july statement available view download banking com statements action needed payment scheduled,updates,4,medium
anniversary linkedin grand canyon alex view album platform com memories beach,social_media,2,low
new user welcome package guide forum features forum com welcome earn new member badge completing tutorial,forum,0,low
john smith liked story group update tech enthusiasts posted article trending remote workers favorite tech tools,social_media,2,low
limited stock final clearance deal ends time items lowest prices shop example com use code welcome,promotions,1,low
free macbook pro survey following amazon application rates dropped apply bit fakeprize stop opt,spam,3,low
delivery problem iphone pro logged hrs minutes ago verify scam delivery com secure account,spam,3,low
programming reply python error user datawiz thread support site ticket,forum,0,low
event reminder workshop trending photography comments view support site ticket,forum,0,low
twitter workspace verification login confirmation enter share number,verify_code,5,medium
thread locked topic discussion politics gaming thread locked rule violations moderator note forum com mod notes thread,forum,0,low
delivery problem see messaged google view scam delivery com special offer membership,spam,3,low
sarah johnson liked photo college reunion photos view album social com albums vacation,social_media,2,low
achievement unlocked expert helper user webdev posted helpful solution view forum com thread,forum,0,low
service outage resolved car rental new hours effective immediately dec midnight assignment confirmed manage booking banking com statements,updates,4,medium
linkedin connection request manager wants connect remote jobs respond linkedin career connect jobs rec,spam,3,medium
policy update privacy policy changes confirm cancel company com updates payment due date building,updates,4,medium
paypal subscription suspended google requires immediate password update click scam delivery com failure within hrshrs causes lockout,spam,3,high
identity confirmation use verification code device iphone pro location seattle,verify_code,5,medium
new featured guide programming user pixelartist posted helpful solution view forum com thread,forum,0,low
forum digest linux discussions trending programming comments view forum com thread,forum,0,low
post moved technical support thread discussion started webdev settings wiki site page,forum,0,low
inheritance claim late relative unusual login detected nigeria secure account phishing site com account suspended,spam,3,high
auto payment failed subscription confirm cancel company com updates phone number building,updates,4,medium
hour sale extra clearance discover items shop new styles example com code welcome extra,promotions,1,low
identity confirmation security code enter sign page expires minutes contact support,verify_code,5,medium
anniversary twitter alex check emily count reply social com chats hiking,social_media,2,low
identity check enter access sensitive documents attempt,verify_code,5,low
reservation modified hotel booking room upgraded deluxe suite check remains details hotelchain com mybookings,updates,4,low
data usage alert monthly quota car rental main pool closed aug maintenance dec gmt assignment confirmed manage booking company com updates,updates,4,medium
new customer offer first order welcome discount new subscribers use code welcome checkout store com welcome,promotions,1,low
user spotlight member spotlight user datawiz posted helpful solution view wiki site page,forum,0,low
reservation confirmed hotel booking confirm cancel service com status phone number building,updates,4,medium
news david kim started new position group photography group live streaming join social com live conference,social_media,2,low
user spotlight member spotlight user codemaster posted helpful solution view support site ticket,forum,0,low
hmrc tax refund approval immediate action required subscription payment failed update payment bit fakeprize call support,spam,3,medium
double rewards points weekend discover items shop new styles example com code flash extra,promotions,1,low
security notice suspicious login blocked yesterday server maintenance fixed systems operational apologies inconvenience,updates,4,high
order processing new features dark mode performance boost install company com updates changelog included,updates,4,low
security upgrade enabled service unavailable window updates include security patches performance improvements,updates,4,low
facebook transfer confirmation use verification code device safari macos location seattle,verify_code,5,medium
hour sale extra clearance hello valued member enjoy extra clearance shop example com expires date,promotions,1,low
post moved career advice trending linux comments view support site ticket,forum,0,low
watch later recommended post friends checked central perk see photos menu platform com locations venue,social_media,2,low
event reminder meetup thread discussion moved general support continue forum com thread,forum,0,low
programming reply database query post per report details wiki site page,forum,0,low
moderation notice community guidelines update earned achievement badge view profile support site ticket,forum,0,low
nearby webinar today view profile platform com users sarah accept reject platform com requests,social_media,2,medium
new featured guide books user techguru posted helpful solution view support site ticket,forum,0,low
payment overdue notice dear winner email annual lottery click bit fakeprize claim hrs expire unsubscribe,spam,3,medium
new reply home server setup thread discussion started datawiz settings support site ticket,forum,0,low
nearby tech conference today sarah great event today david amazing post reply social com chats hiking,social_media,2,low
user spotlight member spotlight thread discussion started codemaster settings support site ticket,forum,0,low
user spotlight member spotlight thread discussion started datawiz settings support site ticket,forum,0,low
new follower lisa rodriguez article london received likes comments see insights platform com analytics content,social_media,2,low
holiday discount hello valued member enjoy free shipping week shop example com expires date,promotions,1,low
service interruption resolved abc airlines august statement available view download banking com statements action needed payment scheduled,updates,4,medium
apple password expiration refund processed claim scam delivery com complete within hrshrs,spam,3,high
birthday discount favorite items back wait example com use code vip,promotions,1,low
warning violation python coding challenge user techguru comment support site ticket,forum,0,high
flash sale electronics celebrate entire purchase valid example com code save,promotions,1,low
new reply database optimization user datawiz posted helpful solution view forum com thread,forum,0,low
live product demo brand streaming new gadget watch social com live product launch,social_media,2,low
post got new reactions friends checked central perk see photos menu social com places cafe,social_media,2,low
poll live best productivity tools vote remote workers group social com polls productivity,social_media,2,low
birthday reminder friends today group hiking buddies live streaming join platform com streaming event,social_media,2,low
nearby webinar today view profile social com profile john accept reject social com friends pending,social_media,2,low
slack workspace join enter join digital marketing team requested expires,verify_code,5,medium
rare tea sourcing expedition join taiwan high mountain harvest days teaquestjourneys com includes processing workshop,promotions,1,low
moderator report processed user pixelartist posted helpful solution view support site ticket,forum,0,low
event invitation webinar sep beach vacation family view album social com albums vacation,social_media,2,low
membership upgrade cancelled achieved confirm cancel company com updates phone number building,updates,4,medium
netflix subscription suspended payment issue detected update payment method netflix billing update org prevent service interruption,spam,3,medium
achievement unlocked trusted contributor post per report details wiki site page,forum,0,low
hmrc tax refund approval unusual login detected nigeria secure account phishing site com account suspended,spam,3,high
poll vote favorite tech tools group photography group invited rsvp platform com events workshop,social_media,2,low
techsupport reply database query thread discussion started codemaster settings forum com thread,forum,0,low
anniversary instagram college reunion photos view album platform com memories beach,social_media,2,low
moderator comment processed post per report details forum com thread,forum,0,low
gmail storage exceeded data deletion scheduled storage used prevent data loss,spam,3,medium
free shipping purchase favorite items back wait example com use code birthday,promotions,1,low
service outage resolved confirm cancel banking com statements address building,updates,4,medium
new device approval use verification code device chrome windows location new york,verify_code,5,low
urgent claim prize samsung galaxy logged hrs minutes ago verify phishing site com secure account,spam,3,high
direct deposit updated new banking information saved verify payroll com direct deposit,updates,4,low
apple investment opportunity roi ipad pro logged hrs minutes ago verify phishing site com secure account,spam,3,low
birthday reminder friends tomorrow group update book club posted article trending startup founders weekend plans,social_media,2,low
service outage resolved items shipped via dhl tracking estimated delivery nov track banking com statements,updates,4,low
new arrivals fall fashion live hello valued member enjoy free shipping week shop example com expires date,promotions,1,low
early access summer sale start discover items shop new styles example com code save extra,promotions,1,low
user spotlight member spotlight earned achievement badge view profile support site ticket,forum,0,low
hour sale free shipping week discover items shop new styles example com code birthday extra,promotions,1,low
forum contest winner setup photo selected prizes techforum com contests setup winners,forum,0,low
popular near product launch see article platform com content video comments inspiring disable notifications social com settings,social_media,2,low
government stimulus check covid relief payment available apply gov stimulus apply fund ssn verification required,spam,3,medium
scheduled maintenance dec est thank payment applied account receipt service com status,updates,4,medium
delivery problem refund processed claim bit fakeprize complete within hrshrs,spam,3,low
appointment reminder haircut oct midnight service unavailable window updates include security patches performance improvements,updates,4,medium
free gift purchase loyal customer get exclusive example com offer code save,promotions,1,low
new follower david kim group hiking buddies invited rsvp social com events meetup,social_media,2,low
reservation confirmed car rental items delivered via usps tracking estimated delivery dec track company com updates,updates,4,medium
free shipping order deal ends time items lowest prices shop example com use code birthday,promotions,1,low
free macbook pro survey dear winner email annual lottery click phishing site com claim hrs expire unsubscribe,spam,3,low
featured thread career advice pinned homepage contribute forum com threads career advice,forum,0,low
paypal refund notification following amazon application rates dropped apply bit fakeprize stop opt,spam,3,low
poll vote best summer destination story new york received likes comments see insights social com insights post,social_media,2,low
new friend request mike chen view profile social com profile john accept reject social com friends pending,social_media,2,medium
new event tech conference friends checked central perk see photos menu social com places cafe,social_media,2,low
facebook inquiry dear winner email annual lottery click scam delivery com claim hrs expire unsubscribe,spam,3,low
new reply home server setup trending gaming comments view forum com thread,forum,0,low
new device approval pin required login confirmation google,verify_code,5,medium
payment received invoice inv confirm cancel banking com statements address building,updates,4,medium
auto payment failed subscription updated cookie policy review changes banking com statements effective aug,updates,4,medium
export license approval technology bis license xxxxxx compliance bis doc gov license condition validation requirements pdf,updates,4,low
suspicious activity microsoft account see messaged google view scam delivery com special offer membership,spam,3,low
watch later recommended post see story platform com content video comments great insight disable notifications platform com notifications,social_media,2,low
payment received invoice inv thank payment applied account receipt service com status,updates,4,medium
account summary monthly statement ready items processing via ups tracking estimated delivery oct track service com status,updates,4,low
payment received invoice inv updated terms service review changes banking com statements effective oct,updates,4,medium
venmo payment dispute chargeback requested respond venmo dispute center money txn,spam,3,medium
irs tax refund approval package delivered tracking update scam delivery com ignore,spam,3,low
important email changed updated cookie policy review changes service com status effective sep,updates,4,low
account summary august statement ready confirm cancel banking com statements phone number building,updates,4,medium
global water stress forecasting aquifer depletion projection model data input water security models update remote sensing validation,forum,0,low
flash sale tools hello valued member enjoy extra clearance shop example com expires date,promotions,1,low
ssa tax refund approval netflix requires immediate password update click bit fakeprize failure within hrshrs causes lockout,spam,3,high
microsoft password expiration refund processed claim phishing site com complete within hrshrs,spam,3,high
answered query career advice thread discussion started webdev settings wiki site page,forum,0,low
facebook subscription suspended immediate action required subscription payment failed update payment scam delivery com call support scam,spam,3,high
thread locked reason thread discussion started webdev settings forum com thread,forum,0,low
new achievement helpful answers badge earned silver contributor status show community badges profile badge helpful,forum,0,low
identity verification required login confirmation enter share number,verify_code,5,medium
safety recall model september statement available view download company com updates action needed payment scheduled,updates,4,medium
new follower david kim story london received likes comments see insights platform com analytics content,social_media,2,low
new featured guide cooking report per report details wiki site page,forum,0,low
new thread home gardening matches alert comment per report details wiki site page,forum,0,high
moderator report processed thread discussion started datawiz settings support site ticket,forum,0,low
poll vote weekend plans view profile social com profile john accept reject social com friends pending,social_media,2,low
security notice suspicious login blocked confirm cancel company com updates email building,updates,4,medium
memories week friends checked central perk see photos menu social com places cafe,social_media,2,low
live product launch keynote love view social com profile user reply disable platform com notifications,social_media,2,low
user spotlight member spotlight user techguru comment forum com thread,forum,0,low
linkedin verification access code transaction authorization valid,verify_code,5,low
inheritance claim late relative following microsoft application rates dropped apply scam delivery com stop opt,spam,3,low
member exclusive buy one get one free deal ends time items lowest prices shop example com use code flash,promotions,1,low
nearby webinar today group tech enthusiasts invited rsvp social com events meetup,social_media,2,low
limited stock back stock discover items shop new styles example com code vip extra,promotions,1,low
microsoft verification enter confirm account recovery request ignore,verify_code,5,medium
auto payment failed subscription updated user agreement review changes banking com statements effective nov,updates,4,medium
news groups follow group update tech enthusiasts posted article trending startup founders weekend plans,social_media,2,low
end season boating sale kayaks paddleboards outdoors com water sports includes safety gear package free storage cover purchase,promotions,1,low
moderation notice community guidelines update event starts time prepare wiki site page,forum,0,low
anniversary twitter thanks sharing view social com profile user reply disable platform com notifications,social_media,2,low
github withdrawal auth token expires pst support contact,verify_code,5,low
medieval siege engine construction build functional trebuchet weekend class historicengineersguild com materials extra,promotions,1,low
event reminder ama industry expert thread discussion started webdev settings wiki site page,forum,0,low
vip preview new arrivals hello valued member enjoy extra clearance shop example com expires date,promotions,1,low
verification code use verification code device chrome windows location los angeles,verify_code,5,low
anniversary special extra clearance discover items shop new styles example com code vip extra,promotions,1,low
renew facebook subscription following apple application rates dropped apply bit fakeprize stop opt,spam,3,low
early access new arrivals start favorite items back wait example com use code vip,promotions,1,low
appointment reminder dentist nov est biometric login activated per request learn service com status,updates,4,medium
limited stock limited edition discover items shop new styles example com code vip extra,promotions,1,low
clearance madness books loyal customer get exclusive example com offer code vip,promotions,1,low
space debris removal license grant oos orbit servicing license deb conditions spaceoperations org licenses collision avoidance protocol,updates,4,low
refund confirmation immediate action required subscription payment failed update payment bit fakeprize call support,spam,3,medium
community announcement pool closure september statement available view download banking com statements action needed payment scheduled,updates,4,medium
new reply home server setup user webdev post support site ticket,forum,0,low
urgent claim prize invoice inv ready view bit fakeprize dispute within hrshrs,spam,3,medium
last chance warehouse clearance discover items shop new styles example com code birthday extra,promotions,1,low
forum maintenance progress revised rules effective immediately key changes citation requirements news posts review forum com thread,forum,0,low
payment received invoice inv updated cookie policy review changes banking com statements effective dec,updates,4,medium
appointment reminder smith aug midnight july statement available view download service com status action needed payment scheduled,updates,4,medium
facebook refund notification refund processed claim bit fakeprize complete within hrshrs,spam,3,low
identity confirmation code account verification share requested est,verify_code,5,medium
answered query technical support database upgrade completed successfully new features new search notifications faq wiki site page,forum,0,low
vip preview summer sale loyal customer get exclusive example com offer code save,promotions,1,low
missed delivery confirmation netflix requires immediate password update click scam delivery com failure within hrshrs causes lockout,spam,3,medium
refund confirmation invoice inv ready view bit fakeprize dispute within hrshrs,spam,3,medium
google verification use verification code device samsung galaxy location seattle,verify_code,5,low
crypto opportunity roi limited time bitcoin mining pool join btc mining profit crypto risk free,spam,3,low
member exclusive extra clearance hello valued member enjoy free shipping week shop example com expires date,promotions,1,low
order shipped confirm cancel company com updates address building,updates,4,medium
anniversary special buy one get one free celebrate entire purchase valid example com code birthday,promotions,1,low
birthday reminder friends next week college reunion photos view album platform com memories beach,social_media,2,low
live workshop keynote view profile social com profile john accept reject social com friends pending,social_media,2,low
swift transfer confirmation token transfer ubs zurich enter token spaces valid single submission,verify_code,5,medium
delivery problem invoice inv ready view bit fakeprize dispute within hrshrs,spam,3,medium
news groups follow see article social com posts photo comments love disable notifications platform com notifications,social_media,2,low
amazon refund notification unusual login detected nigeria secure account phishing site com account suspended,spam,3,low
paypal refund notification samsung galaxy logged hrs minutes ago verify scam delivery com secure account,spam,3,low
live meetup keynote view profile platform com users sarah accept reject social com friends pending,social_media,2,low
crypto opportunity roi guaranteed samsung galaxy logged hrs minutes ago verify phishing site com secure account,spam,3,low
clearance madness home decor final hours biggest sale example com ends time,promotions,1,low
forum maintenance progress earned achievement badge view profile support site ticket,forum,0,low
smart contract debugging session access sol scr live ethereum mainnet debug code session devconsole ethereum debug session sol xxx time bound,verify_code,5,low
linkedin workspace verification security code enter sign page expires minutes contact support,verify_code,5,low
clearance madness home decor discover items shop new styles example com code birthday extra,promotions,1,low
microsoft security alert account frozen unusual login detected nigeria secure account phishing site com account suspended,spam,3,high
tiktok algorithm data request approved access engagement patterns download socialdatascience com tiktok algo password protected zip file,social_media,2,medium
flash sale home decor loyal customer get exclusive example com offer code save,promotions,1,low
security upgrade enabled confirm cancel company com updates address building,updates,4,medium
event reminder workshop database upgrade completed successfully new features new search notifications faq support site ticket,forum,0,low
birthday discount celebrate entire purchase valid days brand com birthday code bday,promotions,1,low
new arrivals holiday decor live final hours biggest sale example com ends time,promotions,1,low
nearby webinar today view profile social com profile john accept reject platform com requests,social_media,2,medium
data usage alert monthly quota new features security updates install service com status changelog included,updates,4,high
post featured techtips sarah anyone free weekend lisa amazing post reply platform com messages group,social_media,2,low
anniversary special buy one get one free favorite items back wait example com use code welcome,promotions,1,low
verification pin use verification code device iphone pro location seattle,verify_code,5,low
paypal investment opportunity roi following microsoft application rates dropped apply phishing site com stop opt,spam,3,low
microsoft security alert account frozen refund processed claim bit fakeprize complete within hrshrs,spam,3,high
export compliance training certificate expiry itar ear training expires sep retake exportcomplianceportal com training required facility access,updates,4,low
event invitation product launch aug friends checked central perk see photos menu social com places cafe,social_media,2,low
reservation confirmed abc airlines updated privacy policy review changes service com status effective aug,updates,4,medium
facebook withdrawal auth code transaction authorization share requested pst,verify_code,5,medium
insurance documents ready policy updated review insuranceportal com documents,updates,4,low
email binding code access code login confirmation valid,verify_code,5,medium
selected luxury vacation refund processed claim scam delivery com complete within hrshrs,spam,3,low
event reminder conference thread discussion started codemaster settings wiki site page,forum,0,low
post got new reactions group update book club posted photo trending digital artists favorite tech tools,social_media,2,low
achievement unlocked trusted contributor thread discussion started codemaster settings wiki site page,forum,0,low
post moved career advice user pixelartist comment forum com thread,forum,0,low
popular posts network trending traveltips careeradvice explore social com explore trending,social_media,2,low
warning violation python coding challenge thread discussion moved general support continue forum com thread,forum,0,high
answered query career advice revised rules effective immediately key changes citation requirements news posts review support site ticket,forum,0,low
refund confirmation see messaged paypal view phishing site com special offer membership,spam,3,low
ama session nasa engineer revised rules effective immediately key changes citation requirements news posts review forum com thread,forum,0,low
trust safety initiative identity verification combat misinformation introducing optional verified identity program tiered benefits including content promotion dispute priority verification requires document submission video interview learn program benefits forum com trust program ref trust early adopters receive exclusive badge,forum,0,low
verification required use code complete sign expires minutes,verify_code,5,low
community announcement schedule change new features dark mode performance boost install service com status changelog included,updates,4,low
software update available restaurant new hours effective immediately nov gmt assignment confirmed manage booking service com status,updates,4,medium
missed delivery confirmation see messaged google view phishing site com special offer membership,spam,3,low
techsupport reply slow boot issue user enthusiast suggested bios update might help full thread forum com threads slowboot reply,forum,0,low
community announcement maintenance activated per request learn service com status,updates,4,low
email binding code enter verify new device registration session auto cancel invalid attempts,verify_code,5,low
identity verification required enter verify password reset session auto cancel invalid attempts,verify_code,5,high
verification required code password reset share requested gmt,verify_code,5,high
new event product launch group update tech enthusiasts posted article trending remote workers weekend plans,social_media,2,low
ama session nasa engineer earned achievement badge view profile support site ticket,forum,0,low
early access clearance event start hello valued member enjoy extra clearance shop example com expires date,promotions,1,low
rare disease genomics data commons share variant classification data portal rare disease sequencing org contribute irb compliant,forum,0,low
sarah johnson mentioned comment alex check emily weather looks great reply platform com messages group,social_media,2,low
user spotlight member spotlight thread discussion started codemaster settings forum com thread,forum,0,low
appointment confirmed sep midnight yesterday payment processing issue fixed systems operational apologies inconvenience,updates,4,medium
child support enforcement notice case requires immediate response verify state childsupport enforcement org court order attached,spam,3,low
payment overdue notice dear winner email annual lottery click scam delivery com claim hrs expire unsubscribe,spam,3,medium
new reply home server setup user webdev posted helpful solution view wiki site page,forum,0,low
memories week see post social com posts photo comments inspiring disable notifications social com settings,social_media,2,low
free gift membership discover items shop new styles example com code flash extra,promotions,1,low
maintenance complete system upgrade new features dark mode export pdf release notes help site com release notes,updates,4,low
final notice facebook end package delivered tracking update phishing site com ignore,spam,3,low
achievement unlocked reputation thread discussion started codemaster settings forum com thread,forum,0,low
user spotlight member spotlight trending webdev comments view support site ticket,forum,0,low
secure access number access code password reset valid,verify_code,5,high
fbi tax refund approval google requires immediate password update click scam delivery com failure within hrshrs causes lockout,spam,3,high
post featured workoutmotivation post new york received likes comments see insights platform com analytics content,social_media,2,low
selected maldives trip refund processed claim bit fakeprize complete within hrshrs,spam,3,low
refund confirmation unusual login detected romania secure account bit fakeprize account suspended,spam,3,medium
suspicious activity microsoft account immediate action required subscription payment failed update payment phishing site com call support,spam,3,medium
authentication token access code transaction authorization valid,verify_code,5,low
facebook transfer confirmation access code transaction authorization valid,verify_code,5,medium
blockchain voting system audit report municipal election security audit digitalvotingintegrity org reports findings summary pdf attached,updates,4,low
urgent claim prize apple requires immediate password update click phishing site com failure within hrshrs causes lockout,spam,3,high
double rewards points october earn points grocery delivery activate oct marketrewards com double points fall,promotions,1,low
renew apple subscription invoice inv ready view phishing site com dispute within hrshrs,spam,3,medium
delivery rescheduled order updated privacy policy review changes banking com statements effective sep,updates,4,medium
payment received invoice inv new features dark mode performance boost install service com status changelog included,updates,4,medium
underground lab security portal code deep geology facility access ugl entry geiger counter reading required particle physics access,verify_code,5,low
ama session nasa engineer thread discussion started pixelartist settings forum com thread,forum,0,low
appointment reminder eye exam aug gmt new features security updates install service com status changelog included,updates,4,medium
delivery rescheduled order updated privacy policy review changes company com updates effective aug,updates,4,medium
facebook egift card loyal customers netflix requires immediate password update click bit fakeprize failure within hrshrs causes lockout,spam,3,high
suspicious activity microsoft account invoice inv ready view phishing site com dispute within hrshrs,spam,3,medium
birthday reminder friends today view profile platform com users sarah accept reject platform com requests,social_media,2,medium
inheritance claim late relative unusual login detected russia secure account phishing site com account suspended,spam,3,high
system maintenance completion report scheduled infrastructure upgrade concluded successfully est services restored significant performance improvements including faster load times enhanced security protocols new features include dark mode custom export templates collaborative workspaces review detailed technical release notes platform status com release notes applied service credit account inconvenience hour downtime window submit feedback user experience portal,updates,4,medium
membership upgrade delivered achieved updated cookie policy review changes company com updates effective sep,updates,4,low
facebook withdrawal auth account verification enter share number,verify_code,5,low
verification required pin required login confirmation facebook,verify_code,5,medium
user spotlight member spotlight revised rules effective immediately key changes citation requirements news posts review forum com thread,forum,0,low
watch later recommended video friends checked tech hub see photos menu platform com locations venue,social_media,2,low
achievement unlocked reputation database upgrade completed successfully new features new search notifications faq forum com thread,forum,0,low
dark sky astronomy dome rental inch telescope night stargazersanctuary com weather guarantee option,promotions,1,low
loyalty upgrade bonus platinum members get credit check status members site com tier upgrade,promotions,1,low
ebay account restricted suspicious bids detected verify ebay account verify shop user,spam,3,low
holiday july christmas summer holiday decorations cozy early homegoods com christmas july,promotions,1,low
new thread book club matches alert trending programming comments view forum com thread,forum,0,high
news lisa rodriguez started new position friends checked downtown cafe see photos menu platform com locations venue,social_media,2,low
anniversary discount favorite items back wait example com use code save,promotions,1,low
free gift order loyal customer get exclusive example com offer code flash,promotions,1,low
important address changed password encryption activated per request learn banking com statements,updates,4,medium
post got new reactions view profile social com profile john accept reject platform com requests,social_media,2,medium
mfa code vpn access generated gmt,verify_code,5,low
new follower lisa rodriguez group update book club posted photo trending startup founders best summer destination,social_media,2,low
answered query programming help database upgrade completed successfully new features new search notifications faq support site ticket,forum,0,low
flash sale clothing favorite items back wait example com use code flash,promotions,1,low
achievement unlocked trusted contributor earned achievement badge view profile support site ticket,forum,0,low
cooking reply database query trending photography comments view support site ticket,forum,0,low
facebook investment opportunity roi unusual login detected russia secure account scam delivery com account suspended,spam,3,high
microsoft refund notification dear winner email annual lottery click bit fakeprize claim hrs expire unsubscribe,spam,3,low
new thread technical support matches alert database upgrade completed successfully new features new search notifications faq forum com thread,forum,0,low
nearby workshop today group update book club posted story trending startup founders weekend plans,social_media,2,low
live alert webinar behind scenes love view social com notifications reply disable platform com notifications,social_media,2,low
elite tier upgrade welcome bonus new platinum members receive instant credit loyaltyprogram com upgrade offer enjoy complimentary shipping extended returns personal shopper service status match available,promotions,1,low
google verification pin required account verification facebook,verify_code,5,low
immigration application biometrics appointment case ioexxxxxx date location uscis asc notice uscis gov acs appointment xxx,updates,4,medium
facebook security alert account frozen see messaged facebook view bit fakeprize special offer membership,spam,3,low
selected luxury vacation following google application rates dropped apply bit fakeprize stop opt,spam,3,low
free dessert order hello valued member enjoy extra clearance shop example com expires date,promotions,1,low
clearance madness clothing celebrate entire purchase valid example com code welcome,promotions,1,low
authentication token code login confirmation share requested gmt,verify_code,5,medium
art supply flash sale canvases paints artstore com flashsale ends,promotions,1,low
event registration confirmed tech conference sep badge pickup event com registrations,updates,4,medium
warning violation python coding challenge user datawiz post forum com thread,forum,0,high
event reminder meetup trending webdev comments view support site ticket,forum,0,low
limited stock collector edition restock last chance sold items shop collectibles com restock alert,promotions,1,high
new reply python coding challenge thread discussion started pixelartist settings support site ticket,forum,0,low
warranty activation activate product warranty,verify_code,5,low
moderation notice community guidelines update thread discussion started pixelartist settings wiki site page,forum,0,low
twitter verification account verification enter share number,verify_code,5,low
memories week love view social com notifications reply disable social com settings,social_media,2,low
new arrivals holiday decor live discover items shop new styles example com code vip extra,promotions,1,low
free shipping hotel stay favorite items back wait example com use code flash,promotions,1,low
new follower mike chen post sydney received likes comments see insights platform com analytics content,social_media,2,low
quantum programming bootcamp ibm qiskit certification quantumcoding institute includes cloud quantum processor access,promotions,1,low
software update available confirm cancel service com status address building,updates,4,medium
account summary july statement ready password encryption activated per request learn company com updates,updates,4,medium
ama session tech ceo revised rules effective immediately key changes citation requirements news posts review forum com thread,forum,0,low
software update available car rental main pool closed aug maintenance nov pst assignment confirmed manage booking service com status,updates,4,medium
safety recall model abc airlines new hours effective immediately sep midnight assignment confirmed manage booking banking com statements,updates,4,medium
email binding code enter confirm account recovery request ignore,verify_code,5,medium
vip preview summer sale loyal customer get exclusive example com offer code vip,promotions,1,low
amazon password expiration immediate action required subscription payment failed update payment phishing site com call support fake,spam,3,high
biometric data deletion confirmation bio del dna profile deletion authorization confirm gdpr compliance org data deletion irreversible action,verify_code,5,medium
important email changed confirm cancel service com status payment due date building,updates,4,medium
free gift order deal ends time items lowest prices shop example com use code flash,promotions,1,low
reservation confirmed abc airlines updated user agreement review changes company com updates effective oct,updates,4,medium
amazon subscription suspended see messaged apple view bit fakeprize special offer membership,spam,3,low
password reset pin account recovery pin submit within minutes resetportal com browser details firefox windows suspicious activity monitoring activated,verify_code,5,high
reservation confirmed abc airlines confirm cancel banking com statements payment due date building,updates,4,medium
final reduction extra clearance last call seasonal items outlet com clearance final code final additional markdowns taken checkout sales final special day return exception,promotions,1,low
netflix inquiry package delivered tracking update phishing site com ignore,spam,3,low
wiki edit approved books earned achievement badge view profile wiki site page,forum,0,low
community guidelines update moderation transparency based member feedback implemented new moderation protocols including public appeal process violation scoring system moderation actions include detailed rationale reference specific guideline sections review new policies effective september forum com mod guidelines ref gui member voting system introduced borderline cases,forum,0,low
order cancelled august statement available view download company com updates action needed payment scheduled,updates,4,medium
new message secret admirer immediate action required subscription payment failed update payment phishing site com call support,spam,3,medium
final notice netflix end dear winner email annual lottery click phishing site com claim hrs expire unsubscribe,spam,3,low
youtube monetization suspended appeal copyright strike youtube appeal portal media channel,spam,3,high
community announcement schedule change updated cookie policy review changes service com status effective dec,updates,4,low
free macbook pro survey package delivered tracking update bit fakeprize ignore,spam,3,low
identity verification required pin required password reset github,verify_code,5,high
final notice apple end dear winner email annual lottery click phishing site com claim hrs expire unsubscribe,spam,3,low
anniversary twitter college reunion photos view album platform com memories beach,social_media,2,low
new messages tech enthusiasts chat group book club live streaming join social com live conference,social_media,2,low
news john smith started new position group update book club posted post trending digital artists weekend plans,social_media,2,low
popular near tech conference friends checked tech hub see photos menu platform com locations venue,social_media,2,low
amazon password expiration package delivered tracking update phishing site com ignore,spam,3,high
security upgrade password encryption enabled service unavailable window updates include security patches performance improvements,updates,4,high
important phone number changed service unavailable window updates include security patches performance improvements,updates,4,low
free macbook pro survey unusual login detected nigeria secure account scam delivery com account suspended,spam,3,high
login code reply pin required password reset facebook,verify_code,5,high
delivery rescheduled order activated per request learn company com updates,updates,4,medium
security upgrade biometric login enabled items delivered via ups tracking estimated delivery oct track company com updates,updates,4,low
nearby webinar today thanks sharing view social com notifications reply disable social com settings,social_media,2,low
new arrivals summer collection live discover items shop new styles example com code welcome extra,promotions,1,low
news groups follow view profile platform com users sarah accept reject social com friends pending,social_media,2,low
new friend request lisa rodriguez group update tech enthusiasts posted video trending digital artists best summer destination,social_media,2,medium
refund confirmation following netflix application rates dropped apply bit fakeprize stop opt,spam,3,medium
two step verification code code login confirmation share requested est,verify_code,5,medium
vip preview new arrivals favorite items back wait example com use code flash,promotions,1,low
moderator report processed event starts time prepare forum com thread,forum,0,low
verification required code login confirmation share requested est,verify_code,5,medium
techsupport reply slow boot issue earned achievement badge view profile forum com thread,forum,0,low
identity verification required token expires gmt support contact,verify_code,5,low
selected cruise following paypal application rates dropped apply scam delivery com stop opt,spam,3,low
flash sale tools final hours biggest sale example com ends time,promotions,1,low
selected luxury vacation package delivered tracking update phishing site com ignore,spam,3,low
member exclusive free premium upgrade loyalty status unlocks complimentary gold tier access december enjoy unlimited streaming priority customer service exclusive member pricing action needed upgrade activates automatically explore new premium features service com premium benefits code goldupgrade refer friends upgrade period bonus per referral,promotions,1,low
lisa rodriguez liked post college reunion photos view album platform com memories beach,social_media,2,low
anniversary social platform group tech enthusiasts live streaming join social com live conference,social_media,2,low
new message attractive single refund processed claim phishing site com complete within hrshrs,spam,3,low
security upgrade biometric login enabled monthly statement available view download company com updates action needed payment scheduled,updates,4,medium
answered query career advice earned achievement badge view profile support site ticket,forum,0,low
twitter transfer confirmation enter verify account recovery session auto cancel invalid attempts,verify_code,5,medium
twitter transfer confirmation use verification code device safari macos location new york,verify_code,5,medium
forum digest cooking discussions event starts time prepare forum com thread,forum,0,low
selected cruise dear winner email annual lottery click bit fakeprize claim hrs expire unsubscribe,spam,3,low
hour sale buy one get one free hello valued member enjoy buy one get one free shop example com expires date,promotions,1,low
microsoft azure credit expiring free credit expires upgrade subscription azure credit convert premium com special,spam,3,low
new reply react performance revised rules effective immediately key changes citation requirements news posts review forum com thread,forum,0,low
moderator post processed thread discussion started webdev settings support site ticket,forum,0,low
microsoft refund notification immediate action required subscription payment failed update payment phishing site com call support,spam,3,low
early access summer sale start celebrate entire purchase valid example com code save,promotions,1,low
order shipped updated user agreement review changes banking com statements effective oct,updates,4,low
security upgrade biometric login enabled yesterday network connectivity problem fixed systems operational apologies inconvenience,updates,4,low
mod application open home gardening event starts time prepare support site ticket,forum,0,low
limited stock final clearance favorite items back wait example com use code save,promotions,1,low
limited stock back stock celebrate entire purchase valid example com code save,promotions,1,low
forum digest photography discussions database upgrade completed successfully new features new search notifications faq wiki site page,forum,0,low
scheduled maintenance sep midnight items cancelled via fedex tracking estimated delivery dec track service com status,updates,4,medium
data usage alert monthly quota hotel booking new hours effective immediately dec midnight assignment confirmed manage booking company com updates,updates,4,high
auth code cloud console access expires min,verify_code,5,low
appointment reminder dentist dec gmt service unavailable window updates include security patches performance improvements,updates,4,medium
new thread career advice matches alert event starts time prepare forum com thread,forum,0,high
warning violation database optimization user codemaster post wiki site page,forum,0,high
security notice suspicious login blocked new features dark mode performance boost install company com updates changelog included,updates,4,high
urgent claim prize immediate action required subscription payment failed update payment bit fakeprize call support fake,spam,3,high
anonymous question career advice needed follower transition product management reply anonymously qanda site answer,social_media,2,low
safety recall model yesterday payment processing issue fixed systems operational apologies inconvenience,updates,4,medium
vip preview new arrivals loyal customer get exclusive example com offer code vip,promotions,1,low
post got new reactions mike anyone free weekend emily count reply social com chats hiking,social_media,2,low
event invitation workshop oct group update photography group posted story trending startup founders best summer destination,social_media,2,low
verification required pin required password reset github,verify_code,5,high
netflix automatic charge failed payment method declined update netflix billing support payment error code,spam,3,medium
new friend request lisa rodriguez see story social com posts photo comments thanks sharing disable notifications platform com notifications,social_media,2,low
hour sale free shipping week discover items shop new styles example com code save extra,promotions,1,low
warehouse clearance industrial equipment cnc machines forklifts shelving systems inspection appointment industrialsurplus com location houston,promotions,1,medium
post moved general discussion trending books comments view wiki site page,forum,0,low
forum contest photo contest trending linux comments view wiki site page,forum,0,low
event photo album published tech conference official photographer uploaded high res images tagged shots review social com events techconf photos download option available tagged photos,social_media,2,low
important phone number changed august statement available view download company com updates action needed payment scheduled,updates,4,medium
anniversary special buy one get one free hello valued member enjoy extra clearance shop example com expires date,promotions,1,low
live tech conference keynote view profile social com profile john accept reject platform com requests,social_media,2,medium
data usage alert monthly quota restaurant new hours effective immediately dec est assignment confirmed manage booking company com updates,updates,4,high
john smith liked story group update tech enthusiasts posted story trending remote workers weekend plans,social_media,2,low
new plugin dark theme released install preferences report bugs techforum com threads dark theme release notes,forum,0,low
apple used new device dear winner email annual lottery click phishing site com claim hrs expire unsubscribe,spam,3,low
paypal security alert account frozen iphone pro logged hrs minutes ago verify bit fakeprize secure account,spam,3,high
appointment reminder haircut nov midnight updated user agreement review changes service com status effective dec,updates,4,medium
secure access number transaction authorization enter share number,verify_code,5,low
poll vote best summer destination thanks sharing view social com profile user reply disable platform com notifications,social_media,2,low
free macbook pro survey dear winner email annual lottery click scam delivery com claim hrs expire unsubscribe,spam,3,low
live alert tech conference behind scenes see video platform com content video comments inspiring disable notifications platform com notifications,social_media,2,low
moderator thread processed revised rules effective immediately key changes citation requirements news posts review wiki site page,forum,0,low
forum digest cooking discussions database upgrade completed successfully new features new search notifications faq wiki site page,forum,0,low
payment received invoice inv confirm cancel service com status address building,updates,4,medium
global patent treaty draft consultation wipo proposal cpt comment wipo int patent treaty comments deadline dec,updates,4,low
clearance madness tools loyal customer get exclusive example com offer code vip,promotions,1,low
login alert verification step needed enter confirm new device registration request ignore,verify_code,5,medium
memories week story sydney received likes comments see insights platform com analytics content,social_media,2,low
cooking solution verified recipe solved baking issue thread cookingforum com threads bread,forum,0,low
payment plan modified monthly reduced details finance com payment plans,updates,4,medium
service outage resolved restaurant new hours effective immediately dec pst assignment confirmed manage booking company com updates,updates,4,medium
appointment reminder smith oct gmt yesterday payment processing issue fixed systems operational apologies inconvenience,updates,4,medium
apple egift card loyal customers see messaged google view phishing site com special offer membership,spam,3,low
renew facebook subscription immediate action required subscription payment failed update payment scam delivery com call support scam,spam,3,medium
news john smith started new position mike great event today david count reply social com chats hiking,social_media,2,low
security upgrade password encryption enabled confirm cancel service com status payment due date building,updates,4,medium
payment received invoice inv items shipped via ups tracking estimated delivery dec track company com updates,updates,4,medium
security notice suspicious login blocked password encryption activated per request learn company com updates,updates,4,high
warning violation react performance trending webdev comments view support site ticket,forum,0,high
post moved general discussion database upgrade completed successfully new features new search notifications faq wiki site page,forum,0,low
ama session nasa engineer event starts time prepare forum com thread,forum,0,low
facebook account compromised reset password immediately password reset help case sec,spam,3,high
free ipad survey samsung galaxy logged hrs minutes ago verify phishing site com secure account,spam,3,low
order shipped service unavailable window updates include security patches performance improvements,updates,4,low
new reply database optimization user codemaster post wiki site page,forum,0,low
david kim mentioned comment college reunion photos view album social com albums vacation,social_media,2,low
memories week group book club live streaming join social com live conference,social_media,2,low
payment received invoice inv items shipped via ups tracking estimated delivery dec track banking com statements,updates,4,medium
ama session science professor user techguru comment support site ticket,forum,0,low
new featured guide programming event starts time prepare wiki site page,forum,0,low
scientific manuscript status revisions requested paper jphys reviewer comments academicjournalportal com author manuscript resubmit,updates,4,medium
post featured foodchallenge video sydney received likes comments see insights social com insights post,social_media,2,low
space radio telescope alignment key deep space network antenna control dsn align uplink deepspace nasa gov orbital mechanics,verify_code,5,low
wiki edit approved books thread discussion started webdev settings wiki site page,forum,0,low
apple refund notification immediate action required subscription payment failed update payment bit fakeprize call support scam,spam,3,low
secure access number token expires pst support contact,verify_code,5,low
flash sale home decor loyal customer get exclusive example com offer code flash,promotions,1,low
news groups follow group photography group live streaming join social com live conference,social_media,2,low
twitter workspace verification transaction authorization enter share number,verify_code,5,low
poll vote best summer destination friends checked downtown cafe see photos menu platform com locations venue,social_media,2,low
email binding code use verification code device chrome windows location seattle,verify_code,5,low
payment received invoice inv new features dark mode performance boost install banking com statements changelog included,updates,4,medium
temporary pin use verification code device chrome windows location new york,verify_code,5,low
warning violation react performance event starts time prepare wiki site page,forum,0,high
verification code security code enter sign page expires minutes contact support,verify_code,5,low
david kim mentioned comment group tech enthusiasts live streaming join platform com streaming event,social_media,2,low
forum contest photo contest report per report details forum com thread,forum,0,low
software update available restaurant main pool closed aug maintenance aug pst assignment confirmed manage booking service com status,updates,4,medium
order cancelled yesterday network connectivity problem fixed systems operational apologies inconvenience,updates,4,low
renew microsoft subscription package delivered tracking update bit fakeprize ignore,spam,3,low
clearance final call extra clearance outlet com clearance code final,promotions,1,low
flash sale tools favorite items back wait example com use code welcome,promotions,1,low
linkedin connection request recruiter wants connect hiring remote jobs respond linkedin fake jobs connect rec,spam,3,medium
order delivered july statement available view download company com updates action needed payment scheduled,updates,4,medium
important phone number changed updated terms service review changes service com status effective oct,updates,4,low
birthday reminder friends week beach vacation family view album social com albums vacation,social_media,2,low
invoice available iphone pro logged hrs minutes ago verify scam delivery com secure account,spam,3,medium
esports talent scout network invitation pro team recruitment access sign esports scouting performance metrics submission,social_media,2,low
clearance madness books celebrate entire purchase valid example com code vip,promotions,1,low
vip preview summer sale hello valued member enjoy free shipping week shop example com expires date,promotions,1,low
moderation notice community guidelines update user datawiz report forum com thread,forum,0,low
auto payment failed subscription abc airlines main pool closed aug maintenance oct midnight assignment confirmed manage booking service com status,updates,4,medium
inheritance claim late relative unclaimed estate pending legal documents required inheritance legal site heir form,spam,3,low
live shopping event limited edition jewelry join social com live shopping event,social_media,2,low
news sarah johnson started new position group hiking buddies live streaming join platform com streaming event,social_media,2,low
new follower sarah johnson see photo platform com content video comments love disable notifications platform com notifications,social_media,2,low
refer friends get credit loyal customer get exclusive example com offer code welcome,promotions,1,low
google withdrawal auth enter confirm new device registration request ignore,verify_code,5,medium
new featured guide books thread discussion moved general support continue forum com thread,forum,0,low
temporary pin access code transaction authorization valid,verify_code,5,low
clearance madness clothing discover items shop new styles example com code flash extra,promotions,1,low
order cancelled thank payment applied account receipt service com status,updates,4,medium
microsoft used new device package delivered tracking update scam delivery com ignore,spam,3,low
inheritance claim late relative immediate action required subscription payment failed update payment scam delivery com call support fake,spam,3,medium
inheritance claim late relative invoice inv ready view bit fakeprize dispute within hrshrs,spam,3,medium
order shipped items shipped via fedex tracking estimated delivery sep track banking com statements,updates,4,low
verification code access code password reset valid,verify_code,5,high
service outage resolved items cancelled via ups tracking estimated delivery aug track company com updates,updates,4,low
sarah johnson liked post friends checked tech hub see photos menu social com places cafe,social_media,2,low
group challenge day fitness join health warriors challenge participate social com groups health challenge,social_media,2,low
new event workshop grand canyon alex view album social com albums vacation,social_media,2,low
login code reply pin required login confirmation apple,verify_code,5,medium
memories week great insight view social com profile user reply disable social com settings,social_media,2,low
user spotlight member spotlight event starts time prepare forum com thread,forum,0,low
extended warranty activated coverage product extended december terms support site com warranty war includes accidental damage protection deductible,updates,4,low
back school discount favorite items back wait example com use code save,promotions,1,low
access code enter verify new device registration session auto cancel invalid attempts,verify_code,5,low
new friend request lisa rodriguez group book club live streaming join platform com streaming event,social_media,2,medium
vip preview holiday deals deal ends time items lowest prices shop example com use code flash,promotions,1,low
live alert webinar behind scenes friends checked tech hub see photos menu social com places cafe,social_media,2,high
mod application open career advice post per report details forum com thread,forum,0,low
apple security alert account frozen refund processed claim bit fakeprize complete within hrshrs,spam,3,high
flash deal airpods pro limited stock shop techstore com flash deals airpods,promotions,1,low
anniversary special free shipping week favorite items back wait example com use code save,promotions,1,low
login alert verification step needed security code enter sign page expires minutes contact support,verify_code,5,high
service outage resolved updated cookie policy review changes service com status effective aug,updates,4,low
reservation confirmed abc airlines confirm cancel company com updates phone number building,updates,4,medium
anniversary social platform group hiking buddies invited rsvp platform com events workshop,social_media,2,low
lisa rodriguez liked video see article social com posts photo comments great insight disable notifications social com settings,social_media,2,low
security notice suspicious login blocked confirm cancel banking com statements phone number building,updates,4,medium
scheduled maintenance dec pst items shipped via usps tracking estimated delivery sep track banking com statements,updates,4,medium
scheduled maintenance dec midnight updated terms service review changes service com status effective nov,updates,4,medium
social platform api challenge innovation prize build novel features using api prizes apichallenges socialhackathon com devportal required,social_media,2,low
news david kim started new position college reunion photos view album social com albums vacation,social_media,2,low
poll vote favorite tech tools article london received likes comments see insights platform com analytics content,social_media,2,low
paypal subscription suspended dear winner email annual lottery click bit fakeprize claim hrs expire unsubscribe,spam,3,high
refer friends get credit discover items shop new styles example com code vip extra,promotions,1,low
payment received invoice inv september statement available view download service com status action needed payment scheduled,updates,4,medium
reservation confirmed restaurant car rental new hours effective immediately oct midnight assignment confirmed manage booking banking com statements,updates,4,medium
final notice paypal end iphone pro logged hrs minutes ago verify scam delivery com secure account,spam,3,low
post got new reactions view profile social com profile john accept reject social com friends pending,social_media,2,low
twitter withdrawal auth security code enter sign page expires minutes contact support,verify_code,5,low
watch later recommended photo story new york received likes comments see insights social com insights post,social_media,2,low
achievement unlocked community star thread discussion started techguru settings support site ticket,forum,0,low
linkedin transfer confirmation enter verify account recovery session auto cancel invalid attempts,verify_code,5,medium
github verification security code enter sign page expires minutes contact support,verify_code,5,low
delivery rescheduled order restaurant main pool closed aug maintenance nov midnight assignment confirmed manage booking service com status,updates,4,medium
linkedin withdrawal auth pin required transaction authorization apple,verify_code,5,low
lisa rodriguez mentioned comment group book club invited rsvp social com events meetup,social_media,2,low
facebook authenticator access code transaction authorization valid,verify_code,5,low
device pairing pair smart code expires min,verify_code,5,low
netflix refund notification invoice inv ready view scam delivery com dispute within hrshrs,spam,3,low
anniversary forum turns years celebration event details forum com anniversary,forum,0,low
new follower mike chen college reunion photos view album platform com memories beach,social_media,2,low
free iphone pro survey microsoft requires immediate password update click scam delivery com failure within hrshrs causes lockout,spam,3,high
microsoft egift card loyal customers immediate action required subscription payment failed update payment phishing site com call support,spam,3,medium
data usage alert monthly quota confirm cancel banking com statements email building,updates,4,medium
last chance end season sale favorite items back wait example com use code save,promotions,1,low
developer challenge api integration contest build app using platform api prizes devforum com contests api integration submission deadline dec judging criteria innovation scalability mentor matching available,forum,0,low
facebook withdrawal auth token expires pst support contact,verify_code,5,low
temporary security pass pin required transaction authorization twitter,verify_code,5,low
crypto opportunity roi guaranteed see messaged facebook view phishing site com special offer membership,spam,3,low
new featured guide gaming earned achievement badge view profile wiki site page,forum,0,low
answered query general discussion earned achievement badge view profile support site ticket,forum,0,low
coinbase withdrawal blocked complete kyc coinbase kyc verify crypto wallet btc,spam,3,high
login code reply code account verification share requested pst,verify_code,5,medium
techsupport reply slow boot issue revised rules effective immediately key changes citation requirements news posts review support site ticket,forum,0,low
ets test score authentication gre results flagged anomaly verify educational testing validation org case ets,spam,3,low
google workspace verification use verification code device iphone pro location new york,verify_code,5,low
security notice suspicious login blocked hotel booking new hours effective immediately sep gmt assignment confirmed manage booking service com status,updates,4,high
security alert failed login attempts see messaged apple view scam delivery com special offer membership,spam,3,low
payment overdue notice unusual login detected romania secure account phishing site com account suspended,spam,3,medium
linkedin authenticator login confirmation enter share number,verify_code,5,medium
final notice microsoft end paypal requires immediate password update click bit fakeprize failure within hrshrs causes lockout,spam,3,high
service interruption resolved hotel booking confirm cancel banking com statements phone number building,updates,4,medium
new friend request sarah johnson group photography group invited rsvp platform com events workshop,social_media,2,medium
mike chen mentioned comment see article platform com content video comments great insight disable notifications platform com notifications,social_media,2,low
new thread book club matches alert event starts time prepare forum com thread,forum,0,high
anniversary special extra clearance deal ends time items lowest prices shop example com use code save,promotions,1,low
scheduled maintenance aug est yesterday network connectivity problem fixed systems operational apologies inconvenience,updates,4,medium
news david kim started new position beach vacation family view album platform com memories beach,social_media,2,low
post got new reactions group book club live streaming join platform com streaming event,social_media,2,low
new messages book club chat beach vacation family view album social com albums vacation,social_media,2,low
microsoft withdrawal auth pin required password reset microsoft,verify_code,5,high
security key manual override key contact support used,verify_code,5,low
flight itinerary changed flight departs seat reassigned view details airline com manage,updates,4,low
appointment reminder smith nov midnight july statement available view download banking com statements action needed payment scheduled,updates,4,medium
meeting access code join encrypted call meet service com code,verify_code,5,medium
memories week grand canyon alex view album platform com memories beach,social_media,2,low
warning violation home server setup revised rules effective immediately key changes citation requirements news posts review wiki site page,forum,0,high
mod application open book club applications close aug apply forum com mod apps bookclub requirements posts months active,forum,0,low
order shipped updated privacy policy review changes service com status effective sep,updates,4,low
delivery rescheduled order august statement available view download banking com statements action needed payment scheduled,updates,4,medium
apple investment opportunity roi refund processed claim bit fakeprize complete within hrshrs,spam,3,low
member exclusive buy one get one free discover items shop new styles example com code save extra,promotions,1,low
live tech conference keynote see article platform com content video comments great insight disable notifications platform com notifications,social_media,2,low
popular near meetup group photography group invited rsvp social com events meetup,social_media,2,low
mod application open career advice user datawiz posted helpful solution view support site ticket,forum,0,low
policy update cookie policy changes updated user agreement review changes service com status effective dec,updates,4,low
news groups follow group tech enthusiasts live streaming join social com live conference,social_media,2,low
important address changed confirm cancel company com updates phone number building,updates,4,medium
amazon investment opportunity roi immediate action required subscription payment failed update payment scam delivery com call support scam,spam,3,medium
virtual crime scene investigation forensic evidence crowdsourcing platform csitraingame pro requires leo credentials,social_media,2,low
autonomous weapon system moratorium position resolution consultation national position draft disarmament org autonomous weapons feedback portal,updates,4,low
renew netflix subscription following paypal application rates dropped apply bit fakeprize stop opt,spam,3,low
email binding code token expires gmt support contact,verify_code,5,low
secure access number use verification code device samsung galaxy location chicago,verify_code,5,low
software update security patch critical update available fixes vulnerability cve install help app com update,updates,4,high
verification pin use verification code device chrome windows location seattle,verify_code,5,low
scheduled maintenance aug gmt items cancelled via usps tracking estimated delivery aug track banking com statements,updates,4,medium
google verification pin required login confirmation microsoft,verify_code,5,medium
amazon gift card prize voucher claim amazon gift claim reward code amz,spam,3,low
final notice amazon prime end renew keep benefits amazonprime renewal special com limited offer discount today,spam,3,low
paypal password expiration package delivered tracking update scam delivery com ignore,spam,3,high
free breakfast hotel stay book nights get complimentary breakfast valid dec luxuryhotelgroup com breakfast deal,promotions,1,low
refer friends get credit loyal customer get exclusive example com offer code birthday,promotions,1,low
facebook transfer confirmation security code enter sign page expires minutes contact support,verify_code,5,medium
news david kim started new position see video social com posts photo comments great insight disable notifications social com settings,social_media,2,low
event invitation workshop sep group photography group invited rsvp platform com events workshop,social_media,2,low
data usage alert monthly quota biometric login activated per request learn company com updates,updates,4,medium
handcrafted leather workshop pass design custom briefcase limited dates artisanworkshop org leather materials included value,promotions,1,low
payment overdue notice unusual login detected china secure account phishing site com account suspended,spam,3,medium
inheritance claim late relative following netflix application rates dropped apply scam delivery com stop opt,spam,3,low
identity verification required transaction authorization enter share number,verify_code,5,low
secure access number code login confirmation share requested pst,verify_code,5,medium
policy update terms service changes september statement available view download company com updates action needed payment scheduled,updates,4,medium
mike chen mentioned comment group update tech enthusiasts posted story trending remote workers weekend plans,social_media,2,low
mike chen mentioned comment post paris received likes comments see insights social com insights post,social_media,2,low
urgent inheritance notification unclaimed last john dawson lists email beneficiary validate claim inheritance validate dawson probate closes,spam,3,low
special offer final hours biggest sale example com ends time,promotions,1,low
community announcement new policy updated cookie policy review changes banking com statements effective sep,updates,4,low
security upgrade biometric login enabled hotel booking new hours effective immediately nov midnight assignment confirmed manage booking banking com statements,updates,4,medium
suspicious activity apple account following microsoft application rates dropped apply phishing site com stop opt,spam,3,low
two step verification code transaction authorization enter share number,verify_code,5,low
software update available new features dark mode performance boost install help app com update changelog included,updates,4,low
paypal subscription suspended invoice inv ready view scam delivery com dispute within hrshrs,spam,3,medium
mike chen mentioned comment friends checked central perk see photos menu social com places cafe,social_media,2,low
delivery problem see messaged netflix view scam delivery com special offer membership,spam,3,low
early access new arrivals start favorite items back wait example com use code flash,promotions,1,low
ama session science professor user pixelartist posted helpful solution view wiki site page,forum,0,low
birthday surprise free gift inside open birthday gift giftshop com birthday gift code bdaygift valid days,promotions,1,low
event invitation workshop aug thanks sharing view social com events event reply disable social com settings,social_media,2,low
forum digest books discussions trending webdev comments view support site ticket,forum,0,low
youtube monetization approved start earning set payments youtube payout setup media channel yourchannel,spam,3,medium
live alert meetup behind scenes love view social com profile user reply disable platform com notifications,social_media,2,low
holiday discount celebrate entire purchase valid example com code birthday,promotions,1,low
free gift hotel stay loyal customer get exclusive example com offer code welcome,promotions,1,low
popular near tech conference see article social com posts photo comments great insight disable notifications platform com notifications,social_media,2,low
netflix security alert account frozen package delivered tracking update bit fakeprize ignore,spam,3,high
nearby product launch today grand canyon alex view album platform com memories beach,social_media,2,low
clearance madness clothing loyal customer get exclusive example com offer code vip,promotions,1,low
news groups follow alex anyone free weekend emily count reply platform com messages group,social_media,2,low
suspicious activity facebook account macbook air logged hrs minutes ago verify phishing site com secure account,spam,3,low
post featured techtips see article platform com content video comments love disable notifications social com settings,social_media,2,low
multi factor authentication reset security policy requires reconfiguration authenticator app begin setup securityportal com mfa reset previous methods deactivated deadline completion sep,updates,4,high
member exclusive free shipping week hello valued member enjoy free shipping week shop example com expires date,promotions,1,low
authentication token pin required transaction authorization linkedin,verify_code,5,low
new connection recruiter google sarah kim wants connect message interested design portfolio linkedin com sarahkim,social_media,2,low
live alert product launch behind scenes friends checked central perk see photos menu social com places cafe,social_media,2,high
temporary pin token expires gmt support contact,verify_code,5,low
last chance black friday july deal ends time items lowest prices shop example com use code welcome,promotions,1,low
thread locked reason trending books comments view support site ticket,forum,0,low
final notice apple end see messaged netflix view scam delivery com special offer membership,spam,3,low
ama session tech ceo database upgrade completed successfully new features new search notifications faq wiki site page,forum,0,low
new reply database optimization user codemaster comment support site ticket,forum,0,low
contract amendment code modify agreement,verify_code,5,low
anniversary twitter video new york received likes comments see insights social com insights post,social_media,2,low
scheduled maintenance nov midnight august statement available view download company com updates action needed payment scheduled,updates,4,medium
last chance black friday july celebrate entire purchase valid example com code save,promotions,1,low
amazon used new device see messaged apple view scam delivery com special offer membership,spam,3,low
post got new reactions sarah anyone free weekend lisa weather looks great reply platform com messages group,social_media,2,low
answered query technical support thread discussion moved general support continue wiki site page,forum,0,low
new thread career advice matches alert thread per report details wiki site page,forum,0,high
event reminder conference report per report details support site ticket,forum,0,low
popular near product launch view profile platform com users sarah accept reject social com friends pending,social_media,2,low
login alert verification step needed use code complete sign expires minutes,verify_code,5,high
forum maintenance complete thread discussion started webdev settings wiki site page,forum,0,low
apple security alert account frozen dear winner email annual lottery click bit fakeprize claim hrs expire unsubscribe,spam,3,high
verification required code password reset share requested est,verify_code,5,high
login alert verification step needed code account verification share requested gmt,verify_code,5,medium
github workspace verification enter verify password reset session auto cancel invalid attempts,verify_code,5,high
new reply react performance comment per report details wiki site page,forum,0,low
memories week see story platform com content video comments great insight disable notifications social com settings,social_media,2,low
account merge code merge two accounts,verify_code,5,low
user spotlight member spotlight comment per report details wiki site page,forum,0,low
payment received invoice inv updated privacy policy review changes banking com statements effective sep,updates,4,medium
new follower sarah johnson group update hiking buddies posted photo trending startup founders weekend plans,social_media,2,low
immunization record updated flu vaccine covid booster added profile access digital vaccine passport healthportal com vaccine record code available travel verification,updates,4,low
delivery problem following netflix application rates dropped apply bit fakeprize stop opt,spam,3,low
new thread home gardening matches alert revised rules effective immediately key changes citation requirements news posts review support site ticket,forum,0,high
microsoft investment opportunity roi macbook air logged hrs minutes ago verify scam delivery com secure account,spam,3,low
event invitation workshop oct view profile platform com users sarah accept reject platform com requests,social_media,2,medium
data export request completed archive forum activity posts messages likes available forum com data export exp download link active days compressed data available json format,forum,0,medium
patent application publication xxxxxx patent system published uspto gazette view patentcenter uspto gov application xxx public commentary open,updates,4,low
warning violation database optimization thread discussion started pixelartist settings support site ticket,forum,0,high
scheduled maintenance oct midnight new features security updates install company com updates changelog included,updates,4,medium
thread locked reason user webdev thread forum com thread,forum,0,low
google workspace verification use verification code device iphone pro location los angeles,verify_code,5,low
post moved technical support event starts time prepare wiki site page,forum,0,low
suspicious activity paypal account refund processed claim phishing site com complete within hrshrs,spam,3,low
achievement unlocked community star database upgrade completed successfully new features new search notifications faq wiki site page,forum,0,low
appointment reminder smith dec pst new features dark mode performance boost install company com updates changelog included,updates,4,medium
inheritance claim late relative invoice inv ready view scam delivery com dispute within hrshrs,spam,3,medium
authentication token access code password reset valid,verify_code,5,high
scheduled maintenance sep est confirm cancel banking com statements email building,updates,4,medium
event invitation tech conference oct view profile platform com users sarah accept reject platform com requests,social_media,2,medium
two factor authenticator reset new setup required begin securityportal com reset,updates,4,high
payment overdue notice facebook requires immediate password update click phishing site com failure within hrshrs causes lockout,spam,3,medium
early access summer sale start hello valued member enjoy free shipping week shop example com expires date,promotions,1,low
wiki edit conflict quantum computing basics edit conflicts newer version user physicist compare changes sciforum com wiki quantum computing compare edit lock activated hours resolution suggestions provided moderators,forum,0,low
security notice suspicious login blocked new features new bug fixes install service com status changelog included,updates,4,high
home refresh sale bedding decor homeshop com refresh sale,promotions,1,low
digital pain management visualization chronic pain tracking environment beta test pain visualization app medical oversight,social_media,2,low
email binding code access code password reset valid,verify_code,5,high
mike chen mentioned comment friends checked tech hub see photos menu social com places cafe,social_media,2,low
vip preview new arrivals deal ends time items lowest prices shop example com use code birthday,promotions,1,low
new featured guide books thread discussion moved general support continue support site ticket,forum,0,low
urgent claim prize invoice inv ready view phishing site com dispute within hrshrs,spam,3,medium
secure access number pin required transaction authorization github,verify_code,5,low
secure access number code account verification share requested est,verify_code,5,medium
verification code use code complete sign expires minutes,verify_code,5,low
paypal egift card loyal customers invoice inv ready view scam delivery com dispute within hrshrs,spam,3,medium
temporary pin use verification code device iphone pro location chicago,verify_code,5,low
warning violation react performance event starts time prepare support site ticket,forum,0,high
google subscription suspended unusual login detected china secure account phishing site com account suspended,spam,3,high
linux reply graphics driver revised rules effective immediately key changes citation requirements news posts review support site ticket,forum,0,low
apple used new device immediate action required subscription payment failed update payment phishing site com call support fake,spam,3,medium
paypal used new device paypal requires immediate password update click scam delivery com failure within hrshrs causes lockout,spam,3,high
google subscription suspended package delivered tracking update scam delivery com ignore,spam,3,high
important address changed new features security updates install company com updates changelog included,updates,4,low
moderator comment processed event starts time prepare support site ticket,forum,0,low
early black friday deals live unlock doorbuster prices electronics public launch electronics com black friday early code earlybf includes smart macbook pro free airpods vip access ends midnight tonight,promotions,1,low
free shipping order favorite items back wait example com use code welcome,promotions,1,low
missed delivery confirmation iphone pro logged hrs minutes ago verify bit fakeprize secure account,spam,3,medium
covid exposure alert near infected person mandatory testing required health alert gov testing site cdc official,spam,3,high
achievement unlocked trusted contributor revised rules effective immediately key changes citation requirements news posts review wiki site page,forum,0,low
scheduled maintenance sep pst biometric login activated per request learn service com status,updates,4,medium
news groups follow group photography group invited rsvp social com events meetup,social_media,2,low
membership upgrade delivered achieved service unavailable window updates include bug fixes new features,updates,4,low
covid vaccine certificate expiration booster documentation required submit health passport update org digital wallet affected,spam,3,low
account summary august statement ready updated terms service review changes service com status effective dec,updates,4,low
memories week group tech enthusiasts live streaming join social com live conference,social_media,2,low
blockchain network upgrade hard fork scheduled ethereum chainid update block node operators must upgrade ethereum org upgrade forkname tools ready,updates,4,medium
member exclusive free shipping week final hours biggest sale example com ends time,promotions,1,low
new follower tech journalist writer techreview follow back social com profile journalist,social_media,2,low
mike chen mentioned comment group hiking buddies live streaming join platform com streaming event,social_media,2,low
double rewards points today favorite items back wait example com use code birthday,promotions,1,low
membership upgrade shipped achieved confirm cancel service com status address building,updates,4,medium
mod application open career advice trending techsupport comments view wiki site page,forum,0,low
selected maldives trip paypal requires immediate password update click phishing site com failure within hrshrs causes lockout,spam,3,high
clearance madness beauty products celebrate entire purchase valid example com code welcome,promotions,1,low
banking stress test override emergency liquidity protocol authorization initiates federal reserve consultation process full audit trail includes voice recording verification,verify_code,5,high
auto payment failed subscription updated privacy policy review changes company com updates effective nov,updates,4,medium
double rewards points sunday final hours biggest sale example com ends time,promotions,1,low
regulatory compliance identity check comply finra regulations require immediate identity confirmation account maintenance enter verification code secure compliance portal within minutes mandatory check ensures continued access trading features failure complete restrict account functionality verification recent account changes triggered enhanced security protocol government issued may required manual verification code expires reference compliance case fin,verify_code,5,medium
poll vote best summer destination friends checked downtown cafe see photos menu social com places cafe,social_media,2,low
delivery rescheduled order service unavailable window updates include bug fixes new features,updates,4,medium
hmrc tax refund approval dear winner email annual lottery click phishing site com claim hrs expire unsubscribe,spam,3,low
temporary pin login confirmation enter share number,verify_code,5,medium
blockchain wallet recovery key split shard kkl combine shards wallet recovery shard system,verify_code,5,low
blockchain bridge asset recovery multichain bridge restore key cross bridge input crosschain recovery org expires block,verify_code,5,low
forum digest books discussions thread per report details wiki site page,forum,0,low
delivery problem unusual login detected russia secure account bit fakeprize account suspended,spam,3,high
birthday reminder friends tomorrow article sydney received likes comments see insights platform com analytics content,social_media,2,low
facebook used new device dear winner email annual lottery click phishing site com claim hrs expire unsubscribe,spam,3,low
safety recall model service unavailable window updates include bug fixes new features,updates,4,low
new event product launch college reunion photos view album social com albums vacation,social_media,2,low
new reply database optimization earned achievement badge view profile support site ticket,forum,0,low
cloud sync completed synced view cloudservice com sync reports sync,updates,4,low
software update available activated per request learn company com updates,updates,4,medium
amazon password expiration following google application rates dropped apply phishing site com stop opt,spam,3,high
payment overdue notice see messaged amazon view scam delivery com special offer membership,spam,3,medium
new event meetup view profile social com profile john accept reject platform com requests,social_media,2,medium
referral bonus tripled get per friend share link service com refer user,promotions,1,low
secure access number enter verify payment confirmation session auto cancel invalid attempts,verify_code,5,medium
apple investment opportunity roi see messaged netflix view phishing site com special offer membership,spam,3,low
microsoft subscription suspended refund processed claim bit fakeprize complete within hrshrs,spam,3,high
appointment confirmed dec midnight biometric login activated per request learn service com status,updates,4,medium
new messages book club chat thanks sharing view social com notifications reply disable platform com notifications,social_media,2,low
new event tech conference group book club live streaming join social com live conference,social_media,2,low
new featured guide photography thread per report details support site ticket,forum,0,low
apple used new device dear winner email annual lottery click bit fakeprize claim hrs expire unsubscribe,spam,3,low
free gift purchase deal ends time items lowest prices shop example com use code birthday,promotions,1,low
forum contest photo contest user webdev comment support site ticket,forum,0,low
crypto opportunity roi guaranteed following apple application rates dropped apply scam delivery com stop opt,spam,3,low
group announcement time change book club moved details social com groups book club ann,social_media,2,low
login alert verification step needed token expires pst support contact,verify_code,5,high
microsoft password expiration see messaged amazon view phishing site com special offer membership,spam,3,low
urgent claim prize unusual login detected romania secure account phishing site com account suspended,spam,3,high
answered query career advice trending books comments view support site ticket,forum,0,low
popular near webinar mike anyone free weekend david count reply platform com messages group,social_media,2,low
important address changed new features new bug fixes install banking com statements changelog included,updates,4,low
thread locked reason earned achievement badge view profile forum com thread,forum,0,low
api documentation updated new endpoints added docs devforum com api docs,forum,0,low
twitter workspace verification enter verify password reset session auto cancel invalid attempts,verify_code,5,high
lisa chen liked photo see photo social com posts comments great shot disable notifications social com settings,social_media,2,low
secure access number enter confirm payment confirmation request ignore,verify_code,5,medium
live alert meetup behind scenes group update hiking buddies posted article trending startup founders weekend plans,social_media,2,high
achievement unlocked expert helper user codemaster posted helpful solution view forum com thread,forum,0,low
selected spa weekend refund processed claim scam delivery com complete within hrshrs,spam,3,low
verification required enter confirm password reset request ignore,verify_code,5,medium
community announcement maintenance biometric login activated per request learn company com updates,updates,4,low
memories week friends checked tech hub see photos menu social com places cafe,social_media,2,low
anniversary sale extra clearance stack discounts code extra valid thru monday store com anniversary,promotions,1,low
cloud backup successful backed access cloudstorage com backups,updates,4,low
security alert failed login attempts package delivered tracking update bit fakeprize ignore,spam,3,high
order processing items shipped via dhl tracking estimated delivery dec track company com updates,updates,4,low
payment received invoice inv password encryption activated per request learn service com status,updates,4,medium
new messages tech enthusiasts chat view profile social com profile john accept reject platform com requests,social_media,2,medium
wiki edit approved techsupport earned achievement badge view profile wiki site page,forum,0,low
urgent claim prize see messaged microsoft view phishing site com special offer membership,spam,3,low
important payment due date changed september statement available view download service com status action needed payment scheduled,updates,4,medium
event invitation tech conference sep college reunion photos view album social com albums vacation,social_media,2,low
google workspace verification enter verify payment confirmation session auto cancel invalid attempts,verify_code,5,medium
paypal egift card loyal customers see messaged facebook view bit fakeprize special offer membership,spam,3,low
mandatory software update critical vulnerability patch immediate installation required application security update addressing critical vulnerability cve exploit allows remote code execution without authentication update automatically deployed enterprise accounts restart required within hours consumer users download patch updateportal com security version postponement beyond deadline restrict access sensitive features detailed technical bulletin available security teams compromised systems contact incident response team immediately,updates,4,high
david kim mentioned comment group update hiking buddies posted post trending remote workers favorite tech tools,social_media,2,low
secure session code single use verification code expires minutes required login new device moscow russia initiate secure account securityportal com session lock,verify_code,5,low
hour sale extra clearance celebrate entire purchase valid example com code birthday,promotions,1,low
refund confirmation following google application rates dropped apply phishing site com stop opt,spam,3,medium
stock trading account restricted suspicious activity pattern verify stock trading verification org case trd,spam,3,low
safety recall model service unavailable window updates include security patches performance improvements,updates,4,low
limited stock back stock deal ends time items lowest prices shop example com use code flash,promotions,1,low
order cancelled items processing via ups tracking estimated delivery oct track banking com statements,updates,4,low
thread locked reason revised rules effective immediately key changes citation requirements news posts review wiki site page,forum,0,low
birthday reminder friends tomorrow love view social com events event reply disable platform com notifications,social_media,2,low
birthday reminder friends week friends checked central perk see photos menu platform com locations venue,social_media,2,low
delivery rescheduled order hotel booking main pool closed aug maintenance sep est assignment confirmed manage booking company com updates,updates,4,medium
renew microsoft subscription unusual login detected romania secure account bit fakeprize account suspended,spam,3,high
two step verification code use code complete sign expires minutes,verify_code,5,low
clearance madness books deal ends time items lowest prices shop example com use code flash,promotions,1,low
live alert tech conference behind scenes great insight view social com profile user reply disable social com settings,social_media,2,high
new message attractive single immediate action required subscription payment failed update payment bit fakeprize call support fake,spam,3,medium
charity drive leaderboard update team ranked fundraising event communityforum com charity leaderboard raised far top prize exclusive meet greet industry celebrity promotion toolkit available,forum,0,low
limited stock back stock loyal customer get exclusive example com offer code welcome,promotions,1,low
security upgrade biometric login enabled items processing via usps tracking estimated delivery aug track service com status,updates,4,low
special offer loyal customer get exclusive example com offer code vip,promotions,1,low
appointment reminder eye exam oct pst thank payment applied account receipt company com updates,updates,4,medium
free dessert order loyal customer get exclusive example com offer code birthday,promotions,1,low
event reminder meetup event starts time prepare wiki site page,forum,0,low
programming reply slow boot issue user techguru post forum com thread,forum,0,low
clearance madness tools celebrate entire purchase valid example com code birthday,promotions,1,low
anniversary twitter group tech enthusiasts live streaming join platform com streaming event,social_media,2,low
new reply database optimization user techguru thread forum com thread,forum,0,low
community announcement schedule change password encryption activated per request learn banking com statements,updates,4,medium
new featured guide photography event starts time prepare support site ticket,forum,0,low
important address changed monthly statement available view download company com updates action needed payment scheduled,updates,4,medium
hour sale extra clearance hello valued member enjoy buy one get one free shop example com expires date,promotions,1,low
vip preview new arrivals discover items shop new styles example com code flash extra,promotions,1,low
microsoft inquiry following amazon application rates dropped apply scam delivery com stop opt,spam,3,low
community announcement maintenance biometric login activated per request learn service com status,updates,4,low
memories week video sydney received likes comments see insights social com insights post,social_media,2,low
thread locked reason report per report details support site ticket,forum,0,low
flash sale home decor favorite items back wait example com use code welcome,promotions,1,low
verification required pin required login confirmation github,verify_code,5,medium
government grant approved claim covid relief fund apply gov grant claim fund ssn verification required,spam,3,low
mod application open home gardening user pixelartist report support site ticket,forum,0,low
twitter transfer confirmation enter confirm account recovery request ignore,verify_code,5,medium
security upgrade enabled new features new bug fixes install service com status changelog included,updates,4,low
linux reply css alignment user codemaster comment wiki site page,forum,0,low
linkedin verification transaction authorization enter share number,verify_code,5,low
login alert verification step needed access code password reset valid,verify_code,5,high
payment received invoice inv confirm cancel banking com statements payment due date building,updates,4,medium
refund confirmation unusual login detected russia secure account bit fakeprize account suspended,spam,3,medium
forum maintenance complete comment per report details forum com thread,forum,0,low
facebook workspace verification enter verify payment confirmation session auto cancel invalid attempts,verify_code,5,medium
forum digest techsupport discussions thread discussion moved general support continue support site ticket,forum,0,low
connection request investor partner capitalfirm connect social com profile investor profile,social_media,2,medium
identity verification required pin required login confirmation apple,verify_code,5,medium
poll vote best summer destination friends checked tech hub see photos menu platform com locations venue,social_media,2,low
quantum neural network dev tools hybrid computing toolkit access qnn toolkit github vqe implementation examples,forum,0,low
renew amazon subscription package delivered tracking update scam delivery com ignore,spam,3,low
lisa rodriguez liked photo sarah anyone free weekend david weather looks great reply social com chats hiking,social_media,2,low
hour sale extra clearance final hours biggest sale example com ends time,promotions,1,low
flash sale clothing hello valued member enjoy free shipping week shop example com expires date,promotions,1,low
membership upgrade cancelled achieved thank payment applied account receipt company com updates,updates,4,medium
apple used new device macbook air logged hrs minutes ago verify scam delivery com secure account,spam,3,low
renew facebook subscription ipad pro logged hrs minutes ago verify bit fakeprize secure account,spam,3,low
free dessert purchase discover items shop new styles example com code flash extra,promotions,1,low
twitter verification use code complete sign expires minutes,verify_code,5,low
memories week grand canyon alex view album social com albums vacation,social_media,2,low
delivery problem following amazon application rates dropped apply phishing site com stop opt,spam,3,low
techsupport reply python error thread discussion started datawiz settings wiki site page,forum,0,low
paypal inquiry immediate action required subscription payment failed update payment scam delivery com call support scam,spam,3,medium
achievement unlocked community star thread per report details forum com thread,forum,0,low
appointment reminder smith oct pst updated cookie policy review changes banking com statements effective dec,updates,4,medium
new featured guide gaming event starts time prepare forum com thread,forum,0,low
service outage resolved items shipped via usps tracking estimated delivery dec track company com updates,updates,4,low
new reply python coding challenge database upgrade completed successfully new features new search notifications faq forum com thread,forum,0,low
security upgrade enabled updated terms service review changes banking com statements effective nov,updates,4,low
anniversary twitter thanks sharing view social com notifications reply disable platform com notifications,social_media,2,low
payment overdue notice invoice inv ready view bit fakeprize dispute within hrshrs,spam,3,medium
facebook withdrawal auth enter confirm password reset request ignore,verify_code,5,medium
invoice available invoice inv ready view scam delivery com dispute within hrshrs,spam,3,medium
selected cruise see messaged paypal view bit fakeprize special offer membership,spam,3,low
netflix refund notification microsoft requires immediate password update click phishing site com failure within hrshrs causes lockout,spam,3,low
final notice microsoft end unusual login detected russia secure account phishing site com account suspended,spam,3,high
subscription perk free month upgrade annual plans include bonus details service com subscription bonus,promotions,1,low
login code reply account verification enter share number,verify_code,5,low
new arrivals holiday decor live favorite items back wait example com use code save,promotions,1,low
forum digest cooking discussions earned achievement badge view profile wiki site page,forum,0,low
temporary pin use code complete sign expires minutes,verify_code,5,low
new messages hiking buddies chat thanks sharing view social com events event reply disable social com settings,social_media,2,low
live tech conference keynote great insight view social com notifications reply disable social com settings,social_media,2,low
nearby tech conference today group tech enthusiasts invited rsvp social com events meetup,social_media,2,low
twitter transfer confirmation use verification code device chrome windows location los angeles,verify_code,5,medium
netflix refund notification following apple application rates dropped apply phishing site com stop opt,spam,3,low
birthday reminder friends tomorrow love view social com profile user reply disable social com settings,social_media,2,low
flash sale beauty products celebrate entire purchase valid example com code vip,promotions,1,low
netflix investment opportunity roi unusual login detected romania secure account phishing site com account suspended,spam,3,high
netflix used new device see messaged amazon view phishing site com special offer membership,spam,3,low
suspicious activity netflix account invoice inv ready view bit fakeprize dispute within hrshrs,spam,3,medium
flash deal smartwatches limited stock clearance price shop sold techstore com flash deals,promotions,1,low
refer friends get credit celebrate entire purchase valid example com code flash,promotions,1,low
double rewards points weekend hello valued member enjoy buy one get one free shop example com expires date,promotions,1,low
apple verification code login confirmation share requested gmt,verify_code,5,medium
password reset token single use code credential reset,verify_code,5,high
live meetup keynote beach vacation family view album social com albums vacation,social_media,2,low
membership upgrade shipped achieved thank payment applied account receipt service com status,updates,4,medium
last chance warehouse clearance celebrate entire purchase valid example com code save,promotions,1,low
identity verification required enter confirm password reset request ignore,verify_code,5,medium
sarah johnson mentioned comment post new york received likes comments see insights social com insights post,social_media,2,low
security alert failed login attempts unusual login detected russia secure account phishing site com account suspended,spam,3,high
medieval manuscript reproduction service illuminated texts vellum introductory offer page reg portfolio scriptorium art,promotions,1,low
invoice available netflix requires immediate password update click scam delivery com failure within hrshrs causes lockout,spam,3,medium
membership upgrade shipped achieved updated privacy policy review changes company com updates effective aug,updates,4,low
post moved technical support thread discussion started codemaster settings wiki site page,forum,0,low
facebook password expiration invoice inv ready view phishing site com dispute within hrshrs,spam,3,medium
suspicious activity facebook account immediate action required subscription payment failed update payment phishing site com call support,spam,3,medium
crypto asset seizure warrant token fbi crypto seizure authorization cseize confirm cryptoforfeiture gov blockchain analysis report,verify_code,5,medium
security upgrade biometric login enabled service unavailable window updates include security patches performance improvements,updates,4,low
birthday reminder friends tomorrow see story social com posts photo comments great insight disable notifications platform com notifications,social_media,2,low
popular near meetup beach vacation family view album platform com memories beach,social_media,2,low
birthday reminder friends tomorrow mike great event today emily count reply social com chats hiking,social_media,2,low
login code reply pin required password reset microsoft,verify_code,5,high
authentication token security code enter sign page expires minutes contact support,verify_code,5,low
achievement unlocked community star report per report details forum com thread,forum,0,low
community announcement pool closure july statement available view download service com status action needed payment scheduled,updates,4,medium
service outage resolved september statement available view download company com updates action needed payment scheduled,updates,4,medium
last call summer tires clearance select sizes install included schedule appointment auto care com tire sale ends sunday,promotions,1,medium
answered query career advice trending photography comments view forum com thread,forum,0,low
popular near tech conference view profile platform com users sarah accept reject social com friends pending,social_media,2,low
new message match package delivered tracking update scam delivery com ignore,spam,3,low
policy update privacy policy changes confirm cancel service com status payment due date building,updates,4,medium
urgent claim prize macbook air logged hrs minutes ago verify phishing site com secure account,spam,3,high
new friend request david kim see post platform com content video comments inspiring disable notifications social com settings,social_media,2,low
ama session researcher post per report details forum com thread,forum,0,low
new message lonely heart unusual login detected nigeria secure account bit fakeprize account suspended,spam,3,high
last chance end season sale celebrate entire purchase valid example com code birthday,promotions,1,low
post featured foodchallenge group photography group live streaming join social com live conference,social_media,2,low
legal document signed lease agreement fully executed commercial lease available legalportal com documents electronic notarization completed key dates move oct first payment due oct,updates,4,medium
labor day blowout save mattresses memory foam queen sep compare mattressdeal com laborday financing available,promotions,1,low
flash sale tools deal ends time items lowest prices shop example com use code flash,promotions,1,low
john smith liked article friends checked tech hub see photos menu social com places cafe,social_media,2,low
temporary security pass security code enter sign page expires minutes contact support,verify_code,5,low
security upgrade biometric login enabled confirm cancel banking com statements payment due date building,updates,4,medium
event invitation meetup sep see photo social com posts photo comments great insight disable notifications social com settings,social_media,2,low
scheduled maintenance aug est items shipped via usps tracking estimated delivery aug track service com status,updates,4,medium
amazon subscription suspended refund processed claim bit fakeprize complete within hrshrs,spam,3,high
john smith mentioned comment friends checked central perk see photos menu platform com locations venue,social_media,2,low
event invitation meetup aug group photography group live streaming join social com live conference,social_media,2,low
security upgrade biometric login enabled activated per request learn company com updates,updates,4,medium
new event workshop mike great event today david count reply social com chats hiking,social_media,2,low
order shipped items processing via usps tracking estimated delivery aug track company com updates,updates,4,low
apple withdrawal auth access code account verification valid,verify_code,5,low
twitter workspace verification use code complete sign expires minutes,verify_code,5,low
western union transfer ready relative collect western union claim money code,spam,3,low
answered query general discussion event starts time prepare support site ticket,forum,0,low
invoice available amazon requires immediate password update click phishing site com failure within hrshrs causes lockout,spam,3,medium
thread locked reason user webdev post wiki site page,forum,0,low
auto payment failed subscription july statement available view download service com status action needed payment scheduled,updates,4,medium
service interruption resolved hotel booking yesterday payment processing issue fixed systems operational apologies inconvenience,updates,4,medium
ama session science professor earned achievement badge view profile wiki site page,forum,0,low
moderation notice community guidelines update user codemaster comment support site ticket,forum,0,low
popular near webinar see photo social com posts photo comments love disable notifications social com settings,social_media,2,low
temporary security pass code transaction authorization share requested gmt,verify_code,5,medium
popular near workshop see post social com posts photo comments love disable notifications social com settings,social_media,2,low
social platform trauma response tool detection harmful content join socialcare tech testing requires moderator experience,social_media,2,low
microsoft investment opportunity roi package delivered tracking update scam delivery com ignore,spam,3,low
security notice suspicious login blocked hotel booking main pool closed aug maintenance aug gmt assignment confirmed manage booking service com status,updates,4,medium
missed jury duty summons arrest warrant issued resolve immediately court jury duty fix case,spam,3,high
birthday reminder friends today sarah anyone free weekend david count reply platform com messages group,social_media,2,low
microsoft workspace verification access code account verification valid,verify_code,5,low
apple authenticator code password reset share requested gmt,verify_code,5,high
forum maintenance complete revised rules effective immediately key changes citation requirements news posts review forum com thread,forum,0,low
new message secret admirer see messaged microsoft view bit fakeprize special offer membership,spam,3,low
appointment reminder eye exam oct pst yesterday network connectivity problem fixed systems operational apologies inconvenience,updates,4,medium
temporary security pass use verification code device iphone pro location seattle,verify_code,5,low
data usage alert monthly quota abc airlines main pool closed aug maintenance aug midnight assignment confirmed manage booking banking com statements,updates,4,medium
free shipping membership deal ends time items lowest prices shop example com use code flash,promotions,1,low
double rewards points sunday discover items shop new styles example com code welcome extra,promotions,1,low
paypal security alert account frozen paypal requires immediate password update click phishing site com failure within hrshrs causes lockout,spam,3,high
holiday discount loyal customer get exclusive example com offer code flash,promotions,1,low
new follower david kim inspiring view social com notifications reply disable social com settings,social_media,2,low
free iphone pro survey immediate action required subscription payment failed update payment phishing site com call support fake,spam,3,medium
apple security alert account frozen netflix requires immediate password update click phishing site com failure within hrshrs causes lockout,spam,3,high
free iphone pro survey immediate action required subscription payment failed update payment scam delivery com call support fake,spam,3,medium
forum digest webdev discussions thread discussion started webdev settings forum com thread,forum,0,low
moderator comment processed user pixelartist posted helpful solution view forum com thread,forum,0,low
new messages book club chat group hiking buddies live streaming join platform com streaming event,social_media,2,low
new messages hiking buddies chat group photography group invited rsvp platform com events workshop,social_media,2,low
amazon refund notification invoice inv ready view bit fakeprize dispute within hrshrs,spam,3,low
facebook authenticator token expires gmt support contact,verify_code,5,low
facebook authenticator pin required account verification google,verify_code,5,low
new store opening items visit downtown location weekend store com new location,promotions,1,low
nearby meetup today friends checked downtown cafe see photos menu platform com locations venue,social_media,2,low
moderator thread processed trending webdev comments view forum com thread,forum,0,low
authentication token use verification code device samsung galaxy location chicago,verify_code,5,low
software update available biometric login activated per request learn banking com statements,updates,4,medium
email binding code code password reset share requested gmt,verify_code,5,high
post featured traveldiaries view profile platform com users sarah accept reject social com friends pending,social_media,2,low
microsoft authenticator enter verify new device registration session auto cancel invalid attempts,verify_code,5,low
hour sale free shipping week celebrate entire purchase valid example com code save,promotions,1,low
netflix egift card loyal customers unusual login detected russia secure account phishing site com account suspended,spam,3,high
post featured techtips friends checked downtown cafe see photos menu platform com locations venue,social_media,2,low
post moved programming help user datawiz posted helpful solution view forum com thread,forum,0,low
new messages book club chat group photography group live streaming join platform com streaming event,social_media,2,low
free iphone pro survey ipad pro logged hrs minutes ago verify phishing site com secure account,spam,3,low
suspicious activity paypal account samsung galaxy logged hrs minutes ago verify phishing site com secure account,spam,3,low
event invitation tech conference aug group photography group invited rsvp social com events meetup,social_media,2,low
new reply python coding challenge user webdev posted helpful solution view support site ticket,forum,0,low
watch later recommended video group book club invited rsvp platform com events workshop,social_media,2,low
forum maintenance complete user pixelartist report support site ticket,forum,0,low
forum maintenance progress trending techsupport comments view wiki site page,forum,0,low
linkedin withdrawal auth enter confirm password reset request ignore,verify_code,5,medium
forum maintenance scheduled user techguru comment support site ticket,forum,0,medium
forum contest photo contest trending gaming comments view forum com thread,forum,0,low
john smith liked article group update hiking buddies posted photo trending remote workers favorite tech tools,social_media,2,low
temporary pin use pin phone verification share calling,verify_code,5,low
live alert workshop behind scenes friends checked downtown cafe see photos menu platform com locations venue,social_media,2,high
new device login verification request detected login attempt chrome browser windows device austin device recognized trusted device history please confirm authorization within minutes security center com device verification unauthorized access attempts reported immediately protection suspended suspicious session activity pending response review recent login history security dashboard enable biometric authentication enhanced account protection,updates,4,high
final notice microsoft end apple requires immediate password update click phishing site com failure within hrshrs causes lockout,spam,3,high
new device approval use verification code device safari macos location los angeles,verify_code,5,low
reservation confirmed car rental new features dark mode performance boost install banking com statements changelog included,updates,4,medium
new arrivals fall fashion live celebrate entire purchase valid example com code flash,promotions,1,low
faa drone registration renewal due registration faxxxxx expires renew faadronezone access faa gov fee penalty expiration,updates,4,medium
achievement unlocked community leader badge moderating discussions quarter showcase social com badges community leader profile visibility boost activated exclusive networking group invitation,social_media,2,low
authentication token enter confirm account recovery request ignore,verify_code,5,medium
netflix subscription suspended see messaged netflix view phishing site com special offer membership,spam,3,low
auto payment failed subscription service unavailable window updates include bug fixes new features,updates,4,medium
delivery problem see messaged microsoft view phishing site com special offer membership,spam,3,low
microsoft authenticator enter confirm account recovery request ignore,verify_code,5,medium
security upgrade biometric login enabled items processing via fedex tracking estimated delivery dec track banking com statements,updates,4,low
report filed offensive comment case received investigating forum com mod reports,forum,0,low
facebook workspace verification access code login confirmation valid,verify_code,5,medium
achievement unlocked trusted contributor revised rules effective immediately key changes citation requirements news posts review support site ticket,forum,0,low
google verification password reset enter share number,verify_code,5,high
twitter verification use verification code device safari macos location chicago,verify_code,5,low
new event product launch article sydney received likes comments see insights social com insights post,social_media,2,low
scheduled maintenance nov midnight august statement available view download banking com statements action needed payment scheduled,updates,4,medium
poll vote favorite tech tools mike anyone free weekend lisa count reply social com chats hiking,social_media,2,low
data usage alert monthly quota confirm cancel banking com statements address building,updates,4,medium
data usage alert monthly quota abc airlines new hours effective immediately oct pst assignment confirmed manage booking company com updates,updates,4,high
apple inquiry microsoft requires immediate password update click scam delivery com failure within hrshrs causes lockout,spam,3,high
microsoft refund notification amazon requires immediate password update click scam delivery com failure within hrshrs causes lockout,spam,3,low
suspicious activity microsoft account package delivered tracking update scam delivery com ignore,spam,3,low
facebook authenticator use code complete sign expires minutes,verify_code,5,low
insider deal luxury skincare members access premium brands beautyvip com insider sale ends thursday midnight,promotions,1,low
order delivered yesterday payment processing issue fixed systems operational apologies inconvenience,updates,4,medium
linkedin transfer confirmation code account verification share requested est,verify_code,5,medium
back school discount loyal customer get exclusive example com offer code birthday,promotions,1,low
reservation confirmed abc airlines service unavailable window updates include security patches performance improvements,updates,4,medium
facebook egift card loyal customers following google application rates dropped apply scam delivery com stop opt,spam,3,low
popular near new cafe opening friends checked central perk see photos menu social com places central perk,social_media,2,low
clearance madness electronics discover items shop new styles example com code welcome extra,promotions,1,low
amazon refund notification package delivered tracking update phishing site com ignore,spam,3,low
flight compensation claim flight eligible compensation apply flight compensation org passport required,spam,3,low
new featured guide photography earned achievement badge view profile wiki site page,forum,0,low
new friend request mike chen beach vacation family view album platform com memories beach,social_media,2,medium
new device approval enter verify payment confirmation session auto cancel invalid attempts,verify_code,5,medium
member exclusive free shipping week celebrate entire purchase valid example com code vip,promotions,1,low
one time security code support verification provide code,verify_code,5,low
new message secret admirer refund processed claim scam delivery com complete within hrshrs,spam,3,low
paypal security alert account frozen package delivered tracking update bit fakeprize ignore,spam,3,high
achievement unlocked expert helper user techguru posted helpful solution view forum com thread,forum,0,low
new event webinar friends checked tech hub see photos menu platform com locations venue,social_media,2,low
live workshop keynote love view social com events event reply disable platform com notifications,social_media,2,low
anniversary special free shipping week celebrate entire purchase valid example com code birthday,promotions,1,low
answered query career advice thread per report details wiki site page,forum,0,low
moderation notice community guidelines update user datawiz posted helpful solution view forum com thread,forum,0,low
ssa tax refund approval unusual login detected china secure account phishing site com account suspended,spam,3,high
renew google subscription package delivered tracking update phishing site com ignore,spam,3,low
flash sale books final hours biggest sale example com ends time,promotions,1,low
anniversary special buy one get one free favorite items back wait example com use code save,promotions,1,low
policy update privacy policy changes restaurant main pool closed aug maintenance aug gmt assignment confirmed manage booking company com updates,updates,4,medium
expedia flight credit expiring use travel credit aug expedia credit redeem travel voucher dxk,spam,3,low
achievement unlocked reputation database upgrade completed successfully new features new search notifications faq wiki site page,forum,0,low
software update available activated per request learn service com status,updates,4,medium
forum digest books discussions user techguru comment wiki site page,forum,0,low
vip preview clearance event hello valued member enjoy extra clearance shop example com expires date,promotions,1,low
free macbook pro survey invoice inv ready view scam delivery com dispute within hrshrs,spam,3,medium
new reply python coding challenge thread discussion started webdev settings wiki site page,forum,0,low
temporary security pass pin required login confirmation linkedin,verify_code,5,medium
verification code use verification code device iphone pro location chicago,verify_code,5,low
tax documents available tax forms ready download accountingportal com taxdocs,updates,4,low
anniversary special extra clearance loyal customer get exclusive example com offer code save,promotions,1,low
free dessert membership hello valued member enjoy extra clearance shop example com expires date,promotions,1,low
new event product launch group update book club posted story trending digital artists best summer destination,social_media,2,low
new messages tech enthusiasts chat group update photography group posted video trending remote workers weekend plans,social_media,2,low
anniversary discount final hours biggest sale example com ends time,promotions,1,low
limited edition collaboration launch designer brand collection available collaborations com designer launch,promotions,1,low
neural network pruning technique benchmark submit results commons upload mlperf org pruning benchmark format specification attached,forum,0,low
data usage alert monthly quota reset aug reduce usage upgrade plan isp provider net usage alert,updates,4,high
policy update cookie policy changes items processing via usps tracking estimated delivery nov track company com updates,updates,4,low
early access new arrivals start deal ends time items lowest prices shop example com use code welcome,promotions,1,low
facebook investment opportunity roi iphone pro logged hrs minutes ago verify bit fakeprize secure account,spam,3,low
member exclusive extra clearance deal ends time items lowest prices shop example com use code welcome,promotions,1,low
forum digest techsupport discussions thread discussion moved general support continue forum com thread,forum,0,low
post moved general discussion database upgrade completed successfully new features new search notifications faq support site ticket,forum,0,low
new featured guide books revised rules effective immediately key changes citation requirements news posts review support site ticket,forum,0,low
last chance black friday july loyal customer get exclusive example com offer code save,promotions,1,low
auto payment failed subscription car rental main pool closed aug maintenance oct midnight assignment confirmed manage booking banking com statements,updates,4,medium
anniversary twitter group book club live streaming join platform com streaming event,social_media,2,low
scheduled maintenance aug pst thank payment applied account receipt company com updates,updates,4,medium
moderator post processed thread discussion started codemaster settings forum com thread,forum,0,low
free dessert membership discover items shop new styles example com code birthday extra,promotions,1,low
new follower mike chen sarah anyone free weekend david count reply platform com messages group,social_media,2,low
safety recall model activated per request learn service com status,updates,4,medium
new event webinar alex great event today emily weather looks great reply social com chats hiking,social_media,2,low
moderator comment processed database upgrade completed successfully new features new search notifications faq forum com thread,forum,0,low
service interruption resolved abc airlines hotel booking new hours effective immediately dec midnight assignment confirmed manage booking banking com statements,updates,4,medium
new feature thread collections curate topic specific threads example collection forum com collections python resources,forum,0,low
delivery rescheduled order monthly statement available view download company com updates action needed payment scheduled,updates,4,medium
event invitation product launch sep see post platform com content video comments thanks sharing disable notifications social com settings,social_media,2,low
ama session tech ceo revised rules effective immediately key changes citation requirements news posts review wiki site page,forum,0,low
live alert webinar behind scenes group book club live streaming join platform com streaming event,social_media,2,high
warning violation home server setup user datawiz report support site ticket,forum,0,high
appointment confirmed oct est items shipped via usps tracking estimated delivery nov track company com updates,updates,4,medium
nearby meetup today see photo platform com content video comments love disable notifications platform com notifications,social_media,2,low
diy solution verified repair method user confirmed leak fix worked thread marked solved diyforum com threads pipe leak,forum,0,medium
linkedin workspace verification code transaction authorization share requested est,verify_code,5,medium
membership status upgraded platinum elite new benefits include complimentary upgrades priority support members site com benefits platinum qualification requirements met loyalty points quarter,updates,4,low
verification code pin required account verification apple,verify_code,5,low
ama session researcher revised rules effective immediately key changes citation requirements news posts review support site ticket,forum,0,low
selected cruise unusual login detected china secure account bit fakeprize account suspended,spam,3,high
ski gear pre season special buy skis get boots skishop com early season code skibundle includes professional tuning kit mountain resort discount card early bird shipping guarantee,promotions,1,low
thread locked reason user pixelartist posted helpful solution view forum com thread,forum,0,low
double rewards points today celebrate entire purchase valid example com code birthday,promotions,1,low
thread archived legacy systems moved historical section access forum com archive legacy thread,forum,0,low
new message lonely heart package delivered tracking update bit fakeprize ignore,spam,3,low
community announcement maintenance updated cookie policy review changes banking com statements effective sep,updates,4,low
new friend request david kim see story platform com content video comments great insight disable notifications social com settings,social_media,2,low
amazon used new device macbook air logged hrs minutes ago verify scam delivery com secure account,spam,3,low
new device approval enter confirm password reset request ignore,verify_code,5,medium
post got new reactions group hiking buddies live streaming join platform com streaming event,social_media,2,low
multi factor authentication required code login attempt financial account requires additional verification enter temporary security code authentication screen within next minutes code replaces standard methods due suspicious location detection unrecognized complete verification prevent temporary account lockout initiate request immediately contact security team reference sec never share code third parties including support personnel,verify_code,5,medium
cooking reply python error user pixelartist thread support site ticket,forum,0,low
forum contest photo contest comment per report details support site ticket,forum,0,low
safety recall model july statement available view download banking com statements action needed payment scheduled,updates,4,medium
appointment reminder eye exam nov est biometric login activated per request learn service com status,updates,4,medium
microsoft investment opportunity roi immediate action required subscription payment failed update payment scam delivery com call support scam,spam,3,medium
warning violation react performance user datawiz thread forum com thread,forum,0,high
apple subscription suspended following facebook application rates dropped apply scam delivery com stop opt,spam,3,high
post featured techtips group photography group live streaming join platform com streaming event,social_media,2,low
github verification pin required password reset facebook,verify_code,5,high
free airpods survey following amazon application rates dropped apply bit fakeprize stop opt,spam,3,low
important phone number changed car rental new hours effective immediately aug est assignment confirmed manage booking service com status,updates,4,medium
important phone number changed items processing via ups tracking estimated delivery sep track banking com statements,updates,4,low
new arrivals holiday decor live favorite items back wait example com use code vip,promotions,1,low
payment received invoice inv items delivered via usps tracking estimated delivery sep track banking com statements,updates,4,medium
data export requested content archive ready forum com users data export,forum,0,medium
verification required password reset enter share number,verify_code,5,high
login alert verification step needed pin required login confirmation facebook,verify_code,5,medium
login code reply code login confirmation share requested est,verify_code,5,medium
event invitation workshop oct friends checked downtown cafe see photos menu platform com locations venue,social_media,2,low
warning violation python coding challenge database upgrade completed successfully new features new search notifications faq forum com thread,forum,0,low
mod application open home gardening user pixelartist posted helpful solution view forum com thread,forum,0,low
answered query technical support revised rules effective immediately key changes citation requirements news posts review wiki site page,forum,0,low
usps package held customs fee required pay usps customs payment xyz trk,spam,3,medium
flash sale clothing deal ends time items lowest prices shop example com use code vip,promotions,1,low
apple withdrawal auth code transaction authorization share requested gmt,verify_code,5,medium
double rewards points week final hours biggest sale example com ends time,promotions,1,low
new thread book club matches alert thread discussion started codemaster settings wiki site page,forum,0,high
urgent claim prize microsoft requires immediate password update click bit fakeprize failure within hrshrs causes lockout,spam,3,high
policy update terms service changes confirm cancel banking com statements email building,updates,4,medium
access code pin required password reset google,verify_code,5,high
poll vote favorite tech tools view profile social com profile john accept reject social com friends pending,social_media,2,low
free dessert hotel stay celebrate entire purchase valid example com code save,promotions,1,low
content challenge day writing start sep prizes forum com challenges day writing,forum,0,low
scheduled maintenance dec est thank payment applied account receipt company com updates,updates,4,medium
space habitat design collaboration mars colony concepts visualization platform spacehabitat design simulation tools,social_media,2,low
nearby tech conference today see article social com posts photo comments great insight disable notifications platform com notifications,social_media,2,low
news groups follow mike anyone free weekend david amazing post reply social com chats hiking,social_media,2,low
early access holiday deals start hello valued member enjoy buy one get one free shop example com expires date,promotions,1,low
anniversary social platform love view social com notifications reply disable social com settings,social_media,2,low
paypal refund notification invoice inv ready view bit fakeprize dispute within hrshrs,spam,3,low
microsoft refund notification unusual login detected romania secure account scam delivery com account suspended,spam,3,low
live alert meetup behind scenes sarah anyone free weekend david weather looks great reply social com chats hiking,social_media,2,high
community announcement schedule change updated terms service review changes company com updates effective dec,updates,4,low
member exclusive free shipping week favorite items back wait example com use code flash,promotions,1,low
john smith liked video article sydney received likes comments see insights social com insights post,social_media,2,low
mod application open home gardening trending techsupport comments view forum com thread,forum,0,low
double rewards points weekend discover items shop new styles example com code birthday extra,promotions,1,low
data usage alert monthly quota service unavailable window updates include security patches performance improvements,updates,4,high
sarah johnson liked story group photography group live streaming join social com live conference,social_media,2,low
new arrivals back school live hello valued member enjoy free shipping week shop example com expires date,promotions,1,low
linkedin authenticator use verification code device samsung galaxy location chicago,verify_code,5,low
two step verification code access code account verification valid,verify_code,5,low
important phone number changed july statement available view download banking com statements action needed payment scheduled,updates,4,medium
live tech conference keynote sarah check emily weather looks great reply social com chats hiking,social_media,2,low
scheduled maintenance aug midnight items delivered via ups tracking estimated delivery sep track company com updates,updates,4,medium
new thread home gardening matches alert post per report details support site ticket,forum,0,high
holiday discount loyal customer get exclusive example com offer code vip,promotions,1,low
paypal subscription suspended following google application rates dropped apply bit fakeprize stop opt,spam,3,high
github withdrawal auth enter confirm new device registration request ignore,verify_code,5,medium
free dessert purchase deal ends time items lowest prices shop example com use code birthday,promotions,1,low
forum maintenance progress earned achievement badge view profile forum com thread,forum,0,low
microsoft password expiration microsoft requires immediate password update click phishing site com failure within hrshrs causes lockout,spam,3,high
webdev reply css alignment report per report details support site ticket,forum,0,low
safety recall model confirm cancel banking com statements email building,updates,4,medium
back school discount loyal customer get exclusive example com offer code welcome,promotions,1,low
verification token token expires est account reactivation,verify_code,5,low
crypto opportunity roi guaranteed samsung galaxy logged hrs minutes ago verify scam delivery com secure account,spam,3,low
anniversary special free shipping week deal ends time items lowest prices shop example com use code welcome,promotions,1,low
popular near workshop story paris received likes comments see insights platform com analytics content,social_media,2,low
nearby meetup today see video platform com content video comments great insight disable notifications social com settings,social_media,2,low
reservation confirmed car rental yesterday network connectivity problem fixed systems operational apologies inconvenience,updates,4,medium
visa overstay penalty notice violation pay penalty uscis fine payment org case visa,spam,3,medium
reservation confirmed restaurant new features dark mode performance boost install banking com statements changelog included,updates,4,medium
new messages hiking buddies chat see article social com posts photo comments inspiring disable notifications platform com notifications,social_media,2,low
ama session nasa engineer thread discussion moved general support continue wiki site page,forum,0,low
suspicious activity google account unusual login detected russia secure account bit fakeprize account suspended,spam,3,high
reservation confirmed restaurant items shipped via fedex tracking estimated delivery nov track service com status,updates,4,medium
computational fluid dynamics benchmark automotive drag reduction models test cases cfd validation org automotive mesh resolution update,forum,0,low
holiday discount favorite items back wait example com use code birthday,promotions,1,low
carbon capture storage site monitoring site pressure logs access carboncapture monitor org injection volume thresholds,updates,4,low
new follower lisa rodriguez grand canyon alex view album platform com memories beach,social_media,2,low
wiki edit approved gaming database upgrade completed successfully new features new search notifications faq support site ticket,forum,0,low
appointment confirmed aug est abc airlines new hours effective immediately nov midnight assignment confirmed manage booking service com status,updates,4,medium
user spotlight member spotlight user webdev posted helpful solution view support site ticket,forum,0,low
post moved career advice revised rules effective immediately key changes citation requirements news posts review support site ticket,forum,0,low
books reply python error trending cooking comments view support site ticket,forum,0,low
google used new device see messaged google view bit fakeprize special offer membership,spam,3,low
policy update cookie policy changes monthly statement available view download banking com statements action needed payment scheduled,updates,4,medium
netflix investment opportunity roi immediate action required subscription payment failed update payment scam delivery com call support fake,spam,3,medium
google refund notification invoice inv ready view bit fakeprize dispute within hrshrs,spam,3,low
warning violation home server setup user techguru comment wiki site page,forum,0,high
urgent claim prize dear winner email annual lottery click bit fakeprize claim hrs expire unsubscribe,spam,3,high
final verification enter complete security setup,verify_code,5,low
free iphone pro survey following apple application rates dropped apply bit fakeprize stop opt,spam,3,low
netflix password expiration invoice inv ready view bit fakeprize dispute within hrshrs,spam,3,medium
account summary august statement ready updated terms service review changes service com status effective nov,updates,4,low
answered query general discussion earned achievement badge view profile forum com thread,forum,0,low
new follower mike chen group update tech enthusiasts posted photo trending startup founders favorite tech tools,social_media,2,low
login alert verification step needed pin required login confirmation github,verify_code,5,medium
john smith liked photo friends checked central perk see photos menu social com places cafe,social_media,2,low
industrial control system code scada access maintenance requires dual verification partner code must entered simultaneously primary badge access logs reported federal compliance database,verify_code,5,low
community announcement maintenance confirm cancel service com status payment due date building,updates,4,medium
identity verification prove ownership,verify_code,5,low
auto payment failed subscription updated terms service review changes company com updates effective aug,updates,4,medium
double rewards points weekend deal ends time items lowest prices shop example com use code welcome,promotions,1,low
warning violation react performance user pixelartist comment support site ticket,forum,0,high
moderation infraction issued thread bumping violation necro posting rules hardware deals thread techforum com rules enforcement penalty day posting suspension automatic content removal applied appeal process outlined,forum,0,low
scheduled maintenance dec midnight hotel booking new hours effective immediately dec est assignment confirmed manage booking service com status,updates,4,medium
free shipping order discover items shop new styles example com code save extra,promotions,1,low
double rewards points sunday favorite items back wait example com use code birthday,promotions,1,low
books reply graphics driver revised rules effective immediately key changes citation requirements news posts review support site ticket,forum,0,low
news groups follow see story social com posts photo comments inspiring disable notifications platform com notifications,social_media,2,low
refund confirmation following microsoft application rates dropped apply scam delivery com stop opt,spam,3,medium
achievement unlocked trusted contributor trending books comments view support site ticket,forum,0,low
new thread home gardening matches alert event starts time prepare wiki site page,forum,0,high
new follower lisa rodriguez see article social com posts photo comments thanks sharing disable notifications platform com notifications,social_media,2,low
security upgrade enabled confirm cancel service com status phone number building,updates,4,medium
anniversary special buy one get one free hello valued member enjoy free shipping week shop example com expires date,promotions,1,low
moderator comment processed database upgrade completed successfully new features new search notifications faq support site ticket,forum,0,low
limited stock back stock discover items shop new styles example com code birthday extra,promotions,1,low
lisa rodriguez liked story beach vacation family view album social com albums vacation,social_media,2,low
live alert meetup behind scenes friends checked tech hub see photos menu platform com locations venue,social_media,2,high
quantum key distribution network expansion zurich geneva link operational qkd specs quantumencryption org network key rotation schedule,updates,4,medium
verification required access code login confirmation valid,verify_code,5,medium
birthday reminder friends today group book club invited rsvp platform com events workshop,social_media,2,low
member exclusive buy one get one free celebrate entire purchase valid example com code birthday,promotions,1,low
wiki edit approved linux user webdev comment support site ticket,forum,0,low
poll vote best summer destination group photography group live streaming join social com live conference,social_media,2,low
mod application open book club database upgrade completed successfully new features new search notifications faq forum com thread,forum,0,low
post moved programming help report per report details support site ticket,forum,0,low
anniversary special free shipping week favorite items back wait example com use code birthday,promotions,1,low
double rewards points sunday hello valued member enjoy extra clearance shop example com expires date,promotions,1,low
subscription tier downgrade processed basic plan month premium features disabled service com plan downgrade data retention policy applies full access historical data maintained days,updates,4,low
confirmation code phone number update valid minutes,verify_code,5,medium
lisa rodriguez liked post friends checked tech hub see photos menu platform com locations venue,social_media,2,low
final notice netflix end following netflix application rates dropped apply scam delivery com stop opt,spam,3,low
apple transfer confirmation pin required login confirmation facebook,verify_code,5,medium
facebook withdrawal auth access code password reset valid,verify_code,5,high
clearance madness beauty products celebrate entire purchase valid example com code vip,promotions,1,low
twitter verification login confirmation enter share number,verify_code,5,medium
clearance madness electronics final hours biggest sale example com ends time,promotions,1,low
new device approval account verification enter share number,verify_code,5,low
paypal subscription suspended amazon requires immediate password update click scam delivery com failure within hrshrs causes lockout,spam,3,high
refer friends get credit hello valued member enjoy extra clearance shop example com expires date,promotions,1,low
live alert webinar behind scenes inspiring view social com events event reply disable platform com notifications,social_media,2,low
refund confirmation apple requires immediate password update click bit fakeprize failure within hrshrs causes lockout,spam,3,medium
scheduled maintenance sep pst yesterday network connectivity problem fixed systems operational apologies inconvenience,updates,4,medium
email binding code access code account verification valid,verify_code,5,low
flash sale beauty products celebrate entire purchase valid example com code welcome,promotions,1,low
delivery problem unusual login detected romania secure account phishing site com account suspended,spam,3,high
anniversary instagram article sydney received likes comments see insights social com insights post,social_media,2,low
refund confirmation following amazon application rates dropped apply phishing site com stop opt,spam,3,medium
legal document signing pin electronically sign contract ctr access legalsigning com enter pin enter unlock document audit trail includes address geolocation,verify_code,5,low
renew facebook subscription following apple application rates dropped apply phishing site com stop opt,spam,3,low
service interruption resolved restaurant updated terms service review changes company com updates effective sep,updates,4,low
refer friends get credit celebrate entire purchase valid example com code save,promotions,1,low
security notice suspicious login blocked thank payment applied account receipt service com status,updates,4,medium
car warranty extension lapse alert vin expires today extend coverage auto protection direct com quote factory recommended,spam,3,high
payment received invoice inv thank payment applied account receipt service com receipts inv,updates,4,medium
early access clearance event start deal ends time items lowest prices shop example com use code welcome,promotions,1,low
mod application open career advice thread discussion started webdev settings support site ticket,forum,0,low
google egift card loyal customers package delivered tracking update bit fakeprize ignore,spam,3,low
news groups follow group update tech enthusiasts posted story trending digital artists favorite tech tools,social_media,2,low
mod application open book club trending linux comments view wiki site page,forum,0,low
watch later recommended video group update book club posted post trending remote workers favorite tech tools,social_media,2,low
amazon subscription suspended immediate action required subscription payment failed update payment bit fakeprize call support fake,spam,3,high
two step verification code access code transaction authorization valid,verify_code,5,low
netflix inquiry see messaged microsoft view scam delivery com special offer membership,spam,3,low
live alert tech conference behind scenes video new york received likes comments see insights platform com analytics content,social_media,2,high
microsoft security alert account frozen dear winner email annual lottery click phishing site com claim hrs expire unsubscribe,spam,3,high
cross border transfer verification international wire transfer bank shanghai requires enhanced authorization enter code within banking portal complete transaction triggers multi factor confirmation including biometric verification receiving institution transaction reference txn security advisory verify recipient details submission,verify_code,5,medium
nearby workshop today college reunion photos view album social com albums vacation,social_media,2,low
auto payment failed subscription updated user agreement review changes service com status effective sep,updates,4,medium
payment received invoice inv thank payment applied account receipt banking com statements,updates,4,medium
memories week group book club invited rsvp social com events meetup,social_media,2,low
live webinar keynote group tech enthusiasts invited rsvp platform com events workshop,social_media,2,low
live alert workshop behind scenes story tokyo received likes comments see insights platform com analytics content,social_media,2,high
office password expiration microsoft requires immediate password update click malicious link biz update failure within hrs causes lockout,spam,3,high
membership upgrade shipped achieved restaurant new hours effective immediately nov est assignment confirmed manage booking banking com statements,updates,4,medium
clearance madness books deal ends time items lowest prices shop example com use code save,promotions,1,low
verification pin use verification code device chrome windows location los angeles,verify_code,5,low
email binding code pin required account verification twitter,verify_code,5,low
sarah johnson mentioned comment group tech enthusiasts invited rsvp social com events meetup,social_media,2,low
new member challenge complete tasks active user badge forum com challenges new member,forum,0,low
new message secret admirer google requires immediate password update click bit fakeprize failure within hrshrs causes lockout,spam,3,high
new reply python coding challenge revised rules effective immediately key changes citation requirements news posts review support site ticket,forum,0,low
crypto opportunity roi guaranteed paypal requires immediate password update click bit fakeprize failure within hrshrs causes lockout,spam,3,high
flash sale electronics hello valued member enjoy extra clearance shop example com expires date,promotions,1,low
event reminder ama industry expert comment per report details support site ticket,forum,0,low
limited stock back popular items favorite items back wait shop com restocked use code restock,promotions,1,low
birthday discount discover items shop new styles example com code welcome extra,promotions,1,low
birthday reminder friends tomorrow photo paris received likes comments see insights social com insights post,social_media,2,low
service interruption resolved hotel booking items shipped via ups tracking estimated delivery oct track service com status,updates,4,low
forum maintenance complete database upgrade completed successfully new features new search notifications faq support site ticket,forum,0,low
new messages tech enthusiasts chat story london received likes comments see insights platform com analytics content,social_media,2,low
anniversary instagram mike great event today emily weather looks great reply social com chats hiking,social_media,2,low
security alert failed login attempts refund processed claim phishing site com complete within hrshrs,spam,3,high
security alert failed login attempts dear winner email annual lottery click scam delivery com claim hrs expire unsubscribe,spam,3,high
new arrivals back school live final hours biggest sale example com ends time,promotions,1,low
secure access number code transaction authorization share requested est,verify_code,5,medium
double rewards points weekend hello valued member enjoy free shipping week shop example com expires date,promotions,1,low
policy update terms service changes yesterday server maintenance fixed systems operational apologies inconvenience,updates,4,low
news lisa rodriguez started new position beach vacation family view album social com albums vacation,social_media,2,low
watch later recommended post group photography group live streaming join social com live conference,social_media,2,low
john smith mentioned comment friends checked downtown cafe see photos menu social com places cafe,social_media,2,low
new message secret admirer following microsoft application rates dropped apply phishing site com stop opt,spam,3,low
marketplace transaction completed buyer confirmed receipt vintage camera lens funds released account marketplace forum com transactions feedback reminder sent parties,forum,0,medium
vip preview holiday deals celebrate entire purchase valid example com code vip,promotions,1,low
backup access use authenticator unavailable,verify_code,5,low
news sarah johnson started new position group update book club posted video trending digital artists favorite tech tools,social_media,2,low
suspicious activity google account refund processed claim phishing site com complete within hrshrs,spam,3,low
security upgrade enabled confirm cancel company com updates payment due date building,updates,4,medium
academic accreditation review visit higher commission site visit required documents heaccreditationportal org review self study due,updates,4,medium
david kim mentioned comment friends checked tech hub see photos menu platform com locations venue,social_media,2,low
friend suggestion colleagues may know people company xyz connect social com friends suggestions,social_media,2,low
free dessert purchase loyal customer get exclusive example com offer code vip,promotions,1,low
google workspace verification code login confirmation share requested est,verify_code,5,medium
new follower lisa rodriguez see photo platform com content video comments great insight disable notifications social com settings,social_media,2,low
post featured traveldiaries alex check emily count reply platform com messages group,social_media,2,low
service outage resolved items cancelled via usps tracking estimated delivery dec track service com status,updates,4,low
david kim mentioned comment love view social com profile user reply disable social com settings,social_media,2,low
new featured guide webdev trending linux comments view support site ticket,forum,0,low
service outage resolved abc airlines main pool closed aug maintenance nov pst assignment confirmed manage booking company com updates,updates,4,medium
google transfer confirmation transaction authorization enter share number,verify_code,5,medium
data usage alert monthly quota monthly statement available view download banking com statements action needed payment scheduled,updates,4,medium
wiki edit approved programming revised rules effective immediately key changes citation requirements news posts review wiki site page,forum,0,low
post got new reactions love view social com notifications reply disable platform com notifications,social_media,2,low
new reply home server setup user datawiz posted helpful solution view support site ticket,forum,0,low
memories week great insight view social com events event reply disable platform com notifications,social_media,2,low
new arrivals fall fashion live celebrate entire purchase valid example com code vip,promotions,1,low
refer friends get credit favorite items back wait example com use code flash,promotions,1,low
birthday discount favorite items back wait example com use code welcome,promotions,1,low
flash sale home decor hello valued member enjoy buy one get one free shop example com expires date,promotions,1,low
payment received invoice inv items processing via ups tracking estimated delivery sep track service com status,updates,4,medium
books reply graphics driver revised rules effective immediately key changes citation requirements news posts review forum com thread,forum,0,low
microsoft inquiry apple requires immediate password update click scam delivery com failure within hrshrs causes lockout,spam,3,high
github workspace verification access code password reset valid,verify_code,5,high
last chance black friday july favorite items back wait example com use code vip,promotions,1,low
membership upgrade delivered achieved thank payment applied account receipt company com updates,updates,4,medium
free shipping hotel stay loyal customer get exclusive example com offer code save,promotions,1,low
google investment opportunity roi immediate action required subscription payment failed update payment phishing site com call support fake,spam,3,medium
event recap virtual meetup recording watch session cloud security forum com events cloud meetup recording,forum,0,low
new thread career advice matches alert trending programming comments view wiki site page,forum,0,high
achievement unlocked reputation thread discussion started datawiz settings support site ticket,forum,0,low
login code reply password reset enter share number,verify_code,5,high
wiki edit approved gaming post per report details forum com thread,forum,0,low
facebook password expiration see messaged facebook view bit fakeprize special offer membership,spam,3,low
crypto opportunity roi guaranteed facebook requires immediate password update click phishing site com failure within hrshrs causes lockout,spam,3,high
free ipad survey invoice inv ready view phishing site com dispute within hrshrs,spam,3,medium
anniversary special buy one get one free loyal customer get exclusive example com offer code vip,promotions,1,low
payment processing confirmation invoice inv received payment services rendered october transaction details cleared via ach transfer reference pay processed gmt download detailed receipt accountingportal com receipts invoice inv payment applied outstanding balance account current tax documentation available documents section expense reporting use departmental code exp payment disputes must filed within business days via billing dispute portal,updates,4,medium
new message match dear winner email annual lottery click phishing site com claim hrs expire unsubscribe,spam,3,low
user spotlight member spotlight thread per report details wiki site page,forum,0,low
last chance end season sale loyal customer get exclusive example com offer code flash,promotions,1,low
verification code enter confirm payment confirmation request ignore,verify_code,5,medium
ama reminder spacex engineer submit questions spaceforum com threads spacex ama,forum,0,low
new follower mike chen see post platform com content video comments great insight disable notifications social com settings,social_media,2,low
google password expiration dear winner email annual lottery click phishing site com claim hrs expire unsubscribe,spam,3,high
delivery problem facebook requires immediate password update click bit fakeprize failure within hrshrs causes lockout,spam,3,high
limited stock final clearance loyal customer get exclusive example com offer code save,promotions,1,low
last chance black friday july favorite items back wait example com use code birthday,promotions,1,low
google refund notification unusual login detected nigeria secure account scam delivery com account suspended,spam,3,low
post report update action taken report spam post resulted ban details forum com mod report,forum,0,low
hour sale free shipping week deal ends time items lowest prices shop example com use code flash,promotions,1,low
new message match following paypal application rates dropped apply phishing site com stop opt,spam,3,low
facebook transfer confirmation login confirmation enter share number,verify_code,5,medium
suspicious activity facebook account immediate action required subscription payment failed update payment scam delivery com call support scam,spam,3,medium
new featured guide webdev user techguru posted helpful solution view forum com thread,forum,0,low
amazon security alert account frozen package delivered tracking update bit fakeprize ignore,spam,3,high
paypal security alert account frozen see messaged paypal view phishing site com special offer membership,spam,3,low
new thread book club matches alert report per report details forum com thread,forum,0,high
service upgrade new features added enjoy enhanced search dark mode release notes platform com changelog action required,updates,4,high
anniversary social platform group book club live streaming join platform com streaming event,social_media,2,low
community announcement maintenance monthly statement available view download banking com statements action needed payment scheduled,updates,4,medium
software update available july statement available view download banking com statements action needed payment scheduled,updates,4,medium
final notice microsoft end following netflix application rates dropped apply scam delivery com stop opt,spam,3,low
gmail storage exceeded receive new emails upgrade google storage upgrade email cost,spam,3,low
microsoft password expiration package delivered tracking update phishing site com ignore,spam,3,high
hour sale buy one get one free deal ends time items lowest prices shop example com use code birthday,promotions,1,low
data usage alert monthly quota new features dark mode performance boost install company com updates changelog included,updates,4,high
login alert verification step needed enter verify payment confirmation session auto cancel invalid attempts,verify_code,5,medium
new messages tech enthusiasts chat sarah great event today david weather looks great reply platform com messages group,social_media,2,low
holiday discount discover items shop new styles example com code birthday extra,promotions,1,low
mod application open home gardening user webdev posted helpful solution view support site ticket,forum,0,low
payroll advance available request pre payday terms hrportal com payroll advance,updates,4,medium
suspicious activity facebook account following microsoft application rates dropped apply phishing site com stop opt,spam,3,low
cooking reply slow boot issue revised rules effective immediately key changes citation requirements news posts review support site ticket,forum,0,low
membership upgrade cancelled achieved restaurant new hours effective immediately oct gmt assignment confirmed manage booking banking com statements,updates,4,medium
verification pin access code password reset valid,verify_code,5,high
new messages book club chat group tech enthusiasts live streaming join social com live conference,social_media,2,low
forum digest photography discussions thread discussion moved general support continue forum com thread,forum,0,low
sim swap alert new device activated confirm att sim swap verify tel imei,spam,3,medium
service outage resolved confirm cancel company com updates payment due date building,updates,4,medium
apple inquiry immediate action required subscription payment failed update payment scam delivery com call support,spam,3,medium
memories week see post social com posts photo comments inspiring disable notifications platform com notifications,social_media,2,low
identity confirmation use verification code device samsung galaxy location chicago,verify_code,5,medium
selected maldives trip following amazon application rates dropped apply scam delivery com stop opt,spam,3,low
inheritance claim late relative unusual login detected romania secure account bit fakeprize account suspended,spam,3,high
post got new reactions friends checked tech hub see photos menu platform com locations venue,social_media,2,low
linkedin authenticator pin required password reset facebook,verify_code,5,high
amazon used new device refund processed claim bit fakeprize complete within hrshrs,spam,3,low
microsoft verification access code password reset valid,verify_code,5,high
new featured guide books thread discussion started datawiz settings wiki site page,forum,0,low
service interruption resolved restaurant yesterday payment processing issue fixed systems operational apologies inconvenience,updates,4,medium
birthday reminder friends today group tech enthusiasts live streaming join social com live conference,social_media,2,low
achievement unlocked community star thread per report details wiki site page,forum,0,low
memories week friends checked downtown cafe see photos menu platform com locations venue,social_media,2,low
irs tax notice underpayment penalty dispute irs dispute center tax ref irs,spam,3,medium
membership upgrade cancelled achieved august statement available view download company com updates action needed payment scheduled,updates,4,medium
new thread book club matches alert thread discussion moved general support continue forum com thread,forum,0,high
new messages photography group chat see story social com posts photo comments inspiring disable notifications platform com notifications,social_media,2,low
important flight change notification flight due operational adjustments united airlines flight august rescheduled new departure time gate seat automatically upgraded premium economy review updated itinerary details baggage policies united com manage booking compensation options available including travel voucher free rebooking please confirm acceptance changes hours departure contact support connecting flight assistance,updates,4,medium
suspicious activity microsoft account following microsoft application rates dropped apply scam delivery com stop opt,spam,3,low
apple authenticator code account verification share requested est,verify_code,5,medium
thread locked reason event starts time prepare wiki site page,forum,0,low
free ipad survey immediate action required subscription payment failed update payment scam delivery com call support,spam,3,medium
memories week sarah great event today david weather looks great reply platform com messages group,social_media,2,low
invoice available package delivered tracking update phishing site com ignore,spam,3,medium
member exclusive free shipping week favorite items back wait example com use code welcome,promotions,1,low
live product launch keynote great insight view social com notifications reply disable platform com notifications,social_media,2,low
step recovery bypass lost authenticator one time use,verify_code,5,low
nearby product launch today friends checked central perk see photos menu social com places cafe,social_media,2,low
sitewide cleanup inactive threads archived threads moved archive search preserved forum com archive,forum,0,low
payment overdue notice microsoft requires immediate password update click scam delivery com failure within hrshrs causes lockout,spam,3,medium
private jet charter fee default unpaid flight settle aviation billing collectors org lien assets,spam,3,low
flash sale beauty products deal ends time items lowest prices shop example com use code flash,promotions,1,low
event reminder workshop user webdev posted helpful solution view wiki site page,forum,0,low
anniversary instagram friends checked tech hub see photos menu platform com locations venue,social_media,2,low
google investment opportunity roi immediate action required subscription payment failed update payment scam delivery com call support scam,spam,3,medium
news david kim started new position mike great event today david weather looks great reply social com chats hiking,social_media,2,low
new messages tech enthusiasts chat group update hiking buddies posted post trending startup founders weekend plans,social_media,2,low
free shipping order celebrate entire purchase valid example com code save,promotions,1,low
double rewards points weekend discover items shop new styles example com code save extra,promotions,1,low
new feature available expense reports submit business expenses directly launch guide help app com expenses,updates,4,low
quantum network node authentication quantum key distribution channel qnet access physical location restricted quantum node setup org,verify_code,5,low
appointment confirmed nov est yesterday payment processing issue fixed systems operational apologies inconvenience,updates,4,medium
stand comedy writing workshop humor algorithm development join computationalhumor lab punchline structure,social_media,2,low
community announcement pool closure september statement available view download company com updates action needed payment scheduled,updates,4,medium
community announcement new policy yesterday network connectivity problem fixed systems operational apologies inconvenience,updates,4,low
critical climate modeling data revision ipcc preliminary colleagues intergovernmental panel climate change ipcc technical support unit announces significant revisions cmip modeling outputs requiring immediate action contributing institutions oceanic heat content correction new bathymetry dataset increases atlantic meridional overturning circulation sensitivity required run rcp scenario submissions using hadgem deadline october permafrost carbon feedback update revised emissions factor per gram thawed carbon prev affects land surface models incorporating permafrost modules action upload recalibrated emissions projections via portal section extreme weather attribution methodology new protocol fraction attributable risk far calculation requires bayesian hierarchical modeling implementation guide ipcc data org far calculation pdf data submission portal changes new upload authentication two factor verification mandatory maximum dataset size increased compressed checksum algorithm upgraded sha consequential adjustments milestones draft summary policymakers delayed feb expert review period rescheduled jan mar final approval plenary nov previously july urgent actions required confirm receipt click acknowledgement button portal download revised template package ipcc data org cmip rev zip critical path tasks reassignment attached gantt chart update fate evidence based climate policy depends scientific rigor ensure institution meets obligations attachment cmip revision notice pdf revised schedule pdf,updates,4,medium
linkedin verification security code enter sign page expires minutes contact support,verify_code,5,low
anniversary special free shipping week loyal customer get exclusive example com offer code birthday,promotions,1,low
limited stock back stock loyal customer get exclusive example com offer code flash,promotions,1,low
news mike chen started new position great insight view social com profile user reply disable platform com notifications,social_media,2,low
autonomous road train conductor token truck platooning control transfer road train confirm autotrucking command security perimeter,verify_code,5,medium
security upgrade biometric login enabled monthly statement available view download service com status action needed payment scheduled,updates,4,medium
anniversary discount celebrate entire purchase valid example com code welcome,promotions,1,low
new messages photography group chat love view social com events event reply disable social com settings,social_media,2,low
lisa rodriguez mentioned comment sarah anyone free weekend david weather looks great reply platform com messages group,social_media,2,low
renew amazon subscription immediate action required subscription payment failed update payment phishing site com call support scam,spam,3,medium
news groups follow grand canyon alex view album platform com memories beach,social_media,2,low
amazon security alert account frozen ipad pro logged hrs minutes ago verify phishing site com secure account,spam,3,high
live alert tech conference behind scenes view profile social com profile john accept reject platform com requests,social_media,2,medium
account summary september statement ready password encryption activated per request learn banking com statements,updates,4,medium
new friend request david kim thanks sharing view social com notifications reply disable platform com notifications,social_media,2,low
special offer hello valued member enjoy buy one get one free shop example com expires date,promotions,1,low
post performance impressions article leadership reached new audiences insights social com analytics post,social_media,2,low
github authenticator use verification code device iphone pro location seattle,verify_code,5,low
birthday discount loyal customer get exclusive example com offer code welcome,promotions,1,low
last chance black friday july discover items shop new styles example com code save extra,promotions,1,low
auto payment failed subscription thank payment applied account receipt service com status,updates,4,medium
order cancelled biometric login activated per request learn banking com statements,updates,4,medium
final notice amazon end google requires immediate password update click phishing site com failure within hrshrs causes lockout,spam,3,high
delivery rescheduled order items processing via usps tracking estimated delivery nov track service com status,updates,4,medium
live webinar keynote group photography group live streaming join platform com streaming event,social_media,2,low
linux reply css alignment trending cooking comments view wiki site page,forum,0,low
new reply python coding challenge trending programming comments view forum com thread,forum,0,low
scheduled maintenance oct gmt updated privacy policy review changes company com updates effective oct,updates,4,medium
secure access temporary access code maintenance portal expires min,verify_code,5,low
new reply home server setup post per report details support site ticket,forum,0,low
one time pin enter zelle transfer confirmation device iphone pro location miami,verify_code,5,medium
new reply react performance user datawiz report forum com thread,forum,0,low
live workshop keynote view profile platform com users sarah accept reject social com friends pending,social_media,2,low
warning violation python coding challenge user pixelartist posted helpful solution view wiki site page,forum,0,high
wiki edit approved programming thread per report details support site ticket,forum,0,low
policy update privacy policy changes monthly statement available view download banking com statements action needed payment scheduled,updates,4,medium
event invitation meetup sep mike check emily weather looks great reply social com chats hiking,social_media,2,low
early access holiday deals start deal ends time items lowest prices shop example com use code welcome,promotions,1,low
nearby workshop today see video social com posts photo comments great insight disable notifications social com settings,social_media,2,low
watch later recommended article great insight view social com events event reply disable social com settings,social_media,2,low
user spotlight member spotlight user techguru thread support site ticket,forum,0,low
anniversary special extra clearance final hours biggest sale example com ends time,promotions,1,low
crypto tax software pre season sale account exchanges early access cointaxes pre season special irs reporting module,promotions,1,low
watch later recommended post story tokyo received likes comments see insights platform com analytics content,social_media,2,low
lisa rodriguez mentioned comment view profile platform com users sarah accept reject platform com requests,social_media,2,medium
membership upgrade cancelled achieved thank payment applied account receipt banking com statements,updates,4,medium
new friend request mike chen sarah check emily weather looks great reply social com chats hiking,social_media,2,medium
anniversary linkedin group update tech enthusiasts posted story trending startup founders favorite tech tools,social_media,2,low
final notice netflix end refund processed claim bit fakeprize complete within hrshrs,spam,3,low
watch later recommended post group tech enthusiasts invited rsvp platform com events workshop,social_media,2,low
moderator post processed user webdev posted helpful solution view support site ticket,forum,0,low
double rewards points today celebrate entire purchase valid example com code vip,promotions,1,low
new reply database optimization thread discussion started webdev settings wiki site page,forum,0,low
cloud seeding operation activation weather modification authorization atmos seed radar parameters weathercontrol operations portal downlink,verify_code,5,low
missed delivery confirmation immediate action required subscription payment failed update payment bit fakeprize call support fake,spam,3,medium
last chance end season sale celebrate entire purchase valid example com code save,promotions,1,low
suspicious activity amazon account see messaged apple view scam delivery com special offer membership,spam,3,low
moderator report processed event starts time prepare support site ticket,forum,0,low
delivery rescheduled order items delivered via dhl tracking estimated delivery oct track service com status,updates,4,medium
service outage resolved updated terms service review changes banking com statements effective nov,updates,4,low
new message match following netflix application rates dropped apply bit fakeprize stop opt,spam,3,low
community announcement maintenance yesterday network connectivity problem fixed systems operational apologies inconvenience,updates,4,low
policy update cookie policy changes car rental new hours effective immediately oct pst assignment confirmed manage booking company com updates,updates,4,medium
two step verification code pin required password reset twitter,verify_code,5,high
email binding code use verification code device samsung galaxy location new york,verify_code,5,low
missed delivery confirmation immediate action required subscription payment failed update payment scam delivery com call support scam,spam,3,medium
security upgrade password encryption enabled restaurant main pool closed aug maintenance sep pst assignment confirmed manage booking banking com statements,updates,4,medium
software update available yesterday network connectivity problem fixed systems operational apologies inconvenience,updates,4,low
membership upgrade processing achieved august statement available view download service com status action needed payment scheduled,updates,4,medium
post moved technical support thread discussion moved general support continue forum com thread,forum,0,low
vip preview summer sale celebrate entire purchase valid example com code vip,promotions,1,low
free dessert membership deal ends time items lowest prices shop example com use code welcome,promotions,1,low
birthday reminder friends next week group update book club posted post trending remote workers best summer destination,social_media,2,low
live meetup keynote group book club live streaming join social com live conference,social_media,2,low
temporary security pass use verification code device chrome windows location los angeles,verify_code,5,low
new reply database optimization post per report details forum com thread,forum,0,low
selected cruise google requires immediate password update click scam delivery com failure within hrshrs causes lockout,spam,3,high
watch later recommended video friends checked central perk see photos menu platform com locations venue,social_media,2,low
email binding code code transaction authorization share requested gmt,verify_code,5,medium
new featured guide webdev revised rules effective immediately key changes citation requirements news posts review wiki site page,forum,0,low
forum digest photography discussions event starts time prepare forum com thread,forum,0,low
new thread technical support matches alert trending photography comments view wiki site page,forum,0,high
new featured guide gaming event starts time prepare wiki site page,forum,0,low
post moved career advice user pixelartist posted helpful solution view wiki site page,forum,0,low
forum contest photo contest revised rules effective immediately key changes citation requirements news posts review forum com thread,forum,0,low
new friend request mike chen friends checked tech hub see photos menu social com places cafe,social_media,2,medium
memories week view profile social com profile john accept reject social com friends pending,social_media,2,low
watch later recommended article see post platform com content video comments inspiring disable notifications social com settings,social_media,2,low
netflix used new device facebook requires immediate password update click phishing site com failure within hrshrs causes lockout,spam,3,high
amazon inquiry samsung galaxy logged hrs minutes ago verify bit fakeprize secure account,spam,3,low
important phone number changed thank payment applied account receipt banking com statements,updates,4,medium
free shipping membership celebrate entire purchase valid example com code flash,promotions,1,low
new friend request david kim group hiking buddies invited rsvp platform com events workshop,social_media,2,medium
new follower industry marketing director competitor inc connect social com profile follower,social_media,2,low
popular near workshop story tokyo received likes comments see insights social com insights post,social_media,2,low
verification code code login confirmation share requested est,verify_code,5,medium
data usage alert monthly quota items cancelled via ups tracking estimated delivery sep track company com updates,updates,4,high
limited stock limited edition celebrate entire purchase valid example com code welcome,promotions,1,low
virtual event digital marketing workshop hour intensive workshop sep expert panel includes google ads lead rsvp social com events marketing workshop premium members receive workbook download,social_media,2,low
apple verification access code login confirmation valid,verify_code,5,medium
fitness bundle mat straps value free membership gym com new member kit,promotions,1,low
new follower industry expert cto techcorp connect social com profile cto profile,social_media,2,low
two factor authentication method changed using authenticator app revert securityportal com settings,updates,4,low
post moved career advice comment per report details support site ticket,forum,0,low
policy update terms service changes confirm cancel company com updates address building,updates,4,medium
moderation notice community guidelines update user codemaster report forum com thread,forum,0,low
safety recall model restaurant main pool closed aug maintenance nov midnight assignment confirmed manage booking service com status,updates,4,medium
answered query programming help event starts time prepare wiki site page,forum,0,low
nearby tech conference today inspiring view social com notifications reply disable platform com notifications,social_media,2,low
linkedin withdrawal auth enter confirm new device registration request ignore,verify_code,5,medium
clearance madness tools final hours biggest sale example com ends time,promotions,1,low
forum digest top discussions week trending best vpn comments home lab setup guide comments view forum com weekly digest,forum,0,low
free shipping purchase discover items shop new styles example com code welcome extra,promotions,1,low
new message match macbook air logged hrs minutes ago verify phishing site com secure account,spam,3,low
new arrivals fall fashion live discover items shop new styles example com code save extra,promotions,1,low
fbi tax refund approval following google application rates dropped apply bit fakeprize stop opt,spam,3,low
refer friends get credit share unique link brand com ref abc friend first order get credit,promotions,1,low
event invitation meetup oct friends checked tech hub see photos menu platform com locations venue,social_media,2,low
books reply graphics driver user datawiz posted helpful solution view forum com thread,forum,0,low
auto payment failed subscription hotel booking new hours effective immediately dec est assignment confirmed manage booking banking com statements,updates,4,medium
slack workspace verification confirm tech team workspace join request code wxp qlk enter workspace join screen,verify_code,5,medium
final notice google end immediate action required subscription payment failed update payment phishing site com call support fake,spam,3,medium
cooking reply python error user datawiz report support site ticket,forum,0,low
moderator report processed thread discussion started webdev settings support site ticket,forum,0,low
david kim liked story group update book club posted photo trending digital artists weekend plans,social_media,2,low
vip access private sale event invitation luxury brands shop luxurydeals com vip event password vipaccess,promotions,1,low
payment overdue notice package delivered tracking update scam delivery com ignore,spam,3,medium
policy update cookie policy changes yesterday network connectivity problem fixed systems operational apologies inconvenience,updates,4,low
forum maintenance scheduled trending cooking comments view support site ticket,forum,0,medium
popular near tech conference sarah check lisa amazing post reply platform com messages group,social_media,2,low
reservation confirmed restaurant august statement available view download company com updates action needed payment scheduled,updates,4,medium
new reply react performance user datawiz posted helpful solution view forum com thread,forum,0,low
appointment reminder eye exam dec midnight confirm cancel company com updates address building,updates,4,medium
linkedin verification enter confirm payment confirmation request ignore,verify_code,5,medium
coffee festival deal buy get free bags coffeeroaster com festival code coffeebogo,promotions,1,low
microsoft verification enter confirm new device registration request ignore,verify_code,5,medium
dark web architecture mapping onion service topology analysis secure tor network research org data anonymization guide,forum,0,low
netflix inquiry ipad pro logged hrs minutes ago verify scam delivery com secure account,spam,3,low
new reply react performance event starts time prepare wiki site page,forum,0,low
data usage alert monthly quota confirm cancel service com status email building,updates,4,medium
memories week article new york received likes comments see insights platform com analytics content,social_media,2,low
apple verification security code enter sign page expires minutes contact support,verify_code,5,low
login code reply enter confirm password reset request ignore,verify_code,5,medium
github withdrawal auth access code login confirmation valid,verify_code,5,medium
forum digest webdev discussions trending linux comments view wiki site page,forum,0,low
autonomous vehicle remote access pin service technician override pin omit dash certified mechanics logs maintained,verify_code,5,low
security notice suspicious login blocked items delivered via ups tracking estimated delivery sep track company com updates,updates,4,high
clearance madness clothing discover items shop new styles example com code save extra,promotions,1,low
new reply python coding challenge user datawiz posted helpful solution view wiki site page,forum,0,low
popular near meetup see video social com posts photo comments great insight disable notifications social com settings,social_media,2,low
missed delivery confirmation invoice inv ready view bit fakeprize dispute within hrshrs,spam,3,medium
popular near workshop group hiking buddies invited rsvp social com events meetup,social_media,2,low
new friend request john smith group update hiking buddies posted video trending digital artists best summer destination,social_media,2,medium
event invitation meetup aug friends checked downtown cafe see photos menu social com places cafe,social_media,2,low
renew amazon subscription invoice inv ready view phishing site com dispute within hrshrs,spam,3,medium
temporary security pass use verification code device iphone pro location los angeles,verify_code,5,low
account summary monthly statement ready monthly statement available view download company com updates action needed payment scheduled,updates,4,medium
warning violation database optimization earned achievement badge view profile support site ticket,forum,0,high
spacex starlink authentication terminal setup code case sensitive enter starlink com setup expires terminal power,verify_code,5,low
lisa rodriguez mentioned comment mike great event today emily count reply platform com messages group,social_media,2,low
birthday reminder friends week group photography group live streaming join social com live conference,social_media,2,low
direct deposit activated payroll deposits enabled first deposit expected aug banking com direct deposit,updates,4,low
google authenticator code transaction authorization share requested gmt,verify_code,5,medium
john smith mentioned comment inspiring view social com profile user reply disable platform com notifications,social_media,2,low
early access summer sale start final hours biggest sale example com ends time,promotions,1,low
paypal egift card loyal customers dear winner email annual lottery click scam delivery com claim hrs expire unsubscribe,spam,3,low
early access clearance event start loyal customer get exclusive example com offer code save,promotions,1,low
email binding code code transaction authorization share requested est,verify_code,5,medium
forum digest webdev discussions user techguru posted helpful solution view wiki site page,forum,0,low
tax refund approved direct deposit ready submit banking info irs refund direct tax ref irs,spam,3,low
apple refund notification unusual login detected nigeria secure account bit fakeprize account suspended,spam,3,low
safety recall model hotel booking new hours effective immediately aug midnight assignment confirmed manage booking banking com statements,updates,4,medium
security notice suspicious login blocked updated terms service review changes company com updates effective sep,updates,4,high
appointment confirmed nov gmt service unavailable window updates include bug fixes new features,updates,4,medium
new arrivals back school live celebrate entire purchase valid example com code vip,promotions,1,low
service interruption resolved hotel booking confirm cancel company com updates address building,updates,4,medium
auto payment failed subscription biometric login activated per request learn banking com statements,updates,4,medium
github verification enter verify password reset session auto cancel invalid attempts,verify_code,5,high
new messages photography group chat view profile social com profile john accept reject platform com requests,social_media,2,medium
refer friends get credit loyal customer get exclusive example com offer code vip,promotions,1,low
community announcement maintenance items processing via dhl tracking estimated delivery dec track company com updates,updates,4,low
limited stock final clearance final hours biggest sale example com ends time,promotions,1,low
delivery problem see messaged netflix view phishing site com special offer membership,spam,3,low
new arrivals fall fashion live deal ends time items lowest prices shop example com use code vip,promotions,1,low
appointment confirmed dec gmt items shipped via dhl tracking estimated delivery sep track company com updates,updates,4,medium
early access holiday deals start discover items shop new styles example com code vip extra,promotions,1,low
zero chocolate tasting flight parabolic flight experience artisanal chocolates zerogravitycuisine com oct departure,promotions,1,low
lisa rodriguez liked video group hiking buddies live streaming join social com live conference,social_media,2,low
event tomorrow networking mixer tech professionals nyc going social com events tech mixer guests,social_media,2,low
arctic sea ice thickness data correction icesat level revision download nsidc org data icesat critical research implications,updates,4,high
limited stock limited edition hello valued member enjoy free shipping week shop example com expires date,promotions,1,low
microsoft investment opportunity roi google requires immediate password update click scam delivery com failure within hrshrs causes lockout,spam,3,high
forum digest books discussions revised rules effective immediately key changes citation requirements news posts review support site ticket,forum,0,low
moderator post processed report per report details forum com thread,forum,0,low
new event webinar love view social com profile user reply disable platform com notifications,social_media,2,low
github withdrawal auth use verification code device safari macos location new york,verify_code,5,low
security notice suspicious login blocked confirm cancel banking com statements address building,updates,4,medium
new follower david kim view profile social com profile john accept reject social com friends pending,social_media,2,low
user spotlight member spotlight trending linux comments view forum com thread,forum,0,low
live workshop keynote group photography group invited rsvp platform com events workshop,social_media,2,low
data usage alert monthly quota updated cookie policy review changes company com updates effective oct,updates,4,high
gaming reply slow boot issue thread per report details wiki site page,forum,0,low
poll vote favorite tech tools group update tech enthusiasts posted video trending startup founders favorite tech tools,social_media,2,low
clearance madness clothing deal ends time items lowest prices shop example com use code vip,promotions,1,low
email binding code transaction authorization enter share number,verify_code,5,low
forum digest books discussions thread discussion moved general support continue wiki site page,forum,0,low
temporary pin code password reset share requested gmt,verify_code,5,high
crypto opportunity roi guaranteed refund processed claim bit fakeprize complete within hrshrs,spam,3,low
early access holiday deals start celebrate entire purchase valid example com code vip,promotions,1,low
account summary august statement ready new features security updates install company com updates changelog included,updates,4,low
moderator report processed event starts time prepare wiki site page,forum,0,low
back school essentials sale laptops bags supplies shop campusstore com back school,promotions,1,low
inheritance claim late relative paypal requires immediate password update click scam delivery com failure within hrshrs causes lockout,spam,3,high
vip preview clearance event discover items shop new styles example com code vip extra,promotions,1,low
app exclusive free shipping mobile orders download app brand com app download,promotions,1,low
identity confirmation use verification code device iphone pro location los angeles,verify_code,5,medium
coinbase asset freeze notice regulatory compliance check required verify holdings coinbase compliance verify crypto wallet btc trading suspended pending kyc documentation submission unusual withdrawal patterns detected,spam,3,high
post moved technical support revised rules effective immediately key changes citation requirements news posts review forum com thread,forum,0,low
birthday reminder friends next week group update book club posted story trending startup founders weekend plans,social_media,2,low
invoice available invoice inv ready view bit fakeprize dispute within hrshrs,spam,3,medium
software update available items delivered via ups tracking estimated delivery oct track service com status,updates,4,low
new featured guide techsupport thread discussion started codemaster settings support site ticket,forum,0,low
new device approval pin required transaction authorization twitter,verify_code,5,low
wiki edit approved techsupport trending techsupport comments view support site ticket,forum,0,low
subscription modification confirmation request upgrade business pro plan processed new features include unlimited collaborators advanced analytics priority support billing changes take effect immediately prorated adjustment review feature guide service com pro features ref sub payment receipt updated service agreement attached,updates,4,medium
iso certification audit scheduled auditor visit prepare documentation iso compliance com audit prep checklist contact,updates,4,medium
apple withdrawal auth transaction authorization enter share number,verify_code,5,low
temporary security pass login confirmation enter share number,verify_code,5,medium
linux reply python error revised rules effective immediately key changes citation requirements news posts review support site ticket,forum,0,low
appointment reminder dentist sep midnight service unavailable window updates include bug fixes new features,updates,4,medium
amazon seller account suspension policy violation asin appeal seller performance appeal amazon proxy com deadline hrs,spam,3,low
anniversary social platform group hiking buddies live streaming join platform com streaming event,social_media,2,low
identity confirmation use verification code device samsung galaxy location los angeles,verify_code,5,medium
direct message job interview request recruiter techglobal sent interview invitation social com messages job interview calendar integration available schedule directly company profile shows rating,social_media,2,medium
moderation notice community guidelines update thread per report details forum com thread,forum,0,low
post featured foodchallenge post paris received likes comments see insights social com insights post,social_media,2,low
post featured traveldiaries group tech enthusiasts invited rsvp platform com events workshop,social_media,2,low
news sarah johnson started new position article paris received likes comments see insights social com insights post,social_media,2,low
birthday reminder friends next week love view social com profile user reply disable platform com notifications,social_media,2,low
account summary august statement ready items processing via ups tracking estimated delivery nov track banking com statements,updates,4,low
account recovery options updated new security questions added trusted devices registered review settings securitycenter com recovery settings confirmation email sent recent changes initiated chicago,updates,4,medium
two step verification code pin required transaction authorization apple,verify_code,5,low
limited stock limited edition discover items shop new styles example com code save extra,promotions,1,low
secure access number login confirmation enter share number,verify_code,5,medium
mod application open home gardening event starts time prepare wiki site page,forum,0,low
appointment reminder eye exam oct midnight confirm cancel service com status address building,updates,4,medium
programming reply css alignment thread discussion started datawiz settings support site ticket,forum,0,low
selected luxury vacation dear winner email annual lottery click scam delivery com claim hrs expire unsubscribe,spam,3,low
forum contest photo contest revised rules effective immediately key changes citation requirements news posts review support site ticket,forum,0,low
flash sale electronics final hours biggest sale example com ends time,promotions,1,low
forum digest programming discussions thread discussion started webdev settings wiki site page,forum,0,low
urgent claim prize see messaged microsoft view bit fakeprize special offer membership,spam,3,low
early access summer sale start hello valued member enjoy buy one get one free shop example com expires date,promotions,1,low
refer friends get credit deal ends time items lowest prices shop example com use code welcome,promotions,1,low
service outage resolved items shipped via dhl tracking estimated delivery oct track service com status,updates,4,low
digital fashion nft rental system launch lease designer digital wearables platform metawardrobe digital first month free promo,social_media,2,low
forum maintenance progress user codemaster report forum com thread,forum,0,low
gaming reply database query thread discussion started pixelartist settings forum com thread,forum,0,low
temporary pin pin required account verification apple,verify_code,5,low
order shipped updated user agreement review changes banking com statements effective nov,updates,4,low
forum maintenance scheduled trending programming comments view wiki site page,forum,0,medium
back campus tech bundle laptop tablet accessories package campustech com bundle deal includes dell inspiron samsung galaxy tab protective gear extended year warranty included free student verification required,promotions,1,low
data usage alert monthly quota updated privacy policy review changes company com updates effective sep,updates,4,high
hour sale buy one get one free deal ends time items lowest prices shop example com use code welcome,promotions,1,low
clearance madness electronics discover items shop new styles example com code vip extra,promotions,1,low
reservation confirmed abc airlines activated per request learn banking com statements,updates,4,medium
clearance madness beauty products deal ends time items lowest prices shop example com use code save,promotions,1,low
fcc spectrum auction result mhz block ghz band license docs fcc licensing gov auctionresult payment due,updates,4,medium
